zaman_damgasi,senaryo,puan,mesafe_px,reaksiyon_sn,yontem
2026-09-19 16:32:01,1. Sabit Mesafe Poligonu,0,59.41,1.349,PARMAK
2026-09-19 16:40:52,Yüzbaşı Burak,1. Sabit Mesafe Poligonu,0,193.31,0.026,MOUSE/TIK
2026-09-19 16:50:24,Atıcı 1,KAGIT_Halka Hede,10,15,0.39,MOUSE
2026-09-19 16:50:24,Atıcı 1,KAGIT_Halka Hede,10,15,0.4,MOUSE
2026-09-19 16:50:24,Atıcı 1,KAGIT_Rehineli T,-50,15,0.0,MOUSE
2026-09-19 16:50:24,Atıcı 1,KAGIT_Rehineli T,10,15,0.01,MOUSE
2026-09-19 17:10:08,Murat Kaya,1. Sabit Mesafe Poligonu,0,123.69,0.004,MOUSE/TIK
2026-09-19 17:10:08,Murat Kaya,KAGIT_Halka Hede,10,15,0.4,MOUSE
2026-09-19 17:42:14,Atıcı 1,5. Çoklu Hedef (Seri Atış),75,0.0,0.0,MOUSE/TIK
2026-09-19 17:42:14,Atıcı 1,6. Düşen Çelik Plakalar (Plate Rack),100,0.0,0.0,MOUSE/TIK
2026-09-19 17:42:14,Atıcı 1,7. Gece Görüş & Taktik Fener,150,0.0,0.002,MOUSE/TIK
2026-09-19 17:42:14,Atıcı 1,8. Özel Poligon Senaryosu,100,0.0,0.0,MOUSE/TIK
2026-09-19 17:48:01,Atıcı 1,5. Çoklu Hedef (Seri Atış),75,0.0,0.002,MOUSE/TIK
2026-09-19 17:48:01,Atıcı 1,6. Düşen Çelik Plakalar (Plate Rack),100,0.0,0.002,MOUSE/TIK
2026-09-19 17:48:01,Atıcı 1,7. Gece Görüş & Taktik Fener,150,0.0,0.003,MOUSE/TIK
2026-09-19 17:48:01,Atıcı 1,8. Özel Poligon Senaryosu,100,0.0,0.001,MOUSE/TIK
2026-09-19 17:48:01,Atıcı 1,8. Özel Poligon Senaryosu,0,160.65,0.005,WEB/SPACE
2026-09-19 17:57:32,Atıcı 1,5. Çoklu Hedef (Seri Atış),75,0.0,0.0,MOUSE/TIK
2026-09-19 17:57:32,Atıcı 1,6. Düşen Çelik Plakalar (Plate Rack),100,0.0,0.001,MOUSE/TIK
2026-09-19 17:57:32,Atıcı 1,7. Gece Görüş & Taktik Fener,150,0.0,0.002,MOUSE/TIK
2026-09-19 17:57:32,Atıcı 1,8. Özel Poligon Senaryosu,100,0.0,0.001,MOUSE/TIK
2026-09-19 17:57:32,Atıcı 1,8. Özel Poligon Senaryosu,0,74.81,0.028,WEB/SPACE
2026-09-19 18:15:58,Atıcı 1,5. Çoklu Hedef (Seri Atış),75,0.0,0.001,MOUSE/TIK
2026-09-19 18:15:58,Atıcı 1,6. Düşen Çelik Plakalar (Plate Rack),100,0.0,0.001,MOUSE/TIK
2026-09-19 18:15:58,Atıcı 1,7. Gece Görüş & Taktik Fener,150,0.0,0.001,MOUSE/TIK
2026-09-19 18:15:58,Atıcı 1,8. Özel Poligon Senaryosu,100,0.0,0.001,MOUSE/TIK
2026-09-19 18:15:58,Atıcı 1,8. Özel Poligon Senaryosu,0,25.08,0.01,WEB/SPACE
2026-09-19 18:28:49,Atıcı 1,1. Sabit Mesafe Poligonu,100,0.0,0.001,MOUSE/TIK
2026-09-19 18:28:49,Atıcı 1,5. Çoklu Hedef (Seri Atış),75,0.0,0.001,MOUSE/TIK
2026-09-19 18:28:49,Atıcı 1,6. Düşen Çelik Plakalar (Plate Rack),100,0.0,0.001,MOUSE/TIK
2026-09-19 18:28:49,Atıcı 1,7. Gece Görüş & Taktik Fener,150,0.0,0.001,MOUSE/TIK
2026-09-19 18:28:49,Atıcı 1,8. B27 Silüet & Taktik Hedef,100,0.0,0.001,MOUSE/TIK
2026-09-19 18:29:20,Atıcı 1,1. Sabit Mesafe Poligonu,100,0.0,0.001,MOUSE/TIK
2026-09-19 18:29:20,Atıcı 1,5. Çoklu Hedef (Seri Atış),75,0.0,0.0,MOUSE/TIK
2026-09-19 18:29:20,Atıcı 1,6. Düşen Çelik Plakalar (Plate Rack),100,0.0,0.0,MOUSE/TIK
2026-09-19 18:29:20,Atıcı 1,7. Gece Görüş & Taktik Fener,150,0.0,0.0,MOUSE/TIK
2026-09-19 18:29:20,Atıcı 1,8. B27 Silüet & Taktik Hedef,100,0.0,0.001,MOUSE/TIK
2026-09-19 18:46:20,Atıcı 1,1. Sabit Mesafe Poligonu,100,0.0,0.001,MOUSE/TIK
2026-09-19 18:46:20,Atıcı 1,5. Çoklu Hedef (Seri Atış),75,0.0,0.001,MOUSE/TIK
2026-09-19 18:46:20,Atıcı 1,6. Düşen Çelik Plakalar (Plate Rack),100,0.0,0.001,MOUSE/TIK
2026-09-19 18:46:20,Atıcı 1,7. Gece Görüş & Taktik Fener,150,0.0,0.0,MOUSE/TIK
2026-09-19 18:46:20,Atıcı 1,8. B27 Silüet & Taktik Hedef,100,0.0,0.001,MOUSE/TIK
2026-09-19 18:51:06,Atıcı 1,1. Sabit Mesafe Poligonu,100,0.0,0.001,MOUSE/TIK
2026-09-19 18:51:06,Atıcı 1,5. Çoklu Hedef (Seri Atış),75,0.0,0.001,MOUSE/TIK
2026-09-19 18:51:06,Atıcı 1,6. Düşen Çelik Plakalar (Plate Rack),100,0.0,0.001,MOUSE/TIK
2026-09-19 18:51:06,Atıcı 1,7. Gece Görüş & Taktik Fener,150,0.0,0.001,MOUSE/TIK
2026-09-19 18:51:06,Atıcı 1,8. B27 Silüet & Taktik Hedef,100,0.0,0.001,MOUSE/TIK
2026-09-21 04:27:20,Atıcı 1,1. Sabit Mesafe Poligonu,0,261.96,0.075,PARMAK
2026-09-21 04:27:20,Atıcı 1,1. Sabit Mesafe Poligonu,0,235.29,0.404,PARMAK
2026-09-21 04:27:20,Atıcı 1,1. Sabit Mesafe Poligonu,0,226.55,0.707,PARMAK
2026-09-21 04:27:21,Atıcı 1,1. Sabit Mesafe Poligonu,0,264.04,1.301,PARMAK
2026-09-21 04:27:21,Atıcı 1,1. Sabit Mesafe Poligonu,0,251.11,1.667,PARMAK
2026-09-21 04:27:34,Atıcı 1,1. Sabit Mesafe Poligonu,0,142.02,0.837,PARMAK
2026-09-21 04:27:37,Atıcı 1,1. Sabit Mesafe Poligonu,0,142.61,3.432,PARMAK
2026-09-22 14:28:40,Atıcı 1,1. Sabit Mesafe Poligonu,0,151.05,0.84,PARMAK
2026-09-22 14:30:19,Atıcı 1,1. Sabit Mesafe Poligonu,0,195.16,0.024,PARMAK
2026-09-22 14:30:21,Atıcı 1,1. Sabit Mesafe Poligonu,0,142.64,1.953,PARMAK
2026-09-22 14:38:28,Atıcı 1,1. Sabit Mesafe Poligonu,0,76.32,0.002,MOUSE/TIK
2026-09-22 14:41:03,Atıcı 1,1. Sabit Mesafe Poligonu,0,412.03,0.043,PARMAK
2026-09-22 14:41:04,Atıcı 1,1. Sabit Mesafe Poligonu,0,318.85,0.333,PARMAK
2026-09-22 14:41:04,Atıcı 1,1. Sabit Mesafe Poligonu,0,270.44,0.669,PARMAK
2026-09-22 14:41:05,Atıcı 1,1. Sabit Mesafe Poligonu,0,309.61,1.628,PARMAK
2026-09-22 14:47:34,Atıcı 1,1. Sabit Mesafe Poligonu,0,219.42,0.473,PARMAK
2026-09-22 15:00:31,Atıcı 1,KAGIT_1. Taktik ,10,10,0.0,MOUSE
2026-09-22 15:10:09,Atıcı 1,KAGIT_2. ISSF Ol,10,10,0.0,MOUSE
2026-09-24 01:50:38,Atıcı 1,1. Sabit Mesafe Poligonu,0,287.47,1.173,PARMAK
2026-09-24 02:08:41,Atıcı 1,KAGIT_1. Taktik ,10,10,2.87,MOUSE
2026-09-24 02:08:41,Atıcı 1,1. Sabit Mesafe Poligonu,100,0.0,0.004,MOUSE/TIK
2026-09-24 02:19:08,Atıcı 1,KAGIT_1. Taktik ,10,10,1.36,TEST
2026-09-24 02:19:08,Atıcı 1,KAGIT_1. Taktik ,10,10,1.36,MOUSE
2026-09-24 15:38:42,Atıcı 1,KAGIT_2. ISSF Ol,10,10,0.0,PARMAK
2026-09-24 15:38:42,Atıcı 1,KAGIT_3. B27 Tak,10,10,0.0,PARMAK
2026-09-24 15:51:36,Atıcı 1,1. Sabit Mesafe Poligonu,0,168.63,0.052,LAZER
2026-09-24 15:59:09,Atıcı 1,1. Sabit Mesafe Poligonu,0,235.09,0.921,PARMAK
2026-09-24 15:59:09,Atıcı 1,1. Sabit Mesafe Poligonu,0,214.22,1.23,LAZER
2026-09-24 17:00:35,Atıcı 1,1. Sabit Mesafe Poligonu,0,211.07,1.471,LAZER
2026-09-24 17:47:40,Atıcı 1,1. Sabit Mesafe Poligonu,0,82.07,0.052,PARMAK
2026-09-24 17:47:41,Atıcı 1,1. Sabit Mesafe Poligonu,100,0.0,1.004,MOUSE/TIK
2026-09-24 17:57:58,Atıcı 1,1. Sabit Mesafe Poligonu,0,182.63,5.559,PARMAK
2026-09-24 17:58:23,Atıcı 1,1. Sabit Mesafe Poligonu,0,359.56,30.625,PARMAK
2026-09-24 17:58:32,Atıcı 1,1. Sabit Mesafe Poligonu,0,359.48,39.351,PARMAK
2026-09-24 17:58:35,Atıcı 1,1. Sabit Mesafe Poligonu,0,356.67,42.618,PARMAK
2026-09-24 17:58:36,Atıcı 1,1. Sabit Mesafe Poligonu,0,362.5,42.956,PARMAK
2026-09-24 17:58:36,Atıcı 1,1. Sabit Mesafe Poligonu,0,360.84,43.357,PARMAK
2026-09-24 17:58:36,Atıcı 1,1. Sabit Mesafe Poligonu,0,361.57,43.545,PARMAK
2026-09-24 17:58:36,Atıcı 1,1. Sabit Mesafe Poligonu,0,359.99,43.736,PARMAK
2026-09-24 17:58:37,Atıcı 1,1. Sabit Mesafe Poligonu,0,361.37,43.928,PARMAK
2026-09-24 17:58:37,Atıcı 1,1. Sabit Mesafe Poligonu,0,364.77,44.127,PARMAK
2026-09-24 17:58:37,Atıcı 1,1. Sabit Mesafe Poligonu,0,367.22,44.321,PARMAK
2026-09-24 17:58:38,Atıcı 1,1. Sabit Mesafe Poligonu,0,363.93,45.207,PARMAK
2026-09-24 17:58:38,Atıcı 1,1. Sabit Mesafe Poligonu,0,353.42,45.406,PARMAK
2026-09-24 17:58:42,Atıcı 1,1. Sabit Mesafe Poligonu,0,175.89,49.209,PARMAK
2026-09-24 17:58:57,Atıcı 1,1. Sabit Mesafe Poligonu,0,172.63,64.55,PARMAK
2026-09-24 17:58:57,Atıcı 1,1. Sabit Mesafe Poligonu,0,178.92,64.853,PARMAK
2026-09-24 17:58:58,Atıcı 1,1. Sabit Mesafe Poligonu,0,173.67,65.816,PARMAK
2026-09-24 17:59:02,Atıcı 1,1. Sabit Mesafe Poligonu,0,184.62,69.011,PARMAK
2026-09-24 17:59:02,Atıcı 1,1. Sabit Mesafe Poligonu,0,173.22,69.351,PARMAK
2026-09-24 17:59:06,Atıcı 1,1. Sabit Mesafe Poligonu,0,173.36,72.983,PARMAK
2026-09-24 17:59:06,Atıcı 1,1. Sabit Mesafe Poligonu,0,176.47,73.2,PARMAK
2026-09-24 17:59:07,Atıcı 1,1. Sabit Mesafe Poligonu,50,36.25,74.791,PARMAK
2026-09-24 17:59:13,Atıcı 1,1. Sabit Mesafe Poligonu,0,359.47,5.527,PARMAK
2026-09-24 17:59:13,Atıcı 1,1. Sabit Mesafe Poligonu,0,353.29,5.722,PARMAK
2026-09-24 17:59:14,Atıcı 1,1. Sabit Mesafe Poligonu,0,328.12,6.682,LAZER
2026-09-24 18:00:01,Atıcı 1,1. Sabit Mesafe Poligonu,0,334.01,53.331,PARMAK
2026-09-24 18:00:08,Atıcı 1,1. Sabit Mesafe Poligonu,0,337.61,60.352,PARMAK
2026-09-24 18:00:11,Atıcı 1,1. Sabit Mesafe Poligonu,0,335.6,63.934,PARMAK
2026-09-24 18:00:27,Atıcı 1,1. Sabit Mesafe Poligonu,0,343.23,79.119,PARMAK
2026-09-24 18:00:27,Atıcı 1,1. Sabit Mesafe Poligonu,0,355.58,79.768,PARMAK
2026-09-24 18:00:28,Atıcı 1,1. Sabit Mesafe Poligonu,0,366.15,80.554,PARMAK
2026-09-24 18:00:33,Atıcı 1,1. Sabit Mesafe Poligonu,0,357.26,85.793,PARMAK
2026-09-24 18:00:40,Atıcı 1,1. Sabit Mesafe Poligonu,0,360.28,92.79,PARMAK
2026-09-24 18:00:46,Atıcı 1,1. Sabit Mesafe Poligonu,0,279.03,98.618,PARMAK
2026-09-24 18:00:56,Atıcı 1,1. Sabit Mesafe Poligonu,0,311.0,108.322,PARMAK
2026-09-24 18:01:02,Atıcı 1,1. Sabit Mesafe Poligonu,0,138.76,114.207,PARMAK
2026-09-24 18:01:03,Atıcı 1,1. Sabit Mesafe Poligonu,0,297.98,115.084,PARMAK
2026-09-24 18:01:03,Atıcı 1,1. Sabit Mesafe Poligonu,0,198.71,115.998,PARMAK
2026-09-24 18:01:05,Atıcı 1,1. Sabit Mesafe Poligonu,0,345.78,117.787,PARMAK
2026-09-24 18:01:05,Atıcı 1,1. Sabit Mesafe Poligonu,0,351.32,117.982,PARMAK
2026-09-24 18:01:06,Atıcı 1,1. Sabit Mesafe Poligonu,0,326.17,118.781,PARMAK
2026-09-24 18:01:08,Atıcı 1,1. Sabit Mesafe Poligonu,0,266.79,120.361,PARMAK
2026-09-24 18:01:39,Atıcı 1,1. Sabit Mesafe Poligonu,0,197.1,151.852,PARMAK
2026-09-24 18:01:42,Atıcı 1,1. Sabit Mesafe Poligonu,0,241.02,154.905,PARMAK
2026-09-24 18:01:43,Atıcı 1,1. Sabit Mesafe Poligonu,0,240.53,155.447,PARMAK
2026-09-24 18:01:50,Atıcı 1,1. Sabit Mesafe Poligonu,0,204.36,162.735,PARMAK
2026-09-24 18:01:50,Atıcı 1,1. Sabit Mesafe Poligonu,0,205.2,163.067,PARMAK
2026-09-24 18:01:57,Atıcı 1,1. Sabit Mesafe Poligonu,0,286.6,169.904,PARMAK
2026-09-24 18:02:19,Atıcı 1,1. Sabit Mesafe Poligonu,0,217.15,191.488,PARMAK
2026-09-24 18:02:19,Atıcı 1,1. Sabit Mesafe Poligonu,0,211.7,192.0,PARMAK
2026-09-24 18:02:20,Atıcı 1,1. Sabit Mesafe Poligonu,0,202.74,192.214,PARMAK
2026-09-24 18:02:20,Atıcı 1,1. Sabit Mesafe Poligonu,0,210.39,192.736,PARMAK
2026-09-24 18:02:21,Atıcı 1,1. Sabit Mesafe Poligonu,0,206.83,193.15,PARMAK
2026-09-24 18:02:30,Atıcı 1,1. Sabit Mesafe Poligonu,0,256.91,202.86,PARMAK
2026-09-24 18:03:01,Atıcı 1,1. Sabit Mesafe Poligonu,0,209.86,234.041,PARMAK
2026-09-24 18:03:02,Atıcı 1,1. Sabit Mesafe Poligonu,0,209.86,234.272,PARMAK
2026-09-24 18:03:02,Atıcı 1,1. Sabit Mesafe Poligonu,0,210.22,234.701,PARMAK
2026-09-24 18:03:03,Atıcı 1,1. Sabit Mesafe Poligonu,0,200.55,235.301,PARMAK
2026-09-24 18:03:03,Atıcı 1,1. Sabit Mesafe Poligonu,0,193.26,235.532,PARMAK
2026-09-24 18:03:17,Atıcı 1,1. Sabit Mesafe Poligonu,0,256.2,249.433,PARMAK
2026-09-24 18:03:37,Atıcı 1,1. Sabit Mesafe Poligonu,0,339.99,269.454,PARMAK
2026-09-24 18:03:37,Atıcı 1,1. Sabit Mesafe Poligonu,0,333.66,269.651,PARMAK
2026-09-24 18:03:39,Atıcı 1,1. Sabit Mesafe Poligonu,0,253.88,271.24,PARMAK
2026-09-24 18:03:39,Atıcı 1,1. Sabit Mesafe Poligonu,0,184.23,271.432,PARMAK
2026-09-24 18:03:39,Atıcı 1,1. Sabit Mesafe Poligonu,0,248.52,271.724,PARMAK
2026-09-24 18:03:40,Atıcı 1,1. Sabit Mesafe Poligonu,0,154.26,272.272,PARMAK
2026-09-24 18:03:40,Atıcı 1,1. Sabit Mesafe Poligonu,0,156.2,272.63,PARMAK
2026-09-24 18:03:41,Atıcı 1,1. Sabit Mesafe Poligonu,0,300.13,273.927,PARMAK
2026-09-24 18:03:46,Atıcı 1,1. Sabit Mesafe Poligonu,0,371.1,278.522,PARMAK
2026-09-24 18:03:47,Atıcı 1,1. Sabit Mesafe Poligonu,0,54.59,279.505,PARMAK
2026-09-24 18:03:47,Atıcı 1,1. Sabit Mesafe Poligonu,0,140.22,279.768,PARMAK
2026-09-24 18:03:47,Atıcı 1,1. Sabit Mesafe Poligonu,0,142.24,280.003,PARMAK
2026-09-24 18:03:48,Atıcı 1,1. Sabit Mesafe Poligonu,75,17.2,280.441,PARMAK
2026-09-24 18:03:48,Atıcı 1,1. Sabit Mesafe Poligonu,0,133.15,0.223,PARMAK
2026-09-24 18:03:48,Atıcı 1,1. Sabit Mesafe Poligonu,0,292.04,0.61,PARMAK
2026-09-24 18:04:24,Atıcı 1,1. Sabit Mesafe Poligonu,0,237.13,36.345,PARMAK
2026-09-24 18:04:24,Atıcı 1,1. Sabit Mesafe Poligonu,0,197.73,36.54,PARMAK
2026-09-24 18:04:48,Atıcı 1,1. Sabit Mesafe Poligonu,0,122.64,60.213,PARMAK
2026-09-24 18:04:52,Atıcı 1,1. Sabit Mesafe Poligonu,0,353.02,64.566,PARMAK
2026-09-24 18:04:54,Atıcı 1,1. Sabit Mesafe Poligonu,0,335.49,66.437,PARMAK
2026-09-24 18:04:55,Atıcı 1,1. Sabit Mesafe Poligonu,0,219.83,66.991,PARMAK
2026-09-24 18:04:55,Atıcı 1,1. Sabit Mesafe Poligonu,0,188.0,67.183,PARMAK
2026-09-24 18:04:56,Atıcı 1,1. Sabit Mesafe Poligonu,0,285.39,68.078,PARMAK
2026-09-24 18:05:23,Atıcı 1,1. Sabit Mesafe Poligonu,0,360.62,95.051,PARMAK
2026-09-24 18:05:27,Atıcı 1,1. Sabit Mesafe Poligonu,0,282.45,99.386,PARMAK
2026-09-24 18:05:52,Atıcı 1,1. Sabit Mesafe Poligonu,0,363.37,123.765,PARMAK
2026-09-24 18:06:05,Atıcı 1,1. Sabit Mesafe Poligonu,0,176.26,137.608,PARMAK
2026-09-24 18:06:06,Atıcı 1,1. Sabit Mesafe Poligonu,0,209.27,138.426,PARMAK
2026-09-24 18:06:08,Atıcı 1,1. Sabit Mesafe Poligonu,0,196.29,140.45,PARMAK
2026-09-24 18:06:09,Atıcı 1,1. Sabit Mesafe Poligonu,0,153.06,140.663,PARMAK
2026-09-24 18:06:09,Atıcı 1,1. Sabit Mesafe Poligonu,0,160.33,141.216,PARMAK
2026-09-24 18:06:09,Atıcı 1,1. Sabit Mesafe Poligonu,0,94.15,141.603,PARMAK
2026-09-24 18:06:10,Atıcı 1,1. Sabit Mesafe Poligonu,0,69.86,141.787,PARMAK
2026-09-24 18:06:10,Atıcı 1,1. Sabit Mesafe Poligonu,0,189.16,142.346,PARMAK
2026-09-24 18:06:11,Atıcı 1,1. Sabit Mesafe Poligonu,0,70.72,143.006,PARMAK
2026-09-24 18:06:16,Atıcı 1,1. Sabit Mesafe Poligonu,0,192.26,148.291,PARMAK
2026-09-24 18:06:17,Atıcı 1,1. Sabit Mesafe Poligonu,0,201.21,148.71,PARMAK
2026-09-24 18:06:17,Atıcı 1,1. Sabit Mesafe Poligonu,0,203.8,148.92,PARMAK
2026-09-24 18:06:19,Atıcı 1,1. Sabit Mesafe Poligonu,0,188.8,150.651,PARMAK
2026-09-24 18:06:19,Atıcı 1,1. Sabit Mesafe Poligonu,0,189.38,151.034,PARMAK
2026-09-24 18:06:21,Atıcı 1,1. Sabit Mesafe Poligonu,0,87.32,153.065,PARMAK
2026-09-24 18:06:22,Atıcı 1,1. Sabit Mesafe Poligonu,75,21.38,153.972,PARMAK
2026-09-24 18:06:23,Atıcı 1,1. Sabit Mesafe Poligonu,0,49.5,0.668,PARMAK
2026-09-24 18:06:27,Atıcı 1,1. Sabit Mesafe Poligonu,0,89.27,5.04,PARMAK
2026-09-24 18:06:31,Atıcı 1,1. Sabit Mesafe Poligonu,0,84.01,9.665,PARMAK
2026-09-24 18:06:38,Atıcı 1,1. Sabit Mesafe Poligonu,0,98.01,16.592,PARMAK
2026-09-24 18:06:50,Atıcı 1,1. Sabit Mesafe Poligonu,0,158.81,28.424,PARMAK
2026-09-24 18:34:49,Atıcı 1,1. Sabit Mesafe Poligonu,25,44.01,0.087,PARMAK
2026-09-24 18:34:49,Atıcı 1,1. Sabit Mesafe Poligonu,0,84.17,0.107,PARMAK
2026-09-24 18:34:51,Atıcı 1,1. Sabit Mesafe Poligonu,25,41.77,2.775,PARMAK
2026-09-24 18:34:51,Atıcı 1,1. Sabit Mesafe Poligonu,25,41.77,2.096,PARMAK
2026-09-24 18:43:57,Atıcı 1,1. Sabit Mesafe Poligonu,0,151.99,12.207,PARMAK
2026-09-24 18:43:57,Atıcı 1,1. Sabit Mesafe Poligonu,0,145.5,12.464,PARMAK
2026-09-24 18:44:06,Atıcı 1,1. Sabit Mesafe Poligonu,0,133.14,21.435,PARMAK
2026-09-24 18:44:07,Atıcı 1,1. Sabit Mesafe Poligonu,0,291.9,22.154,PARMAK
2026-09-24 18:44:21,Atıcı 1,1. Sabit Mesafe Poligonu,0,232.47,36.203,PARMAK
2026-09-24 18:44:41,Atıcı 1,1. Sabit Mesafe Poligonu,0,159.2,56.303,PARMAK
2026-09-24 18:44:41,Atıcı 1,1. Sabit Mesafe Poligonu,0,167.63,56.813,PARMAK
2026-09-24 18:44:43,Atıcı 1,1. Sabit Mesafe Poligonu,0,167.6,58.111,PARMAK
2026-09-24 18:44:44,Atıcı 1,1. Sabit Mesafe Poligonu,0,151.35,59.311,PARMAK
2026-09-24 18:44:56,Atıcı 1,1. Sabit Mesafe Poligonu,0,346.54,71.834,PARMAK
2026-09-24 18:44:57,Atıcı 1,1. Sabit Mesafe Poligonu,0,154.26,72.747,PARMAK
2026-09-24 18:44:58,Atıcı 1,1. Sabit Mesafe Poligonu,0,157.05,73.339,PARMAK
2026-09-24 18:44:59,Atıcı 1,1. Sabit Mesafe Poligonu,0,332.28,74.652,PARMAK
2026-09-24 18:45:00,Atıcı 1,1. Sabit Mesafe Poligonu,0,346.7,75.055,PARMAK
2026-09-24 18:45:04,Atıcı 1,1. Sabit Mesafe Poligonu,0,342.84,78.961,PARMAK
2026-09-24 18:45:04,Atıcı 1,1. Sabit Mesafe Poligonu,0,333.1,79.456,PARMAK
2026-09-24 18:45:05,Atıcı 1,1. Sabit Mesafe Poligonu,0,332.86,79.963,PARMAK
2026-09-24 18:45:05,Atıcı 1,1. Sabit Mesafe Poligonu,0,335.9,80.368,PARMAK
2026-09-24 18:45:09,Atıcı 1,1. Sabit Mesafe Poligonu,0,328.94,84.671,PARMAK
2026-09-24 18:45:10,Atıcı 1,1. Sabit Mesafe Poligonu,0,339.3,84.975,PARMAK
2026-09-24 18:45:10,Atıcı 1,1. Sabit Mesafe Poligonu,0,330.9,85.558,PARMAK
2026-09-24 18:45:11,Atıcı 1,1. Sabit Mesafe Poligonu,0,318.68,86.475,PARMAK
2026-09-24 18:45:12,Atıcı 1,1. Sabit Mesafe Poligonu,0,323.44,87.484,PARMAK
2026-09-24 18:45:12,Atıcı 1,1. Sabit Mesafe Poligonu,0,323.44,87.684,PARMAK
2026-09-24 18:45:18,Atıcı 1,1. Sabit Mesafe Poligonu,0,327.58,93.699,PARMAK
2026-09-24 18:45:19,Atıcı 1,1. Sabit Mesafe Poligonu,0,335.63,94.689,PARMAK
2026-09-24 18:45:22,Atıcı 1,1. Sabit Mesafe Poligonu,0,343.38,97.69,PARMAK
2026-09-24 18:45:23,Atıcı 1,1. Sabit Mesafe Poligonu,0,345.03,98.803,PARMAK
2026-09-24 18:45:26,Atıcı 1,1. Sabit Mesafe Poligonu,0,340.92,101.008,PARMAK
2026-09-24 18:45:27,Atıcı 1,1. Sabit Mesafe Poligonu,0,336.24,102.015,PARMAK
2026-09-24 18:45:29,Atıcı 1,1. Sabit Mesafe Poligonu,0,330.95,104.507,PARMAK
2026-09-24 18:45:32,Atıcı 1,1. Sabit Mesafe Poligonu,0,322.2,107.92,PARMAK
2026-09-24 18:45:33,Atıcı 1,1. Sabit Mesafe Poligonu,0,341.71,108.318,PARMAK
2026-09-24 18:45:36,Atıcı 1,1. Sabit Mesafe Poligonu,0,310.91,111.538,PARMAK
2026-09-24 18:45:37,Atıcı 1,1. Sabit Mesafe Poligonu,0,369.82,112.433,PARMAK
2026-09-24 18:45:38,Atıcı 1,1. Sabit Mesafe Poligonu,0,362.41,113.435,PARMAK
2026-09-24 18:45:38,Atıcı 1,1. Sabit Mesafe Poligonu,0,333.82,113.728,PARMAK
2026-09-24 18:45:40,Atıcı 1,1. Sabit Mesafe Poligonu,0,358.42,115.84,PARMAK
2026-09-24 18:45:41,Atıcı 1,1. Sabit Mesafe Poligonu,0,347.0,116.433,PARMAK
2026-09-24 18:45:42,Atıcı 1,1. Sabit Mesafe Poligonu,0,344.2,117.347,PARMAK
2026-09-24 18:45:42,Atıcı 1,1. Sabit Mesafe Poligonu,0,346.6,117.53,PARMAK
2026-09-24 18:45:43,Atıcı 1,1. Sabit Mesafe Poligonu,0,344.8,118.75,PARMAK
2026-09-24 18:45:44,Atıcı 1,1. Sabit Mesafe Poligonu,0,349.61,118.952,PARMAK
2026-09-24 18:45:44,Atıcı 1,1. Sabit Mesafe Poligonu,0,353.28,119.835,PARMAK
2026-09-24 18:45:45,Atıcı 1,1. Sabit Mesafe Poligonu,0,364.9,120.538,PARMAK
2026-09-24 18:45:46,Atıcı 1,1. Sabit Mesafe Poligonu,0,338.94,121.648,PARMAK
2026-09-24 18:45:46,Atıcı 1,1. Sabit Mesafe Poligonu,0,348.64,121.851,PARMAK
2026-09-24 18:45:47,Atıcı 1,1. Sabit Mesafe Poligonu,0,358.63,122.747,PARMAK
2026-09-24 18:45:48,Atıcı 1,1. Sabit Mesafe Poligonu,0,351.26,122.959,PARMAK
2026-09-24 18:45:48,Atıcı 1,1. Sabit Mesafe Poligonu,0,341.26,123.245,PARMAK
2026-09-24 18:45:48,Atıcı 1,1. Sabit Mesafe Poligonu,0,342.61,123.644,PARMAK
2026-09-24 18:45:48,Atıcı 1,1. Sabit Mesafe Poligonu,0,346.07,123.851,PARMAK
2026-09-24 18:45:49,Atıcı 1,1. Sabit Mesafe Poligonu,0,345.0,124.043,PARMAK
2026-09-24 18:45:49,Atıcı 1,1. Sabit Mesafe Poligonu,0,327.8,124.747,PARMAK
2026-09-24 18:45:50,Atıcı 1,1. Sabit Mesafe Poligonu,0,354.8,124.955,PARMAK
2026-09-24 18:45:50,Atıcı 1,1. Sabit Mesafe Poligonu,0,354.2,125.454,PARMAK
2026-09-24 18:45:50,Atıcı 1,1. Sabit Mesafe Poligonu,0,337.42,125.659,PARMAK
2026-09-24 18:45:51,Atıcı 1,1. Sabit Mesafe Poligonu,0,331.72,126.25,PARMAK
2026-09-24 18:45:51,Atıcı 1,1. Sabit Mesafe Poligonu,0,354.4,126.556,PARMAK
2026-09-24 18:45:52,Atıcı 1,1. Sabit Mesafe Poligonu,0,350.83,126.955,PARMAK
2026-09-24 18:45:52,Atıcı 1,1. Sabit Mesafe Poligonu,0,351.87,127.567,PARMAK
2026-09-24 18:45:53,Atıcı 1,1. Sabit Mesafe Poligonu,0,331.1,128.863,PARMAK
2026-09-24 18:45:55,Atıcı 1,1. Sabit Mesafe Poligonu,0,328.8,130.266,PARMAK
2026-09-24 18:45:56,Atıcı 1,1. Sabit Mesafe Poligonu,0,343.38,131.469,PARMAK
2026-09-24 18:45:56,Atıcı 1,1. Sabit Mesafe Poligonu,0,344.19,131.776,PARMAK
2026-09-24 18:45:57,Atıcı 1,1. Sabit Mesafe Poligonu,0,335.6,132.173,PARMAK
2026-09-24 18:45:58,Atıcı 1,1. Sabit Mesafe Poligonu,0,327.94,133.268,PARMAK
2026-09-24 18:46:02,Atıcı 1,1. Sabit Mesafe Poligonu,0,175.45,137.787,PARMAK
2026-09-24 18:46:03,Atıcı 1,1. Sabit Mesafe Poligonu,0,302.83,138.486,PARMAK
2026-09-24 18:46:10,Atıcı 1,1. Sabit Mesafe Poligonu,0,355.01,145.5,PARMAK
2026-09-24 18:46:16,Atıcı 1,1. Sabit Mesafe Poligonu,0,375.71,151.115,PARMAK
2026-09-24 18:46:17,Atıcı 1,1. Sabit Mesafe Poligonu,0,351.2,152.111,PARMAK
2026-09-24 18:46:17,Atıcı 1,1. Sabit Mesafe Poligonu,0,347.83,152.422,PARMAK
2026-09-24 18:46:20,Atıcı 1,1. Sabit Mesafe Poligonu,0,343.86,155.328,PARMAK
2026-09-24 18:46:22,Atıcı 1,1. Sabit Mesafe Poligonu,0,360.84,157.725,PARMAK
2026-09-24 18:46:30,Atıcı 1,1. Sabit Mesafe Poligonu,0,340.04,165.546,PARMAK
2026-09-24 18:46:37,Atıcı 1,1. Sabit Mesafe Poligonu,0,336.21,172.058,PARMAK
2026-09-24 18:46:37,Atıcı 1,1. Sabit Mesafe Poligonu,0,339.99,172.869,PARMAK
2026-09-24 18:46:49,Atıcı 1,1. Sabit Mesafe Poligonu,0,330.06,183.981,PARMAK
2026-09-24 18:46:50,Atıcı 1,1. Sabit Mesafe Poligonu,0,331.6,185.183,PARMAK
2026-09-24 18:46:51,Atıcı 1,1. Sabit Mesafe Poligonu,0,327.0,186.494,PARMAK
2026-09-24 18:46:53,Atıcı 1,1. Sabit Mesafe Poligonu,0,335.97,188.186,PARMAK
2026-09-24 18:46:54,Atıcı 1,1. Sabit Mesafe Poligonu,0,332.86,189.195,PARMAK
2026-09-24 18:46:55,Atıcı 1,1. Sabit Mesafe Poligonu,0,336.16,190.09,PARMAK
2026-09-24 18:46:55,Atıcı 1,1. Sabit Mesafe Poligonu,0,334.5,190.491,PARMAK
2026-09-24 18:46:56,Atıcı 1,1. Sabit Mesafe Poligonu,0,327.47,191.202,PARMAK
2026-09-24 18:47:00,Atıcı 1,1. Sabit Mesafe Poligonu,0,321.79,195.404,PARMAK
2026-09-24 18:47:00,Atıcı 1,1. Sabit Mesafe Poligonu,0,318.19,195.802,PARMAK
2026-09-24 18:47:15,Atıcı 1,1. Sabit Mesafe Poligonu,0,323.67,210.442,PARMAK
2026-09-24 18:47:16,Atıcı 1,1. Sabit Mesafe Poligonu,0,328.67,211.546,PARMAK
2026-09-24 18:47:17,Atıcı 1,1. Sabit Mesafe Poligonu,0,339.82,212.537,PARMAK
2026-09-24 18:47:19,Atıcı 1,1. Sabit Mesafe Poligonu,0,321.08,214.651,PARMAK
2026-09-24 18:47:19,Atıcı 1,1. Sabit Mesafe Poligonu,0,336.72,214.844,PARMAK
2026-09-24 18:47:20,Atıcı 1,1. Sabit Mesafe Poligonu,0,339.77,215.85,PARMAK
2026-09-24 18:47:22,Atıcı 1,1. Sabit Mesafe Poligonu,0,321.44,216.955,PARMAK
2026-09-24 18:47:22,Atıcı 1,1. Sabit Mesafe Poligonu,0,337.85,217.147,PARMAK
2026-09-24 18:47:24,Atıcı 1,1. Sabit Mesafe Poligonu,0,317.67,219.855,PARMAK
2026-09-24 18:47:25,Atıcı 1,1. Sabit Mesafe Poligonu,0,333.43,220.864,PARMAK
2026-09-24 18:47:27,Atıcı 1,1. Sabit Mesafe Poligonu,0,327.58,222.154,PARMAK
2026-09-24 18:47:28,Atıcı 1,1. Sabit Mesafe Poligonu,0,322.47,223.562,PARMAK
2026-09-24 18:47:30,Atıcı 1,1. Sabit Mesafe Poligonu,0,357.49,225.274,PARMAK
2026-09-24 18:47:31,Atıcı 1,1. Sabit Mesafe Poligonu,0,318.64,226.079,PARMAK
2026-09-24 18:47:32,Atıcı 1,1. Sabit Mesafe Poligonu,0,326.22,227.066,PARMAK
2026-09-24 18:47:32,Atıcı 1,1. Sabit Mesafe Poligonu,0,350.04,227.674,PARMAK
2026-09-24 18:47:33,Atıcı 1,1. Sabit Mesafe Poligonu,0,328.6,228.171,PARMAK
2026-09-24 18:47:33,Atıcı 1,1. Sabit Mesafe Poligonu,0,358.9,228.48,PARMAK
2026-09-24 18:47:33,Atıcı 1,1. Sabit Mesafe Poligonu,0,342.18,228.784,PARMAK
2026-09-24 18:47:36,Atıcı 1,1. Sabit Mesafe Poligonu,0,354.57,231.882,PARMAK
2026-09-24 18:47:37,Atıcı 1,1. Sabit Mesafe Poligonu,0,338.43,232.192,PARMAK
2026-09-24 18:47:44,Atıcı 1,1. Sabit Mesafe Poligonu,0,351.71,239.194,PARMAK
2026-09-24 18:47:45,Atıcı 1,1. Sabit Mesafe Poligonu,0,361.44,240.809,PARMAK
2026-09-24 18:47:46,Atıcı 1,1. Sabit Mesafe Poligonu,0,362.84,241.002,PARMAK
2026-09-24 18:47:50,Atıcı 1,1. Sabit Mesafe Poligonu,0,340.47,245.515,PARMAK
2026-09-24 18:48:09,Atıcı 1,1. Sabit Mesafe Poligonu,100,5.83,264.365,MOUSE/TIK
2026-09-24 18:48:10,Atıcı 1,1. Sabit Mesafe Poligonu,75,22.36,1.487,PARMAK
2026-09-24 18:48:11,Atıcı 1,1. Sabit Mesafe Poligonu,25,44.01,1.011,PARMAK
2026-09-24 18:48:14,Atıcı 1,1. Sabit Mesafe Poligonu,75,9.43,3.009,PARMAK
2026-09-24 18:48:15,Atıcı 1,1. Sabit Mesafe Poligonu,75,14.76,0.701,PARMAK
2026-09-24 18:48:16,Atıcı 1,1. Sabit Mesafe Poligonu,50,26.91,1.298,PARMAK
2026-09-24 18:48:17,Atıcı 1,1. Sabit Mesafe Poligonu,75,11.7,0.702,PARMAK
2026-09-24 18:48:18,Atıcı 1,1. Sabit Mesafe Poligonu,50,23.02,0.608,PARMAK
2026-09-24 18:48:18,Atıcı 1,1. Sabit Mesafe Poligonu,75,11.4,0.686,PARMAK
2026-09-24 18:48:19,Atıcı 1,1. Sabit Mesafe Poligonu,100,4.12,0.61,PARMAK
2026-09-24 18:48:22,Atıcı 1,1. Sabit Mesafe Poligonu,0,99.57,2.897,LAZER
2026-09-24 18:48:26,Atıcı 1,1. Sabit Mesafe Poligonu,0,115.39,7.104,LAZER
2026-09-24 18:48:28,Atıcı 1,1. Sabit Mesafe Poligonu,0,72.5,9.314,LAZER
2026-09-24 18:48:30,Atıcı 1,1. Sabit Mesafe Poligonu,0,65.8,10.703,LAZER
2026-09-24 18:48:30,Atıcı 1,1. Sabit Mesafe Poligonu,0,68.94,11.408,LAZER
2026-09-24 18:48:31,Atıcı 1,1. Sabit Mesafe Poligonu,0,85.0,11.903,LAZER
2026-09-24 18:48:31,Atıcı 1,1. Sabit Mesafe Poligonu,0,84.58,12.207,LAZER
2026-09-24 18:48:36,Atıcı 1,1. Sabit Mesafe Poligonu,0,46.69,17.326,LAZER
2026-09-24 18:48:41,Atıcı 1,1. Sabit Mesafe Poligonu,0,85.56,22.43,LAZER
2026-09-24 18:48:42,Atıcı 1,1. Sabit Mesafe Poligonu,0,142.0,23.232,LAZER
2026-09-24 18:48:42,Atıcı 1,1. Sabit Mesafe Poligonu,0,126.1,23.44,LAZER
2026-09-24 18:48:43,Atıcı 1,1. Sabit Mesafe Poligonu,0,102.18,23.935,LAZER
2026-09-24 18:48:46,Atıcı 1,1. Sabit Mesafe Poligonu,0,92.66,27.088,LAZER
2026-09-24 18:48:47,Atıcı 1,1. Sabit Mesafe Poligonu,0,92.07,27.998,LAZER
2026-09-24 18:48:47,Atıcı 1,1. Sabit Mesafe Poligonu,0,92.91,28.308,LAZER
2026-09-24 18:48:48,Atıcı 1,1. Sabit Mesafe Poligonu,0,52.2,28.495,LAZER
2026-09-24 18:48:48,Atıcı 1,1. Sabit Mesafe Poligonu,0,92.07,28.702,LAZER
2026-09-24 18:48:48,Atıcı 1,1. Sabit Mesafe Poligonu,0,92.07,28.989,LAZER
2026-09-24 18:48:48,Atıcı 1,1. Sabit Mesafe Poligonu,0,92.07,29.198,LAZER
2026-09-24 18:48:48,Atıcı 1,1. Sabit Mesafe Poligonu,0,92.44,29.392,LAZER
2026-09-24 18:48:49,Atıcı 1,1. Sabit Mesafe Poligonu,0,92.07,30.094,LAZER
2026-09-24 18:48:50,Atıcı 1,1. Sabit Mesafe Poligonu,0,89.36,30.498,LAZER
2026-09-24 18:48:50,Atıcı 1,1. Sabit Mesafe Poligonu,0,87.37,31.006,LAZER
2026-09-24 18:48:53,Atıcı 1,1. Sabit Mesafe Poligonu,0,47.85,33.614,LAZER
2026-09-24 18:48:53,Atıcı 1,1. Sabit Mesafe Poligonu,0,91.27,33.906,LAZER
2026-09-24 18:48:53,Atıcı 1,1. Sabit Mesafe Poligonu,0,92.78,34.414,LAZER
2026-09-24 18:48:54,Atıcı 1,1. Sabit Mesafe Poligonu,50,36.77,35.007,LAZER
2026-09-24 18:48:55,Atıcı 1,1. Sabit Mesafe Poligonu,50,34.18,0.704,LAZER
2026-09-24 18:48:55,Atıcı 1,1. Sabit Mesafe Poligonu,0,56.75,0.207,LAZER
2026-09-24 18:48:55,Atıcı 1,1. Sabit Mesafe Poligonu,0,92.23,0.608,LAZER
2026-09-24 18:48:56,Atıcı 1,1. Sabit Mesafe Poligonu,0,92.07,0.898,LAZER
2026-09-24 18:48:56,Atıcı 1,1. Sabit Mesafe Poligonu,0,94.2,1.103,LAZER
2026-09-24 18:48:57,Atıcı 1,1. Sabit Mesafe Poligonu,100,4.24,2.11,LAZER
2026-09-24 18:48:58,Atıcı 1,1. Sabit Mesafe Poligonu,0,113.77,0.993,LAZER
2026-09-24 18:48:59,Atıcı 1,1. Sabit Mesafe Poligonu,0,84.9,1.699,LAZER
2026-09-24 18:48:59,Atıcı 1,1. Sabit Mesafe Poligonu,0,72.01,2.097,LAZER
2026-09-24 18:49:03,Atıcı 1,1. Sabit Mesafe Poligonu,0,79.31,6.112,LAZER
2026-09-24 18:49:03,Atıcı 1,1. Sabit Mesafe Poligonu,25,40.45,6.613,LAZER
2026-09-24 18:49:04,Atıcı 1,1. Sabit Mesafe Poligonu,0,82.76,0.208,LAZER
2026-09-24 18:49:06,Atıcı 1,1. Sabit Mesafe Poligonu,0,97.05,2.204,LAZER
2026-09-24 18:49:06,Atıcı 1,1. Sabit Mesafe Poligonu,50,34.48,2.397,LAZER
2026-09-24 18:49:07,Atıcı 1,1. Sabit Mesafe Poligonu,0,93.98,0.911,LAZER
2026-09-24 18:49:29,Atıcı 1,1. Sabit Mesafe Poligonu,0,62.63,23.362,LAZER
2026-09-24 18:49:42,Atıcı 1,1. Sabit Mesafe Poligonu,0,60.46,35.775,LAZER
2026-09-24 18:49:45,Atıcı 1,1. Sabit Mesafe Poligonu,0,96.46,38.693,LAZER
2026-09-24 18:49:47,Atıcı 1,1. Sabit Mesafe Poligonu,0,136.74,40.895,LAZER
2026-09-24 18:49:47,Atıcı 1,1. Sabit Mesafe Poligonu,0,66.03,41.201,LAZER
2026-09-24 18:49:47,Atıcı 1,1. Sabit Mesafe Poligonu,0,52.8,41.391,LAZER
2026-09-24 18:49:49,Atıcı 1,1. Sabit Mesafe Poligonu,0,162.75,42.702,LAZER
2026-09-24 18:49:49,Atıcı 1,1. Sabit Mesafe Poligonu,0,159.15,42.991,LAZER
2026-09-24 18:49:49,Atıcı 1,1. Sabit Mesafe Poligonu,0,153.94,43.392,LAZER
2026-09-24 18:49:50,Atıcı 1,1. Sabit Mesafe Poligonu,0,161.72,43.998,LAZER
2026-09-24 18:49:52,Atıcı 1,1. Sabit Mesafe Poligonu,0,148.66,46.207,LAZER
2026-09-24 18:49:52,Atıcı 1,1. Sabit Mesafe Poligonu,0,124.52,46.4,LAZER
2026-09-24 18:49:53,Atıcı 1,1. Sabit Mesafe Poligonu,0,88.73,47.2,LAZER
2026-09-24 18:49:55,Atıcı 1,1. Sabit Mesafe Poligonu,0,91.53,48.704,LAZER
2026-09-24 18:49:55,Atıcı 1,1. Sabit Mesafe Poligonu,0,104.29,48.912,LAZER
2026-09-24 18:49:55,Atıcı 1,1. Sabit Mesafe Poligonu,0,133.15,49.408,LAZER
2026-09-24 18:49:56,Atıcı 1,1. Sabit Mesafe Poligonu,0,143.42,50.015,LAZER
2026-09-24 18:49:59,Atıcı 1,1. Sabit Mesafe Poligonu,0,330.26,53.52,LAZER
2026-09-24 18:50:23,Atıcı 1,1. Sabit Mesafe Poligonu,0,169.53,77.566,LAZER
2026-09-24 18:50:24,Atıcı 1,1. Sabit Mesafe Poligonu,0,341.98,78.368,LAZER
2026-09-24 18:50:32,Atıcı 1,1. Sabit Mesafe Poligonu,0,330.95,86.19,LAZER
2026-09-24 18:50:37,Atıcı 1,1. Sabit Mesafe Poligonu,0,334.46,90.702,LAZER
2026-09-24 18:52:10,Atıcı 1,1. Sabit Mesafe Poligonu,0,333.76,184.304,LAZER
2026-09-24 18:52:13,Atıcı 1,1. Sabit Mesafe Poligonu,0,337.29,187.615,LAZER
2026-09-24 18:52:17,Atıcı 1,1. Sabit Mesafe Poligonu,0,100.45,191.425,LAZER
2026-09-24 18:52:19,Atıcı 1,1. Sabit Mesafe Poligonu,0,106.04,192.718,LAZER
2026-09-24 18:52:21,Atıcı 1,1. Sabit Mesafe Poligonu,0,107.06,195.232,LAZER
2026-09-24 18:52:35,Atıcı 1,1. Sabit Mesafe Poligonu,0,87.69,209.55,LAZER
2026-09-24 18:52:37,Atıcı 1,1. Sabit Mesafe Poligonu,0,93.26,210.861,LAZER
2026-09-24 18:52:37,Atıcı 1,1. Sabit Mesafe Poligonu,0,57.98,211.165,LAZER
2026-09-24 18:52:38,Atıcı 1,1. Sabit Mesafe Poligonu,100,8.54,212.463,LAZER
2026-09-24 18:52:40,Atıcı 1,1. Sabit Mesafe Poligonu,25,39.01,1.295,LAZER
2026-09-24 18:52:41,Atıcı 1,1. Sabit Mesafe Poligonu,0,79.63,1.407,LAZER
2026-09-24 18:52:41,Atıcı 1,1. Sabit Mesafe Poligonu,100,9.0,1.62,LAZER
2026-09-24 18:52:43,Atıcı 1,1. Sabit Mesafe Poligonu,0,115.32,1.499,LAZER
2026-09-24 18:52:45,Atıcı 1,1. Sabit Mesafe Poligonu,0,93.98,3.596,LAZER
2026-09-24 18:52:46,Atıcı 1,1. Sabit Mesafe Poligonu,0,95.44,5.196,LAZER
2026-09-24 18:52:47,Atıcı 1,1. Sabit Mesafe Poligonu,75,16.49,5.597,LAZER
2026-09-24 18:52:48,Atıcı 1,1. Sabit Mesafe Poligonu,0,77.83,1.312,LAZER
2026-09-24 18:52:49,Atıcı 1,1. Sabit Mesafe Poligonu,75,13.04,1.709,LAZER
2026-09-24 18:52:49,Atıcı 1,1. Sabit Mesafe Poligonu,0,78.52,0.498,LAZER
2026-09-24 18:52:49,Atıcı 1,1. Sabit Mesafe Poligonu,50,27.29,0.8,LAZER
2026-09-24 18:52:50,Atıcı 1,1. Sabit Mesafe Poligonu,25,37.48,0.609,LAZER
2026-09-24 18:52:50,Atıcı 1,1. Sabit Mesafe Poligonu,0,75.74,0.193,LAZER
2026-09-24 18:52:51,Atıcı 1,1. Sabit Mesafe Poligonu,0,78.34,1.296,LAZER
2026-09-24 18:52:51,Atıcı 1,1. Sabit Mesafe Poligonu,0,82.28,1.505,LAZER
2026-09-24 18:52:52,Atıcı 1,1. Sabit Mesafe Poligonu,0,79.31,1.792,LAZER
2026-09-24 18:52:52,Atıcı 1,1. Sabit Mesafe Poligonu,0,80.06,2.399,LAZER
2026-09-24 18:52:54,Atıcı 1,1. Sabit Mesafe Poligonu,0,91.83,3.904,LAZER
2026-09-24 18:52:54,Atıcı 1,1. Sabit Mesafe Poligonu,50,27.59,4.401,LAZER
2026-09-24 18:52:56,Atıcı 1,1. Sabit Mesafe Poligonu,0,94.81,1.598,LAZER
2026-09-24 18:52:57,Atıcı 1,1. Sabit Mesafe Poligonu,0,79.32,2.21,LAZER
2026-09-24 18:52:57,Atıcı 1,1. Sabit Mesafe Poligonu,0,69.03,2.606,LAZER
2026-09-24 18:52:59,Atıcı 1,1. Sabit Mesafe Poligonu,0,71.85,4.209,LAZER
2026-09-24 18:53:00,Atıcı 1,6. Düşen Çelik Plakalar (Plate Rack),0,54.92,1.155,LAZER
2026-09-24 18:53:03,Atıcı 1,6. Düşen Çelik Plakalar (Plate Rack),0,91.24,4.561,LAZER
2026-09-24 18:53:07,Atıcı 1,6. Düşen Çelik Plakalar (Plate Rack),0,31.14,7.97,LAZER
2026-09-24 18:53:09,Atıcı 1,6. Düşen Çelik Plakalar (Plate Rack),0,34.0,10.273,LAZER
2026-09-24 18:53:11,Atıcı 1,6. Düşen Çelik Plakalar (Plate Rack),100,11.31,12.788,LAZER
2026-09-24 18:53:12,Atıcı 1,6. Düşen Çelik Plakalar (Plate Rack),0,77.78,13.392,LAZER
2026-09-24 18:53:13,Atıcı 1,6. Düşen Çelik Plakalar (Plate Rack),0,68.03,13.986,LAZER
2026-09-24 18:53:14,Atıcı 1,6. Düşen Çelik Plakalar (Plate Rack),0,26.93,15.891,LAZER
2026-09-24 18:53:16,Atıcı 1,6. Düşen Çelik Plakalar (Plate Rack),0,233.01,16.995,LAZER
2026-09-24 18:53:16,Atıcı 1,6. Düşen Çelik Plakalar (Plate Rack),0,38.01,17.602,LAZER
2026-09-24 18:53:26,Atıcı 1,6. Düşen Çelik Plakalar (Plate Rack),100,15.13,27.827,LAZER
2026-09-24 18:53:28,Atıcı 1,6. Düşen Çelik Plakalar (Plate Rack),0,101.79,29.425,LAZER
2026-09-24 18:53:29,Atıcı 1,6. Düşen Çelik Plakalar (Plate Rack),0,39.12,30.625,LAZER
2026-09-24 18:53:29,Atıcı 1,6. Düşen Çelik Plakalar (Plate Rack),0,36.69,30.819,LAZER
2026-09-24 18:53:30,Atıcı 1,6. Düşen Çelik Plakalar (Plate Rack),0,115.12,31.425,LAZER
2026-09-24 18:53:36,Atıcı 1,6. Düşen Çelik Plakalar (Plate Rack),100,25.02,36.944,LAZER
2026-09-24 18:53:37,Atıcı 1,6. Düşen Çelik Plakalar (Plate Rack),0,159.25,38.033,LAZER
2026-09-24 18:53:39,Atıcı 1,6. Düşen Çelik Plakalar (Plate Rack),0,155.47,40.45,LAZER
2026-09-24 18:53:42,Atıcı 1,6. Düşen Çelik Plakalar (Plate Rack),0,166.38,43.153,LAZER
2026-09-24 18:53:42,Atıcı 1,6. Düşen Çelik Plakalar (Plate Rack),0,167.33,43.459,LAZER
2026-09-24 18:53:42,Atıcı 1,6. Düşen Çelik Plakalar (Plate Rack),0,165.8,43.858,LAZER
2026-09-24 18:53:43,Atıcı 1,6. Düşen Çelik Plakalar (Plate Rack),0,164.17,44.449,LAZER
2026-09-24 18:53:43,Atıcı 1,6. Düşen Çelik Plakalar (Plate Rack),0,167.33,44.853,LAZER
2026-09-24 18:53:44,Atıcı 1,6. Düşen Çelik Plakalar (Plate Rack),0,165.72,45.76,LAZER
2026-09-24 18:53:45,Atıcı 1,6. Düşen Çelik Plakalar (Plate Rack),0,166.34,46.466,LAZER
2026-09-24 18:53:48,Atıcı 1,6. Düşen Çelik Plakalar (Plate Rack),0,165.08,49.269,LAZER
2026-09-24 18:53:49,Atıcı 1,6. Düşen Çelik Plakalar (Plate Rack),0,160.98,50.676,LAZER
2026-09-24 18:53:52,Atıcı 1,6. Düşen Çelik Plakalar (Plate Rack),0,163.81,53.074,LAZER
2026-09-24 18:53:52,Atıcı 1,6. Düşen Çelik Plakalar (Plate Rack),0,160.98,53.682,LAZER
2026-09-24 18:53:53,Atıcı 1,6. Düşen Çelik Plakalar (Plate Rack),0,168.24,53.969,LAZER
2026-09-24 18:53:53,Atıcı 1,6. Düşen Çelik Plakalar (Plate Rack),0,164.45,54.577,LAZER
2026-09-24 18:53:53,Atıcı 1,6. Düşen Çelik Plakalar (Plate Rack),0,160.43,54.88,LAZER
2026-09-24 18:53:54,Atıcı 1,6. Düşen Çelik Plakalar (Plate Rack),0,163.17,55.282,LAZER
2026-09-24 18:53:54,Atıcı 1,6. Düşen Çelik Plakalar (Plate Rack),0,157.49,55.587,LAZER
2026-09-24 18:53:57,Atıcı 1,6. Düşen Çelik Plakalar (Plate Rack),0,166.38,58.296,LAZER
2026-09-24 18:54:03,Atıcı 1,6. Düşen Çelik Plakalar (Plate Rack),0,160.06,63.892,LAZER
2026-09-24 18:54:04,Atıcı 1,6. Düşen Çelik Plakalar (Plate Rack),0,165.42,64.9,LAZER
2026-09-24 18:54:04,Atıcı 1,6. Düşen Çelik Plakalar (Plate Rack),0,171.4,65.109,LAZER
2026-09-24 18:54:04,Atıcı 1,6. Düşen Çelik Plakalar (Plate Rack),0,164.71,65.506,LAZER
2026-09-24 18:54:05,Atıcı 1,6. Düşen Çelik Plakalar (Plate Rack),0,168.67,66.097,LAZER
2026-09-24 18:54:05,Atıcı 1,6. Düşen Çelik Plakalar (Plate Rack),0,169.58,66.405,LAZER
2026-09-24 18:54:05,Atıcı 1,6. Düşen Çelik Plakalar (Plate Rack),0,157.0,66.705,LAZER
2026-09-24 18:54:06,Atıcı 1,6. Düşen Çelik Plakalar (Plate Rack),0,158.43,67.105,LAZER
2026-09-24 18:54:06,Atıcı 1,6. Düşen Çelik Plakalar (Plate Rack),0,162.54,67.81,LAZER
2026-09-24 18:54:07,Atıcı 1,6. Düşen Çelik Plakalar (Plate Rack),0,167.6,68.612,LAZER
2026-09-24 18:54:09,Atıcı 1,6. Düşen Çelik Plakalar (Plate Rack),0,161.6,69.905,LAZER
2026-09-24 18:54:09,Atıcı 1,6. Düşen Çelik Plakalar (Plate Rack),0,160.65,70.113,LAZER
2026-09-24 18:54:09,Atıcı 1,6. Düşen Çelik Plakalar (Plate Rack),0,162.54,70.306,LAZER
2026-09-24 18:54:09,Atıcı 1,6. Düşen Çelik Plakalar (Plate Rack),0,160.85,70.818,LAZER
2026-09-24 18:54:10,Atıcı 1,6. Düşen Çelik Plakalar (Plate Rack),0,167.63,71.713,LAZER
2026-09-24 18:54:13,Atıcı 1,6. Düşen Çelik Plakalar (Plate Rack),0,151.54,74.326,LAZER
2026-09-24 18:54:14,Atıcı 1,6. Düşen Çelik Plakalar (Plate Rack),0,172.24,75.027,LAZER
2026-09-24 18:54:38,Atıcı 1,6. Düşen Çelik Plakalar (Plate Rack),0,160.06,98.98,LAZER
2026-09-24 18:54:38,Atıcı 1,6. Düşen Çelik Plakalar (Plate Rack),0,160.06,99.57,LAZER
2026-09-24 18:54:41,Atıcı 1,6. Düşen Çelik Plakalar (Plate Rack),0,166.03,102.787,LAZER
2026-09-24 18:54:42,Atıcı 1,6. Düşen Çelik Plakalar (Plate Rack),0,161.4,103.184,LAZER
2026-09-24 18:54:42,Atıcı 1,6. Düşen Çelik Plakalar (Plate Rack),0,156.04,103.89,LAZER
2026-09-24 18:54:43,Atıcı 1,6. Düşen Çelik Plakalar (Plate Rack),0,164.0,104.291,LAZER
2026-09-24 18:54:43,Atıcı 1,6. Düşen Çelik Plakalar (Plate Rack),0,172.54,104.48,LAZER
2026-09-24 18:54:49,Atıcı 1,6. Düşen Çelik Plakalar (Plate Rack),0,143.25,110.198,LAZER
2026-09-24 18:55:17,Atıcı 1,6. Düşen Çelik Plakalar (Plate Rack),0,182.85,138.657,LAZER
2026-09-24 18:55:17,Atıcı 1,6. Düşen Çelik Plakalar (Plate Rack),0,183.5,138.865,LAZER
2026-09-24 18:55:18,Atıcı 1,6. Düşen Çelik Plakalar (Plate Rack),0,185.08,139.058,LAZER
2026-09-24 18:55:18,Atıcı 1,6. Düşen Çelik Plakalar (Plate Rack),0,191.93,139.666,LAZER
2026-09-24 18:55:19,Atıcı 1,6. Düşen Çelik Plakalar (Plate Rack),0,189.99,140.165,LAZER
2026-09-24 18:55:19,Atıcı 1,6. Düşen Çelik Plakalar (Plate Rack),0,190.54,140.466,LAZER
2026-09-24 18:55:21,Atıcı 1,6. Düşen Çelik Plakalar (Plate Rack),0,179.6,142.468,LAZER
2026-09-24 18:55:22,Atıcı 1,6. Düşen Çelik Plakalar (Plate Rack),0,191.7,143.073,LAZER
2026-09-24 18:55:22,Atıcı 1,6. Düşen Çelik Plakalar (Plate Rack),0,189.99,143.475,LAZER
2026-09-24 18:55:40,Atıcı 1,6. Düşen Çelik Plakalar (Plate Rack),0,170.42,160.913,LAZER
2026-09-24 18:56:20,Atıcı 1,6. Düşen Çelik Plakalar (Plate Rack),0,246.44,201.09,LAZER
2026-09-24 18:59:00,Atıcı 1,6. Düşen Çelik Plakalar (Plate Rack),0,172.28,361.007,LAZER
2026-09-24 18:59:02,Atıcı 1,6. Düşen Çelik Plakalar (Plate Rack),0,192.51,362.992,LAZER
2026-09-24 18:59:02,Atıcı 1,6. Düşen Çelik Plakalar (Plate Rack),0,171.29,363.248,LAZER
2026-09-24 18:59:02,Atıcı 1,6. Düşen Çelik Plakalar (Plate Rack),0,171.29,363.616,LAZER
2026-09-24 18:59:08,Atıcı 1,6. Düşen Çelik Plakalar (Plate Rack),0,172.28,369.839,LAZER
2026-09-24 18:59:10,Atıcı 1,6. Düşen Çelik Plakalar (Plate Rack),0,192.82,370.979,LAZER
2026-09-24 18:59:10,Atıcı 1,6. Düşen Çelik Plakalar (Plate Rack),0,171.29,371.185,LAZER
2026-09-24 18:59:18,Atıcı 1,6. Düşen Çelik Plakalar (Plate Rack),0,171.29,379.202,LAZER
2026-09-24 18:59:29,Atıcı 1,6. Düşen Çelik Plakalar (Plate Rack),0,190.59,390.239,LAZER
2026-09-24 18:59:30,Atıcı 1,6. Düşen Çelik Plakalar (Plate Rack),0,172.28,391.026,LAZER
2026-09-24 18:59:30,Atıcı 1,6. Düşen Çelik Plakalar (Plate Rack),0,171.42,391.153,LAZER
2026-09-24 18:59:30,Atıcı 1,6. Düşen Çelik Plakalar (Plate Rack),0,248.65,391.262,LAZER
2026-09-24 18:59:31,Atıcı 1,6. Düşen Çelik Plakalar (Plate Rack),0,171.42,392.591,LAZER
2026-09-24 18:59:34,Atıcı 1,6. Düşen Çelik Plakalar (Plate Rack),0,172.28,395.122,LAZER
2026-09-24 18:59:44,Atıcı 1,6. Düşen Çelik Plakalar (Plate Rack),0,247.63,405.091,LAZER
2026-09-24 19:01:34,Atıcı 1,6. Düşen Çelik Plakalar (Plate Rack),0,175.41,515.107,LAZER
2026-09-24 19:01:47,Atıcı 1,6. Düşen Çelik Plakalar (Plate Rack),0,132.38,528.158,LAZER
2026-09-24 19:01:53,Atıcı 1,6. Düşen Çelik Plakalar (Plate Rack),0,263.89,534.721,LAZER
2026-09-24 19:02:12,Atıcı 1,6. Düşen Çelik Plakalar (Plate Rack),0,101.18,553.555,LAZER
2026-09-24 19:02:12,Atıcı 1,6. Düşen Çelik Plakalar (Plate Rack),0,263.46,553.791,LAZER
2026-09-24 19:02:13,Atıcı 1,6. Düşen Çelik Plakalar (Plate Rack),0,106.79,554.081,LAZER
2026-09-24 19:02:13,Atıcı 1,6. Düşen Çelik Plakalar (Plate Rack),0,103.02,554.625,LAZER
2026-09-24 19:02:13,Atıcı 1,6. Düşen Çelik Plakalar (Plate Rack),0,250.0,554.815,LAZER
2026-09-24 19:02:14,Atıcı 1,6. Düşen Çelik Plakalar (Plate Rack),0,106.51,554.992,LAZER
2026-09-24 19:02:14,Atıcı 1,6. Düşen Çelik Plakalar (Plate Rack),0,61.59,555.054,LAZER
2026-09-24 19:02:14,Atıcı 1,6. Düşen Çelik Plakalar (Plate Rack),0,66.61,555.152,LAZER
2026-09-24 19:02:14,Atıcı 1,6. Düşen Çelik Plakalar (Plate Rack),0,117.99,555.215,LAZER
2026-09-24 19:02:17,Atıcı 1,6. Düşen Çelik Plakalar (Plate Rack),0,206.55,557.984,LAZER
2026-09-24 19:02:17,Atıcı 1,6. Düşen Çelik Plakalar (Plate Rack),0,209.77,558.16,LAZER
2026-09-24 19:02:17,Atıcı 1,6. Düşen Çelik Plakalar (Plate Rack),0,215.19,558.257,LAZER
2026-09-24 19:13:21,Atıcı 1,1. Sabit Mesafe Poligonu,0,204.4,0.016,LAZER
2026-09-24 19:14:21,Atıcı 1,1. Sabit Mesafe Poligonu,0,104.14,60.631,PARMAK
2026-09-24 19:14:24,Atıcı 1,1. Sabit Mesafe Poligonu,50,28.16,62.78,PARMAK
2026-09-24 19:14:27,Atıcı 1,1. Sabit Mesafe Poligonu,0,51.61,2.969,PARMAK
2026-09-24 19:14:27,Atıcı 1,1. Sabit Mesafe Poligonu,25,38.83,3.366,PARMAK
2026-09-24 19:14:29,Atıcı 1,1. Sabit Mesafe Poligonu,25,41.11,2.072,PARMAK
2026-09-24 19:14:31,Atıcı 1,1. Sabit Mesafe Poligonu,0,65.19,2.285,PARMAK
2026-09-24 19:14:32,Atıcı 1,1. Sabit Mesafe Poligonu,0,76.22,2.637,PARMAK
2026-09-24 19:14:32,Atıcı 1,1. Sabit Mesafe Poligonu,25,43.05,2.882,PARMAK
2026-09-24 19:14:32,Atıcı 1,1. Sabit Mesafe Poligonu,50,30.89,0.203,PARMAK
2026-09-24 19:14:32,Atıcı 1,1. Sabit Mesafe Poligonu,50,33.11,0.197,PARMAK
2026-09-24 19:14:33,Atıcı 1,1. Sabit Mesafe Poligonu,0,48.76,0.436,PARMAK
2026-09-24 19:14:33,Atıcı 1,1. Sabit Mesafe Poligonu,0,58.83,0.633,PARMAK
2026-09-24 19:14:33,Atıcı 1,1. Sabit Mesafe Poligonu,0,87.46,0.831,PARMAK
2026-09-24 19:14:33,Atıcı 1,1. Sabit Mesafe Poligonu,0,126.91,1.033,PARMAK
2026-09-24 19:14:34,Atıcı 1,1. Sabit Mesafe Poligonu,0,157.05,1.39,PARMAK
2026-09-24 19:14:34,Atıcı 1,1. Sabit Mesafe Poligonu,75,19.03,1.903,PARMAK
2026-09-24 19:14:35,Atıcı 1,1. Sabit Mesafe Poligonu,0,79.0,0.331,PARMAK
2026-09-24 19:14:35,Atıcı 1,1. Sabit Mesafe Poligonu,50,29.41,0.965,PARMAK
2026-09-24 19:14:35,Atıcı 1,1. Sabit Mesafe Poligonu,50,25.81,0.197,PARMAK
2026-09-24 19:14:36,Atıcı 1,1. Sabit Mesafe Poligonu,0,46.69,0.196,PARMAK
2026-09-24 19:14:36,Atıcı 1,1. Sabit Mesafe Poligonu,75,22.36,0.47,PARMAK
2026-09-24 19:14:37,Atıcı 1,1. Sabit Mesafe Poligonu,50,27.46,0.681,PARMAK
2026-09-24 19:14:37,Atıcı 1,1. Sabit Mesafe Poligonu,75,20.25,0.274,PARMAK
2026-09-24 19:14:37,Atıcı 1,1. Sabit Mesafe Poligonu,50,24.74,0.235,PARMAK
2026-09-24 19:15:05,Atıcı 1,1. Sabit Mesafe Poligonu,25,37.74,27.477,PARMAK
2026-09-24 19:15:08,Atıcı 1,1. Sabit Mesafe Poligonu,50,31.62,3.602,PARMAK
2026-09-24 19:15:11,Atıcı 1,1. Sabit Mesafe Poligonu,25,39.12,3.257,PARMAK
2026-09-24 19:15:12,Atıcı 1,1. Sabit Mesafe Poligonu,25,41.23,0.194,PARMAK
2026-09-24 19:15:12,Atıcı 1,1. Sabit Mesafe Poligonu,25,41.4,0.197,PARMAK
2026-09-24 19:15:12,Atıcı 1,1. Sabit Mesafe Poligonu,25,40.8,0.391,PARMAK
2026-09-24 19:15:13,Atıcı 1,1. Sabit Mesafe Poligonu,25,37.7,0.46,PARMAK
2026-09-24 19:15:13,Atıcı 1,1. Sabit Mesafe Poligonu,25,38.6,0.298,PARMAK
2026-09-24 19:15:14,Atıcı 1,1. Sabit Mesafe Poligonu,25,45.62,1.239,PARMAK
2026-09-24 19:15:19,Atıcı 1,1. Sabit Mesafe Poligonu,0,225.22,4.501,PARMAK
2026-09-24 19:15:19,Atıcı 1,1. Sabit Mesafe Poligonu,0,187.68,5.088,PARMAK
2026-09-24 19:15:19,Atıcı 1,1. Sabit Mesafe Poligonu,0,194.25,5.277,PARMAK
2026-09-24 19:15:20,Atıcı 1,1. Sabit Mesafe Poligonu,0,178.01,6.001,PARMAK
2026-09-24 19:15:21,Atıcı 1,1. Sabit Mesafe Poligonu,0,221.47,7.16,PARMAK
2026-09-24 19:15:22,Atıcı 1,1. Sabit Mesafe Poligonu,0,214.95,7.637,PARMAK
2026-09-24 19:15:23,Atıcı 1,1. Sabit Mesafe Poligonu,0,227.04,9.327,PARMAK
2026-09-24 19:15:26,Atıcı 1,1. Sabit Mesafe Poligonu,0,245.33,11.846,PARMAK
2026-09-24 19:15:27,Atıcı 1,1. Sabit Mesafe Poligonu,0,251.6,12.438,PARMAK
2026-09-24 19:15:27,Atıcı 1,1. Sabit Mesafe Poligonu,0,265.67,13.059,PARMAK
2026-09-24 19:15:28,Atıcı 1,1. Sabit Mesafe Poligonu,0,217.91,14.33,PARMAK
2026-09-24 19:15:29,Atıcı 1,1. Sabit Mesafe Poligonu,0,202.41,14.607,PARMAK
2026-09-24 19:15:29,Atıcı 1,1. Sabit Mesafe Poligonu,0,217.33,14.831,PARMAK
2026-09-24 19:15:33,Atıcı 1,1. Sabit Mesafe Poligonu,0,230.22,18.73,PARMAK
2026-09-24 19:15:33,Atıcı 1,1. Sabit Mesafe Poligonu,0,245.08,19.263,PARMAK
2026-09-24 19:15:34,Atıcı 1,1. Sabit Mesafe Poligonu,0,228.66,19.84,PARMAK
2026-09-24 19:15:34,Atıcı 1,1. Sabit Mesafe Poligonu,0,249.51,20.11,PARMAK
2026-09-24 19:15:36,Atıcı 1,1. Sabit Mesafe Poligonu,0,246.03,21.637,PARMAK
2026-09-24 19:15:36,Atıcı 1,1. Sabit Mesafe Poligonu,0,246.03,21.828,PARMAK
2026-09-24 19:15:36,Atıcı 1,1. Sabit Mesafe Poligonu,0,250.0,22.21,PARMAK
2026-09-24 19:15:38,Atıcı 1,1. Sabit Mesafe Poligonu,0,242.55,23.388,PARMAK
2026-09-24 19:15:38,Atıcı 1,1. Sabit Mesafe Poligonu,0,249.84,23.59,PARMAK
2026-09-24 19:15:38,Atıcı 1,1. Sabit Mesafe Poligonu,0,245.73,23.786,PARMAK
2026-09-24 19:15:38,Atıcı 1,1. Sabit Mesafe Poligonu,0,250.77,24.322,PARMAK
2026-09-24 19:15:40,Atıcı 1,1. Sabit Mesafe Poligonu,0,233.38,26.101,PARMAK
2026-09-24 19:15:41,Atıcı 1,1. Sabit Mesafe Poligonu,0,249.82,26.603,PARMAK
2026-09-24 19:15:42,Atıcı 1,1. Sabit Mesafe Poligonu,0,249.61,27.639,PARMAK
2026-09-24 19:15:42,Atıcı 1,1. Sabit Mesafe Poligonu,0,218.19,27.948,PARMAK
2026-09-24 19:15:42,Atıcı 1,1. Sabit Mesafe Poligonu,0,220.41,28.331,PARMAK
2026-09-24 19:15:43,Atıcı 1,1. Sabit Mesafe Poligonu,0,228.32,28.559,PARMAK
2026-09-24 19:15:43,Atıcı 1,1. Sabit Mesafe Poligonu,0,223.89,28.762,PARMAK
2026-09-24 19:15:43,Atıcı 1,1. Sabit Mesafe Poligonu,0,229.9,29.139,PARMAK
2026-09-24 19:15:44,Atıcı 1,1. Sabit Mesafe Poligonu,0,228.65,29.408,PARMAK
2026-09-24 19:15:46,Atıcı 1,1. Sabit Mesafe Poligonu,0,223.27,31.415,PARMAK
2026-09-24 19:15:46,Atıcı 1,1. Sabit Mesafe Poligonu,0,223.9,31.604,PARMAK
2026-09-24 19:15:46,Atıcı 1,1. Sabit Mesafe Poligonu,0,230.36,31.912,PARMAK
2026-09-24 19:15:46,Atıcı 1,1. Sabit Mesafe Poligonu,0,224.61,32.212,PARMAK
2026-09-24 19:15:47,Atıcı 1,1. Sabit Mesafe Poligonu,0,213.68,32.665,PARMAK
2026-09-24 19:15:47,Atıcı 1,1. Sabit Mesafe Poligonu,0,212.78,32.93,PARMAK
2026-09-24 19:15:48,Atıcı 1,1. Sabit Mesafe Poligonu,0,221.74,33.65,PARMAK
2026-09-24 19:15:48,Atıcı 1,1. Sabit Mesafe Poligonu,0,216.3,33.949,PARMAK
2026-09-24 19:15:48,Atıcı 1,1. Sabit Mesafe Poligonu,0,217.44,34.175,PARMAK
2026-09-24 19:15:49,Atıcı 1,1. Sabit Mesafe Poligonu,0,230.54,34.478,PARMAK
2026-09-24 19:15:49,Atıcı 1,1. Sabit Mesafe Poligonu,0,228.96,34.878,PARMAK
2026-09-24 19:15:50,Atıcı 1,1. Sabit Mesafe Poligonu,0,245.2,35.561,PARMAK
2026-09-24 19:15:50,Atıcı 1,1. Sabit Mesafe Poligonu,0,235.47,35.788,PARMAK
2026-09-24 19:15:51,Atıcı 1,1. Sabit Mesafe Poligonu,0,214.97,37.137,PARMAK
2026-09-24 19:15:51,Atıcı 1,1. Sabit Mesafe Poligonu,0,214.67,37.327,PARMAK
2026-09-24 19:16:39,Atıcı 1,1. Sabit Mesafe Poligonu,0,123.69,84.722,PARMAK
2026-09-24 19:16:45,Atıcı 1,1. Sabit Mesafe Poligonu,0,223.03,90.556,PARMAK
2026-09-24 19:16:46,Atıcı 1,1. Sabit Mesafe Poligonu,0,82.76,91.765,PARMAK
2026-09-24 19:16:48,Atıcı 1,1. Sabit Mesafe Poligonu,0,75.03,94.023,PARMAK
2026-09-24 19:17:00,Atıcı 1,1. Sabit Mesafe Poligonu,0,186.32,105.493,PARMAK
2026-09-24 19:17:00,Atıcı 1,1. Sabit Mesafe Poligonu,0,185.93,105.719,PARMAK
2026-09-24 19:17:03,Atıcı 1,1. Sabit Mesafe Poligonu,0,188.96,109.284,PARMAK
2026-09-24 19:17:29,Atıcı 1,1. Sabit Mesafe Poligonu,0,248.82,134.356,PARMAK
2026-09-24 19:17:32,Atıcı 1,1. Sabit Mesafe Poligonu,0,242.62,137.866,PARMAK
2026-09-24 19:17:35,Atıcı 1,1. Sabit Mesafe Poligonu,0,150.69,140.849,PARMAK
2026-09-24 19:17:36,Atıcı 1,1. Sabit Mesafe Poligonu,0,160.18,141.384,PARMAK
2026-09-24 19:17:37,Atıcı 1,1. Sabit Mesafe Poligonu,0,159.66,143.033,PARMAK
2026-09-24 19:17:41,Atıcı 1,1. Sabit Mesafe Poligonu,0,238.31,147.0,PARMAK
2026-09-24 19:17:42,Atıcı 1,1. Sabit Mesafe Poligonu,0,239.13,147.608,PARMAK
2026-09-24 19:17:42,Atıcı 1,1. Sabit Mesafe Poligonu,0,240.29,147.798,PARMAK
2026-09-24 19:17:43,Atıcı 1,1. Sabit Mesafe Poligonu,0,253.82,149.002,PARMAK
2026-09-24 19:17:43,Atıcı 1,1. Sabit Mesafe Poligonu,0,247.26,149.189,PARMAK
2026-09-24 19:17:44,Atıcı 1,1. Sabit Mesafe Poligonu,0,258.82,149.392,PARMAK
2026-09-24 19:17:44,Atıcı 1,1. Sabit Mesafe Poligonu,0,240.29,150.224,PARMAK
2026-09-24 19:17:46,Atıcı 1,1. Sabit Mesafe Poligonu,0,245.52,151.779,PARMAK
2026-09-24 19:17:46,Atıcı 1,1. Sabit Mesafe Poligonu,0,249.2,152.08,PARMAK
2026-09-24 19:17:47,Atıcı 1,1. Sabit Mesafe Poligonu,0,253.92,153.219,PARMAK
2026-09-24 19:17:48,Atıcı 1,1. Sabit Mesafe Poligonu,0,250.06,153.61,PARMAK
2026-09-24 19:17:48,Atıcı 1,1. Sabit Mesafe Poligonu,0,246.6,153.985,PARMAK
2026-09-24 19:17:48,Atıcı 1,1. Sabit Mesafe Poligonu,0,257.86,154.182,PARMAK
2026-09-24 19:17:49,Atıcı 1,1. Sabit Mesafe Poligonu,0,241.68,154.445,PARMAK
2026-09-24 19:17:51,Atıcı 1,1. Sabit Mesafe Poligonu,0,243.66,157.208,PARMAK
2026-09-24 19:17:52,Atıcı 1,1. Sabit Mesafe Poligonu,0,256.2,157.704,PARMAK
2026-09-24 19:17:52,Atıcı 1,1. Sabit Mesafe Poligonu,0,254.02,158.05,PARMAK
2026-09-24 19:17:53,Atıcı 1,1. Sabit Mesafe Poligonu,0,241.45,158.842,PARMAK
2026-09-24 19:17:53,Atıcı 1,1. Sabit Mesafe Poligonu,0,238.31,159.154,PARMAK
2026-09-24 19:17:54,Atıcı 1,1. Sabit Mesafe Poligonu,0,254.68,159.47,PARMAK
2026-09-24 19:18:16,Atıcı 1,1. Sabit Mesafe Poligonu,0,241.3,182.07,PARMAK
2026-09-24 19:18:19,Atıcı 1,1. Sabit Mesafe Poligonu,0,238.17,184.547,PARMAK
2026-09-24 19:18:34,Atıcı 1,1. Sabit Mesafe Poligonu,0,168.88,200.134,PARMAK
2026-09-24 19:18:34,Atıcı 1,1. Sabit Mesafe Poligonu,0,145.78,200.333,PARMAK
2026-09-24 19:18:37,Atıcı 1,1. Sabit Mesafe Poligonu,0,102.47,202.664,PARMAK
2026-09-24 19:18:37,Atıcı 1,1. Sabit Mesafe Poligonu,0,101.6,202.861,PARMAK
2026-09-24 19:18:37,Atıcı 1,1. Sabit Mesafe Poligonu,0,102.22,203.097,PARMAK
2026-09-24 19:18:38,Atıcı 1,1. Sabit Mesafe Poligonu,0,107.54,203.686,PARMAK
2026-09-24 19:18:38,Atıcı 1,1. Sabit Mesafe Poligonu,0,148.53,204.132,PARMAK
2026-09-24 19:18:39,Atıcı 1,1. Sabit Mesafe Poligonu,0,225.57,204.563,PARMAK
2026-09-24 19:18:42,Atıcı 1,1. Sabit Mesafe Poligonu,0,277.61,207.665,PARMAK
2026-09-24 19:18:43,Atıcı 1,1. Sabit Mesafe Poligonu,0,257.66,208.372,PARMAK
2026-09-24 19:18:43,Atıcı 1,1. Sabit Mesafe Poligonu,0,86.21,208.845,PARMAK
2026-09-24 19:18:43,Atıcı 1,1. Sabit Mesafe Poligonu,0,225.66,209.075,PARMAK
2026-09-24 19:18:43,Atıcı 1,1. Sabit Mesafe Poligonu,0,173.25,209.275,PARMAK
2026-09-24 19:18:46,Atıcı 1,1. Sabit Mesafe Poligonu,0,136.57,211.66,PARMAK
2026-09-24 19:18:54,Atıcı 1,1. Sabit Mesafe Poligonu,0,82.2,219.454,PARMAK
2026-09-24 19:19:14,Atıcı 1,1. Sabit Mesafe Poligonu,0,144.59,239.538,PARMAK
2026-09-24 19:19:36,Atıcı 1,1. Sabit Mesafe Poligonu,0,154.83,262.318,PARMAK
2026-09-24 19:19:38,Atıcı 1,1. Sabit Mesafe Poligonu,0,127.12,264.216,PARMAK
2026-09-24 19:19:45,Atıcı 1,1. Sabit Mesafe Poligonu,0,134.45,270.583,PARMAK
2026-09-24 19:19:45,Atıcı 1,1. Sabit Mesafe Poligonu,0,148.0,270.8,PARMAK
2026-09-24 19:19:50,Atıcı 1,1. Sabit Mesafe Poligonu,0,194.59,276.236,PARMAK
2026-09-24 19:20:52,Atıcı 1,1. Sabit Mesafe Poligonu,0,174.04,337.79,PARMAK
2026-09-24 19:20:54,Atıcı 1,1. Sabit Mesafe Poligonu,0,119.54,339.631,PARMAK
2026-09-24 19:21:25,Atıcı 1,1. Sabit Mesafe Poligonu,0,324.23,0.016,LAZER
2026-09-24 19:24:20,Atıcı 1,1. Sabit Mesafe Poligonu,0,142.66,174.49,LAZER
2026-09-24 19:24:20,Atıcı 1,1. Sabit Mesafe Poligonu,0,142.67,174.762,LAZER
2026-09-24 19:24:20,Atıcı 1,1. Sabit Mesafe Poligonu,0,136.47,174.826,LAZER
2026-09-24 19:32:21,Atıcı 1,1. Sabit Mesafe Poligonu,25,37.22,0.134,LAZER
2026-09-24 19:32:23,Atıcı 1,1. Sabit Mesafe Poligonu,0,107.82,1.815,LAZER
2026-09-24 19:32:23,Atıcı 1,1. Sabit Mesafe Poligonu,0,189.84,1.879,LAZER
2026-09-24 19:32:26,Atıcı 1,1. Sabit Mesafe Poligonu,0,59.41,4.39,LAZER
2026-09-24 19:32:26,Atıcı 1,1. Sabit Mesafe Poligonu,0,128.46,5.222,LAZER
2026-09-24 19:32:28,Atıcı 1,1. Sabit Mesafe Poligonu,0,125.1,7.143,LAZER
2026-09-24 19:32:28,Atıcı 1,1. Sabit Mesafe Poligonu,0,125.1,7.208,LAZER
2026-09-24 19:32:32,Atıcı 1,1. Sabit Mesafe Poligonu,0,147.57,11.093,LAZER
2026-09-24 19:32:50,Atıcı 1,1. Sabit Mesafe Poligonu,0,182.17,28.518,LAZER
2026-09-24 19:32:51,Atıcı 1,1. Sabit Mesafe Poligonu,0,110.68,29.99,LAZER
2026-09-24 19:32:52,Atıcı 1,1. Sabit Mesafe Poligonu,0,110.14,30.662,LAZER
2026-09-24 19:32:52,Atıcı 1,1. Sabit Mesafe Poligonu,0,166.39,31.288,LAZER
2026-09-24 19:32:54,Atıcı 1,1. Sabit Mesafe Poligonu,0,184.89,32.968,LAZER
2026-09-24 19:32:54,Atıcı 1,1. Sabit Mesafe Poligonu,0,185.16,33.094,LAZER
2026-09-24 19:32:55,Atıcı 1,1. Sabit Mesafe Poligonu,0,183.93,34.054,LAZER
2026-09-24 19:32:56,Atıcı 1,1. Sabit Mesafe Poligonu,0,161.38,34.426,LAZER
2026-09-24 19:32:58,Atıcı 1,1. Sabit Mesafe Poligonu,0,164.54,37.029,LAZER
2026-09-24 19:32:58,Atıcı 1,1. Sabit Mesafe Poligonu,0,171.03,37.127,LAZER
2026-09-24 19:32:58,Atıcı 1,1. Sabit Mesafe Poligonu,0,117.69,37.254,LAZER
2026-09-24 19:32:59,Atıcı 1,1. Sabit Mesafe Poligonu,0,178.04,37.367,LAZER
2026-09-24 19:32:59,Atıcı 1,1. Sabit Mesafe Poligonu,0,187.0,37.589,LAZER
2026-09-24 19:32:59,Atıcı 1,1. Sabit Mesafe Poligonu,0,146.0,37.765,LAZER
2026-09-24 19:33:06,Atıcı 1,1. Sabit Mesafe Poligonu,0,128.84,45.043,MOUSE/TIK
2026-09-24 19:33:07,Atıcı 1,1. Sabit Mesafe Poligonu,0,64.66,46.167,LAZER
2026-09-24 19:33:07,Atıcı 1,1. Sabit Mesafe Poligonu,0,63.29,46.263,LAZER
2026-09-24 19:33:08,Atıcı 1,1. Sabit Mesafe Poligonu,0,86.76,47.127,LAZER
2026-09-24 19:33:09,Atıcı 1,1. Sabit Mesafe Poligonu,0,89.89,47.992,LAZER
2026-09-24 19:33:09,Atıcı 1,1. Sabit Mesafe Poligonu,0,112.0,48.054,LAZER
2026-09-24 19:33:12,Atıcı 1,1. Sabit Mesafe Poligonu,0,85.56,50.759,LAZER
2026-09-24 19:33:12,Atıcı 1,1. Sabit Mesafe Poligonu,0,86.28,50.857,LAZER
2026-09-24 19:33:17,Atıcı 1,1. Sabit Mesafe Poligonu,0,112.89,55.399,LAZER
2026-09-24 19:33:17,Atıcı 1,1. Sabit Mesafe Poligonu,0,112.89,55.496,LAZER
2026-09-24 19:33:17,Atıcı 1,1. Sabit Mesafe Poligonu,75,17.12,55.56,LAZER
2026-09-24 19:33:17,Atıcı 1,1. Sabit Mesafe Poligonu,0,112.89,0.303,LAZER
2026-09-24 19:33:17,Atıcı 1,1. Sabit Mesafe Poligonu,0,113.46,0.368,LAZER
2026-09-24 19:33:17,Atıcı 1,1. Sabit Mesafe Poligonu,50,31.05,0.559,LAZER
2026-09-24 19:33:17,Atıcı 1,1. Sabit Mesafe Poligonu,0,113.46,0.111,LAZER
2026-09-24 19:33:17,Atıcı 1,1. Sabit Mesafe Poligonu,50,27.46,0.177,LAZER
2026-09-24 19:33:18,Atıcı 1,1. Sabit Mesafe Poligonu,50,34.37,0.528,LAZER
2026-09-24 19:33:18,Atıcı 1,1. Sabit Mesafe Poligonu,50,25.5,0.097,LAZER
2026-09-24 19:33:18,Atıcı 1,1. Sabit Mesafe Poligonu,50,36.06,0.302,LAZER
2026-09-24 19:33:19,Atıcı 1,1. Sabit Mesafe Poligonu,25,40.05,0.335,LAZER
2026-09-24 19:33:19,Atıcı 1,1. Sabit Mesafe Poligonu,50,23.02,0.21,LAZER
2026-09-24 19:33:21,Atıcı 1,1. Sabit Mesafe Poligonu,0,239.83,2.064,LAZER
2026-09-24 19:33:21,Atıcı 1,1. Sabit Mesafe Poligonu,0,88.02,2.224,LAZER
2026-09-24 19:33:22,Atıcı 1,1. Sabit Mesafe Poligonu,0,116.76,2.686,LAZER
2026-09-24 19:33:22,Atıcı 1,1. Sabit Mesafe Poligonu,0,221.82,2.895,LAZER
2026-09-24 19:33:22,Atıcı 1,1. Sabit Mesafe Poligonu,25,43.42,3.52,LAZER
2026-09-24 19:33:24,Atıcı 1,1. Sabit Mesafe Poligonu,0,127.06,1.408,LAZER
2026-09-24 19:33:24,Atıcı 1,1. Sabit Mesafe Poligonu,0,127.53,1.472,LAZER
2026-09-24 19:33:24,Atıcı 1,1. Sabit Mesafe Poligonu,25,43.68,1.635,LAZER
2026-09-24 19:33:25,Atıcı 1,1. Sabit Mesafe Poligonu,0,127.06,0.477,LAZER
2026-09-24 19:33:25,Atıcı 1,1. Sabit Mesafe Poligonu,50,27.02,0.573,LAZER
2026-09-24 19:33:25,Atıcı 1,1. Sabit Mesafe Poligonu,50,34.48,0.273,LAZER
2026-09-24 19:33:25,Atıcı 1,1. Sabit Mesafe Poligonu,0,139.85,0.495,LAZER
2026-09-24 19:33:27,Atıcı 1,1. Sabit Mesafe Poligonu,75,22.0,1.951,LAZER
2026-09-24 19:33:27,Atıcı 1,1. Sabit Mesafe Poligonu,75,12.17,0.111,LAZER
2026-09-24 19:33:27,Atıcı 1,1. Sabit Mesafe Poligonu,75,20.4,0.223,LAZER
2026-09-24 19:33:28,Atıcı 1,1. Sabit Mesafe Poligonu,0,112.58,0.608,LAZER
2026-09-24 19:33:28,Atıcı 1,1. Sabit Mesafe Poligonu,75,16.4,0.802,LAZER
2026-09-24 19:33:29,Atıcı 1,1. Sabit Mesafe Poligonu,100,7.62,0.671,LAZER
2026-09-24 19:33:29,Atıcı 1,1. Sabit Mesafe Poligonu,75,15.3,0.193,LAZER
2026-09-24 19:33:29,Atıcı 1,1. Sabit Mesafe Poligonu,25,44.15,0.399,LAZER
2026-09-24 19:33:30,Atıcı 1,1. Sabit Mesafe Poligonu,0,118.21,0.273,LAZER
2026-09-24 19:33:30,Atıcı 1,1. Sabit Mesafe Poligonu,0,119.08,0.352,LAZER
2026-09-24 19:33:30,Atıcı 1,1. Sabit Mesafe Poligonu,75,10.0,0.53,LAZER
2026-09-24 19:33:30,Atıcı 1,1. Sabit Mesafe Poligonu,25,40.45,0.062,LAZER
2026-09-24 19:33:30,Atıcı 1,1. Sabit Mesafe Poligonu,0,211.8,0.175,LAZER
2026-09-24 19:33:31,Atıcı 1,1. Sabit Mesafe Poligonu,0,120.93,1.072,LAZER
2026-09-24 19:33:31,Atıcı 1,1. Sabit Mesafe Poligonu,0,123.71,1.6,LAZER
2026-09-24 19:33:32,Atıcı 1,1. Sabit Mesafe Poligonu,0,126.78,2.143,LAZER
2026-09-24 19:33:32,Atıcı 1,1. Sabit Mesafe Poligonu,0,129.54,2.369,LAZER
2026-09-24 19:33:37,Atıcı 1,1. Sabit Mesafe Poligonu,0,101.64,7.01,LAZER
2026-09-24 19:33:37,Atıcı 1,1. Sabit Mesafe Poligonu,0,102.46,7.379,LAZER
2026-09-24 19:33:38,Atıcı 1,1. Sabit Mesafe Poligonu,0,156.26,7.664,LAZER
2026-09-24 19:33:38,Atıcı 1,1. Sabit Mesafe Poligonu,0,153.77,7.903,LAZER
2026-09-24 19:33:38,Atıcı 1,1. Sabit Mesafe Poligonu,0,214.52,7.967,LAZER
2026-09-24 19:33:38,Atıcı 1,1. Sabit Mesafe Poligonu,0,108.93,8.034,LAZER
2026-09-24 19:33:38,Atıcı 1,1. Sabit Mesafe Poligonu,0,149.64,8.112,LAZER
2026-09-24 19:33:38,Atıcı 1,1. Sabit Mesafe Poligonu,0,123.98,8.175,LAZER
2026-09-24 19:33:40,Atıcı 1,1. Sabit Mesafe Poligonu,0,129.47,10.302,LAZER
2026-09-24 19:33:40,Atıcı 1,1. Sabit Mesafe Poligonu,0,130.39,10.543,LAZER
2026-09-24 19:33:41,Atıcı 1,1. Sabit Mesafe Poligonu,0,130.39,10.641,LAZER
2026-09-24 19:33:41,Atıcı 1,1. Sabit Mesafe Poligonu,0,130.78,10.703,LAZER
2026-09-24 19:33:41,Atıcı 1,1. Sabit Mesafe Poligonu,0,129.47,10.864,LAZER
2026-09-24 19:33:41,Atıcı 1,1. Sabit Mesafe Poligonu,75,18.68,11.072,LAZER
2026-09-24 19:33:41,Atıcı 1,1. Sabit Mesafe Poligonu,75,19.92,0.463,LAZER
2026-09-24 19:33:41,Atıcı 1,1. Sabit Mesafe Poligonu,0,131.7,0.065,LAZER
2026-09-24 19:33:42,Atıcı 1,1. Sabit Mesafe Poligonu,75,22.47,0.434,LAZER
2026-09-24 19:33:42,Atıcı 1,1. Sabit Mesafe Poligonu,0,130.39,0.096,LAZER
2026-09-24 19:33:42,Atıcı 1,1. Sabit Mesafe Poligonu,0,129.87,0.431,LAZER
2026-09-24 19:33:42,Atıcı 1,1. Sabit Mesafe Poligonu,0,130.78,0.607,LAZER
2026-09-24 19:33:43,Atıcı 1,1. Sabit Mesafe Poligonu,0,130.78,0.862,LAZER
2026-09-24 19:33:43,Atıcı 1,1. Sabit Mesafe Poligonu,0,130.78,1.008,LAZER
2026-09-24 19:33:43,Atıcı 1,1. Sabit Mesafe Poligonu,0,130.78,1.231,LAZER
2026-09-24 19:33:43,Atıcı 1,1. Sabit Mesafe Poligonu,0,131.18,1.438,LAZER
2026-09-24 19:33:44,Atıcı 1,1. Sabit Mesafe Poligonu,75,17.89,1.839,LAZER
2026-09-24 19:33:45,Atıcı 1,1. Sabit Mesafe Poligonu,0,60.61,1.458,LAZER
2026-09-24 19:33:45,Atıcı 1,1. Sabit Mesafe Poligonu,0,59.82,1.632,LAZER
2026-09-24 19:33:45,Atıcı 1,1. Sabit Mesafe Poligonu,0,60.75,1.791,LAZER
2026-09-24 19:33:46,Atıcı 1,1. Sabit Mesafe Poligonu,0,60.75,1.999,LAZER
2026-09-24 19:33:46,Atıcı 1,1. Sabit Mesafe Poligonu,0,61.06,2.193,LAZER
2026-09-24 19:33:46,Atıcı 1,1. Sabit Mesafe Poligonu,0,63.29,2.255,LAZER
2026-09-24 19:33:47,Atıcı 1,1. Sabit Mesafe Poligonu,0,64.14,2.962,LAZER
2026-09-24 19:33:47,Atıcı 1,1. Sabit Mesafe Poligonu,0,201.3,3.296,LAZER
2026-09-24 19:33:47,Atıcı 1,1. Sabit Mesafe Poligonu,0,132.97,3.599,LAZER
2026-09-24 19:33:49,Atıcı 1,1. Sabit Mesafe Poligonu,0,80.06,5.294,LAZER
2026-09-24 19:33:49,Atıcı 1,1. Sabit Mesafe Poligonu,0,50.25,5.359,LAZER
2026-09-24 19:33:49,Atıcı 1,1. Sabit Mesafe Poligonu,0,52.84,5.567,LAZER
2026-09-24 19:33:56,Atıcı 1,1. Sabit Mesafe Poligonu,0,57.31,12.527,LAZER
2026-09-24 19:34:00,Atıcı 1,1. Sabit Mesafe Poligonu,0,66.48,16.799,LAZER
2026-09-24 19:34:01,Atıcı 1,1. Sabit Mesafe Poligonu,0,79.61,16.865,LAZER
2026-09-24 19:34:01,Atıcı 1,1. Sabit Mesafe Poligonu,0,73.93,16.926,LAZER
2026-09-24 19:34:03,Atıcı 1,1. Sabit Mesafe Poligonu,0,117.41,19.199,LAZER
2026-09-24 19:34:03,Atıcı 1,1. Sabit Mesafe Poligonu,0,117.41,19.329,LAZER
2026-09-24 19:34:03,Atıcı 1,1. Sabit Mesafe Poligonu,0,100.72,19.464,LAZER
2026-09-24 19:34:04,Atıcı 1,1. Sabit Mesafe Poligonu,0,72.0,19.855,LAZER
2026-09-24 19:34:04,Atıcı 1,1. Sabit Mesafe Poligonu,0,114.56,20.304,LAZER
2026-09-24 19:34:04,Atıcı 1,1. Sabit Mesafe Poligonu,0,114.56,20.399,LAZER
2026-09-24 19:34:04,Atıcı 1,1. Sabit Mesafe Poligonu,0,114.56,20.495,LAZER
2026-09-24 19:34:04,Atıcı 1,1. Sabit Mesafe Poligonu,0,110.75,20.656,LAZER
2026-09-24 19:34:05,Atıcı 1,1. Sabit Mesafe Poligonu,0,54.49,20.864,LAZER
2026-09-24 19:34:05,Atıcı 1,1. Sabit Mesafe Poligonu,0,52.5,20.926,LAZER
2026-09-24 19:34:05,Atıcı 1,1. Sabit Mesafe Poligonu,0,318.22,20.99,LAZER
2026-09-24 19:34:05,Atıcı 1,1. Sabit Mesafe Poligonu,0,51.86,21.103,LAZER
2026-09-24 19:34:05,Atıcı 1,1. Sabit Mesafe Poligonu,0,53.91,21.759,LAZER
2026-09-24 19:34:06,Atıcı 1,1. Sabit Mesafe Poligonu,25,45.12,21.903,LAZER
2026-09-24 19:34:06,Atıcı 1,1. Sabit Mesafe Poligonu,0,74.11,0.096,LAZER
2026-09-24 19:34:06,Atıcı 1,1. Sabit Mesafe Poligonu,0,55.03,0.224,LAZER
2026-09-24 19:34:06,Atıcı 1,1. Sabit Mesafe Poligonu,0,110.11,0.895,LAZER
2026-09-24 19:34:07,Atıcı 1,1. Sabit Mesafe Poligonu,0,110.75,0.993,LAZER
2026-09-24 19:34:07,Atıcı 1,1. Sabit Mesafe Poligonu,0,110.75,1.12,LAZER
2026-09-24 19:34:07,Atıcı 1,1. Sabit Mesafe Poligonu,0,84.22,1.199,LAZER
2026-09-24 19:34:07,Atıcı 1,1. Sabit Mesafe Poligonu,25,45.22,1.294,LAZER
2026-09-24 19:34:08,Atıcı 1,1. Sabit Mesafe Poligonu,0,191.38,0.769,LAZER
2026-09-24 19:34:09,Atıcı 1,1. Sabit Mesafe Poligonu,0,65.12,2.496,LAZER
2026-09-24 19:34:10,Atıcı 1,1. Sabit Mesafe Poligonu,0,319.6,3.426,LAZER
2026-09-24 19:34:10,Atıcı 1,1. Sabit Mesafe Poligonu,0,319.6,3.537,LAZER
2026-09-24 19:34:11,Atıcı 1,1. Sabit Mesafe Poligonu,0,71.39,3.825,LAZER
2026-09-24 19:34:11,Atıcı 1,1. Sabit Mesafe Poligonu,0,68.45,3.97,LAZER
2026-09-24 19:34:12,Atıcı 1,1. Sabit Mesafe Poligonu,0,72.18,5.025,LAZER
2026-09-24 19:34:13,Atıcı 1,1. Sabit Mesafe Poligonu,0,69.05,5.728,LAZER
2026-09-24 19:34:13,Atıcı 1,1. Sabit Mesafe Poligonu,0,72.18,6.001,LAZER
2026-09-24 19:34:14,Atıcı 1,1. Sabit Mesafe Poligonu,0,116.85,7.058,LAZER
2026-09-24 19:34:14,Atıcı 1,1. Sabit Mesafe Poligonu,0,319.6,7.137,LAZER
2026-09-24 19:34:14,Atıcı 1,1. Sabit Mesafe Poligonu,0,319.6,7.328,LAZER
2026-09-24 19:34:14,Atıcı 1,1. Sabit Mesafe Poligonu,0,47.41,7.537,LAZER
2026-09-24 19:34:15,Atıcı 1,1. Sabit Mesafe Poligonu,0,46.04,8.561,LAZER
2026-09-24 19:34:16,Atıcı 1,1. Sabit Mesafe Poligonu,0,319.6,8.993,LAZER
2026-09-24 19:34:16,Atıcı 1,1. Sabit Mesafe Poligonu,0,95.21,9.138,LAZER
2026-09-24 19:34:18,Atıcı 1,1. Sabit Mesafe Poligonu,0,178.62,11.057,LAZER
2026-09-24 19:34:19,Atıcı 1,1. Sabit Mesafe Poligonu,0,81.49,11.856,LAZER
2026-09-24 19:34:19,Atıcı 1,1. Sabit Mesafe Poligonu,0,114.69,12.162,LAZER
2026-09-24 19:34:19,Atıcı 1,1. Sabit Mesafe Poligonu,0,98.66,12.561,LAZER
2026-09-24 19:34:20,Atıcı 1,1. Sabit Mesafe Poligonu,0,113.95,12.803,LAZER
2026-09-24 19:34:20,Atıcı 1,1. Sabit Mesafe Poligonu,0,71.85,12.897,LAZER
2026-09-24 19:34:20,Atıcı 1,1. Sabit Mesafe Poligonu,0,71.85,12.962,LAZER
2026-09-24 19:34:20,Atıcı 1,1. Sabit Mesafe Poligonu,0,72.84,13.361,LAZER
2026-09-24 19:34:21,Atıcı 1,1. Sabit Mesafe Poligonu,0,72.99,14.434,LAZER
2026-09-24 19:34:22,Atıcı 1,1. Sabit Mesafe Poligonu,0,318.22,14.929,LAZER
2026-09-24 19:34:22,Atıcı 1,1. Sabit Mesafe Poligonu,0,71.39,15.136,LAZER
2026-09-24 19:34:22,Atıcı 1,1. Sabit Mesafe Poligonu,0,50.09,15.266,LAZER
2026-09-24 19:34:22,Atıcı 1,1. Sabit Mesafe Poligonu,0,92.66,15.426,LAZER
2026-09-24 19:34:23,Atıcı 1,1. Sabit Mesafe Poligonu,0,171.71,16.033,LAZER
2026-09-24 19:34:27,Atıcı 1,1. Sabit Mesafe Poligonu,0,109.71,20.256,LAZER
2026-09-24 19:34:27,Atıcı 1,1. Sabit Mesafe Poligonu,0,109.71,20.465,LAZER
2026-09-24 19:34:28,Atıcı 1,1. Sabit Mesafe Poligonu,0,106.22,20.625,LAZER
2026-09-24 19:34:28,Atıcı 1,1. Sabit Mesafe Poligonu,0,106.22,20.737,LAZER
2026-09-24 19:34:28,Atıcı 1,1. Sabit Mesafe Poligonu,0,106.96,20.801,LAZER
2026-09-24 19:34:29,Atıcı 1,1. Sabit Mesafe Poligonu,0,111.87,21.906,LAZER
2026-09-24 19:34:32,Atıcı 1,1. Sabit Mesafe Poligonu,0,64.62,25.505,LAZER
2026-09-24 19:34:33,Atıcı 1,1. Sabit Mesafe Poligonu,0,124.62,25.794,LAZER
2026-09-24 19:34:36,Atıcı 1,1. Sabit Mesafe Poligonu,0,57.57,28.897,LAZER
2026-09-24 19:34:38,Atıcı 1,1. Sabit Mesafe Poligonu,0,86.09,30.865,LAZER
2026-09-24 19:34:38,Atıcı 1,1. Sabit Mesafe Poligonu,0,46.69,31.056,LAZER
2026-09-24 19:34:46,Atıcı 1,1. Sabit Mesafe Poligonu,0,136.34,38.833,LAZER
2026-09-24 19:34:46,Atıcı 1,1. Sabit Mesafe Poligonu,0,319.6,38.93,LAZER
2026-09-24 19:34:46,Atıcı 1,1. Sabit Mesafe Poligonu,0,137.1,39.136,LAZER
2026-09-24 19:34:46,Atıcı 1,1. Sabit Mesafe Poligonu,0,137.32,39.2,LAZER
2026-09-24 19:34:46,Atıcı 1,1. Sabit Mesafe Poligonu,0,137.1,39.393,LAZER
2026-09-24 19:34:47,Atıcı 1,1. Sabit Mesafe Poligonu,0,318.75,40.161,LAZER
2026-09-24 19:34:48,Atıcı 1,1. Sabit Mesafe Poligonu,0,111.62,41.362,LAZER
2026-09-24 19:34:48,Atıcı 1,1. Sabit Mesafe Poligonu,0,110.69,41.506,LAZER
2026-09-24 19:34:49,Atıcı 1,1. Sabit Mesafe Poligonu,0,141.6,41.73,LAZER
2026-09-24 19:34:49,Atıcı 1,1. Sabit Mesafe Poligonu,0,141.6,41.906,LAZER
2026-09-24 19:34:50,Atıcı 1,1. Sabit Mesafe Poligonu,0,140.62,42.834,LAZER
2026-09-24 19:34:51,Atıcı 1,1. Sabit Mesafe Poligonu,0,139.64,44.13,LAZER
2026-09-24 19:34:53,Atıcı 1,1. Sabit Mesafe Poligonu,0,106.28,46.129,LAZER
2026-09-24 19:34:53,Atıcı 1,1. Sabit Mesafe Poligonu,0,131.4,46.304,LAZER
2026-09-24 19:34:56,Atıcı 1,1. Sabit Mesafe Poligonu,0,136.95,49.536,LAZER
2026-09-24 19:34:57,Atıcı 1,1. Sabit Mesafe Poligonu,0,105.3,50.194,LAZER
2026-09-24 19:34:57,Atıcı 1,1. Sabit Mesafe Poligonu,0,135.48,50.257,LAZER
2026-09-24 19:34:57,Atıcı 1,1. Sabit Mesafe Poligonu,0,137.77,50.402,LAZER
2026-09-24 19:34:58,Atıcı 1,1. Sabit Mesafe Poligonu,0,107.52,50.657,LAZER
2026-09-24 19:34:58,Atıcı 1,1. Sabit Mesafe Poligonu,0,137.77,50.865,LAZER
2026-09-24 19:34:59,Atıcı 1,1. Sabit Mesafe Poligonu,0,138.1,52.0,LAZER
2026-09-24 19:34:59,Atıcı 1,1. Sabit Mesafe Poligonu,0,107.56,52.464,LAZER
2026-09-24 19:34:59,Atıcı 1,1. Sabit Mesafe Poligonu,0,138.28,52.561,LAZER
2026-09-24 19:35:00,Atıcı 1,1. Sabit Mesafe Poligonu,0,138.1,52.657,LAZER
2026-09-24 19:35:00,Atıcı 1,1. Sabit Mesafe Poligonu,0,139.09,52.738,LAZER
2026-09-24 19:35:00,Atıcı 1,1. Sabit Mesafe Poligonu,0,139.09,52.896,LAZER
2026-09-24 19:35:00,Atıcı 1,1. Sabit Mesafe Poligonu,0,138.1,52.961,LAZER
2026-09-24 19:35:00,Atıcı 1,1. Sabit Mesafe Poligonu,0,138.1,53.137,LAZER
2026-09-24 19:35:01,Atıcı 1,1. Sabit Mesafe Poligonu,0,138.28,53.761,LAZER
2026-09-24 19:35:01,Atıcı 1,1. Sabit Mesafe Poligonu,0,319.6,54.402,LAZER
2026-09-24 19:35:01,Atıcı 1,1. Sabit Mesafe Poligonu,0,138.46,54.593,LAZER
2026-09-24 19:35:02,Atıcı 1,1. Sabit Mesafe Poligonu,0,138.65,54.769,LAZER
2026-09-24 19:35:02,Atıcı 1,1. Sabit Mesafe Poligonu,0,131.4,55.2,LAZER
2026-09-24 19:35:03,Atıcı 1,1. Sabit Mesafe Poligonu,0,138.46,55.634,LAZER
2026-09-24 19:35:03,Atıcı 1,1. Sabit Mesafe Poligonu,0,138.46,55.761,LAZER
2026-09-24 19:35:03,Atıcı 1,1. Sabit Mesafe Poligonu,0,108.85,55.856,LAZER
2026-09-24 19:35:03,Atıcı 1,1. Sabit Mesafe Poligonu,0,138.46,56.098,LAZER
2026-09-24 19:35:03,Atıcı 1,1. Sabit Mesafe Poligonu,0,138.46,56.465,LAZER
2026-09-24 19:35:04,Atıcı 1,1. Sabit Mesafe Poligonu,0,138.46,56.929,LAZER
2026-09-24 19:35:04,Atıcı 1,1. Sabit Mesafe Poligonu,0,138.28,56.993,LAZER
2026-09-24 19:35:04,Atıcı 1,1. Sabit Mesafe Poligonu,0,137.3,57.601,LAZER
2026-09-24 19:35:05,Atıcı 1,1. Sabit Mesafe Poligonu,0,127.81,57.664,LAZER
2026-09-24 19:35:05,Atıcı 1,1. Sabit Mesafe Poligonu,0,135.79,58.258,LAZER
2026-09-24 19:35:05,Atıcı 1,1. Sabit Mesafe Poligonu,0,135.79,58.336,LAZER
2026-09-24 19:35:05,Atıcı 1,1. Sabit Mesafe Poligonu,0,137.3,58.53,LAZER
2026-09-24 19:35:06,Atıcı 1,1. Sabit Mesafe Poligonu,0,137.48,58.737,LAZER
2026-09-24 19:35:06,Atıcı 1,1. Sabit Mesafe Poligonu,0,319.6,58.994,LAZER
2026-09-24 19:35:06,Atıcı 1,1. Sabit Mesafe Poligonu,0,135.96,59.106,LAZER
2026-09-24 19:35:06,Atıcı 1,1. Sabit Mesafe Poligonu,0,136.13,59.168,LAZER
2026-09-24 19:35:06,Atıcı 1,1. Sabit Mesafe Poligonu,0,318.22,59.233,LAZER
2026-09-24 19:35:08,Atıcı 1,1. Sabit Mesafe Poligonu,0,138.46,60.657,LAZER
2026-09-24 19:35:08,Atıcı 1,1. Sabit Mesafe Poligonu,0,107.52,60.962,LAZER
2026-09-24 19:35:08,Atıcı 1,1. Sabit Mesafe Poligonu,0,136.31,61.169,LAZER
2026-09-24 19:35:08,Atıcı 1,1. Sabit Mesafe Poligonu,0,105.0,61.232,LAZER
2026-09-24 19:35:09,Atıcı 1,1. Sabit Mesafe Poligonu,0,133.56,61.792,LAZER
2026-09-24 19:35:09,Atıcı 1,1. Sabit Mesafe Poligonu,0,134.54,62.13,LAZER
2026-09-24 19:35:09,Atıcı 1,1. Sabit Mesafe Poligonu,0,126.19,62.434,LAZER
2026-09-24 19:35:09,Atıcı 1,1. Sabit Mesafe Poligonu,0,103.45,62.529,LAZER
2026-09-24 19:35:10,Atıcı 1,1. Sabit Mesafe Poligonu,0,102.79,62.833,LAZER
2026-09-24 19:35:10,Atıcı 1,1. Sabit Mesafe Poligonu,0,133.99,62.929,LAZER
2026-09-24 19:35:10,Atıcı 1,1. Sabit Mesafe Poligonu,0,319.6,63.106,LAZER
2026-09-24 19:35:10,Atıcı 1,1. Sabit Mesafe Poligonu,0,117.63,63.296,LAZER
2026-09-24 19:35:10,Atıcı 1,1. Sabit Mesafe Poligonu,0,129.12,63.458,LAZER
2026-09-24 19:35:13,Atıcı 1,1. Sabit Mesafe Poligonu,0,113.85,66.466,LAZER
2026-09-24 19:35:15,Atıcı 1,1. Sabit Mesafe Poligonu,0,142.21,68.435,LAZER
2026-09-24 19:35:16,Atıcı 1,1. Sabit Mesafe Poligonu,0,144.18,68.993,LAZER
2026-09-24 19:35:16,Atıcı 1,1. Sabit Mesafe Poligonu,0,319.6,69.233,LAZER
2026-09-24 19:35:17,Atıcı 1,1. Sabit Mesafe Poligonu,0,141.88,69.906,LAZER
2026-09-24 19:35:17,Atıcı 1,1. Sabit Mesafe Poligonu,0,109.73,70.434,LAZER
2026-09-24 19:35:18,Atıcı 1,1. Sabit Mesafe Poligonu,0,139.09,70.769,LAZER
2026-09-24 19:35:18,Atıcı 1,1. Sabit Mesafe Poligonu,0,139.09,71.266,LAZER
2026-09-24 19:35:18,Atıcı 1,1. Sabit Mesafe Poligonu,0,137.77,71.361,LAZER
2026-09-24 19:35:18,Atıcı 1,1. Sabit Mesafe Poligonu,0,138.1,71.569,LAZER
2026-09-24 19:35:19,Atıcı 1,1. Sabit Mesafe Poligonu,0,139.26,72.195,LAZER
2026-09-24 19:35:19,Atıcı 1,1. Sabit Mesafe Poligonu,0,139.26,72.497,LAZER
2026-09-24 19:35:20,Atıcı 1,1. Sabit Mesafe Poligonu,0,139.09,72.737,LAZER
2026-09-24 19:35:20,Atıcı 1,1. Sabit Mesafe Poligonu,0,319.6,72.801,LAZER
2026-09-24 19:35:20,Atıcı 1,1. Sabit Mesafe Poligonu,0,139.09,73.026,LAZER
2026-09-24 19:35:20,Atıcı 1,1. Sabit Mesafe Poligonu,0,139.09,73.169,LAZER
2026-09-24 19:35:20,Atıcı 1,1. Sabit Mesafe Poligonu,0,137.93,73.265,LAZER
2026-09-24 19:35:20,Atıcı 1,1. Sabit Mesafe Poligonu,0,137.93,73.329,LAZER
2026-09-24 19:35:21,Atıcı 1,1. Sabit Mesafe Poligonu,0,110.31,73.697,LAZER
2026-09-24 19:35:21,Atıcı 1,1. Sabit Mesafe Poligonu,0,136.5,74.097,LAZER
2026-09-24 19:35:22,Atıcı 1,1. Sabit Mesafe Poligonu,0,112.16,75.568,LAZER
2026-09-24 19:35:23,Atıcı 1,1. Sabit Mesafe Poligonu,0,111.79,75.728,LAZER
2026-09-24 19:35:23,Atıcı 1,1. Sabit Mesafe Poligonu,0,108.81,75.825,LAZER
2026-09-24 19:35:23,Atıcı 1,1. Sabit Mesafe Poligonu,0,139.9,76.098,LAZER
2026-09-24 19:35:23,Atıcı 1,1. Sabit Mesafe Poligonu,0,319.6,76.224,LAZER
2026-09-24 19:35:23,Atıcı 1,1. Sabit Mesafe Poligonu,0,318.75,76.337,LAZER
2026-09-24 19:35:23,Atıcı 1,1. Sabit Mesafe Poligonu,0,140.89,76.497,LAZER
2026-09-24 19:35:24,Atıcı 1,1. Sabit Mesafe Poligonu,0,140.89,76.656,LAZER
2026-09-24 19:35:24,Atıcı 1,1. Sabit Mesafe Poligonu,0,140.89,77.057,LAZER
2026-09-24 19:35:24,Atıcı 1,1. Sabit Mesafe Poligonu,0,138.76,77.169,LAZER
2026-09-24 19:35:24,Atıcı 1,1. Sabit Mesafe Poligonu,0,319.6,77.537,LAZER
2026-09-24 19:35:25,Atıcı 1,1. Sabit Mesafe Poligonu,0,139.9,77.968,LAZER
2026-09-24 19:35:25,Atıcı 1,1. Sabit Mesafe Poligonu,0,319.6,78.065,LAZER
2026-09-24 19:35:25,Atıcı 1,1. Sabit Mesafe Poligonu,0,319.06,78.192,LAZER
2026-09-24 19:35:25,Atıcı 1,1. Sabit Mesafe Poligonu,0,141.06,78.4,LAZER
2026-09-24 19:35:25,Atıcı 1,1. Sabit Mesafe Poligonu,0,319.6,78.464,LAZER
2026-09-24 19:35:26,Atıcı 1,1. Sabit Mesafe Poligonu,0,140.89,78.657,LAZER
2026-09-24 19:35:26,Atıcı 1,1. Sabit Mesafe Poligonu,0,140.89,78.832,LAZER
2026-09-24 19:35:26,Atıcı 1,1. Sabit Mesafe Poligonu,0,140.89,78.96,LAZER
2026-09-24 19:35:26,Atıcı 1,1. Sabit Mesafe Poligonu,0,139.9,79.057,LAZER
2026-09-24 19:35:26,Atıcı 1,1. Sabit Mesafe Poligonu,0,141.06,79.168,LAZER
2026-09-24 19:35:26,Atıcı 1,1. Sabit Mesafe Poligonu,0,319.6,79.232,LAZER
2026-09-24 19:35:26,Atıcı 1,1. Sabit Mesafe Poligonu,0,141.06,79.297,LAZER
2026-09-24 19:35:26,Atıcı 1,1. Sabit Mesafe Poligonu,0,141.06,79.505,LAZER
2026-09-24 19:35:27,Atıcı 1,1. Sabit Mesafe Poligonu,0,138.1,80.256,LAZER
2026-09-24 19:35:27,Atıcı 1,1. Sabit Mesafe Poligonu,0,319.06,80.528,LAZER
2026-09-24 19:35:28,Atıcı 1,1. Sabit Mesafe Poligonu,0,141.23,81.266,LAZER
2026-09-24 19:35:28,Atıcı 1,1. Sabit Mesafe Poligonu,0,141.23,81.569,LAZER
2026-09-24 19:35:29,Atıcı 1,1. Sabit Mesafe Poligonu,0,141.41,81.793,LAZER
2026-09-24 19:35:29,Atıcı 1,1. Sabit Mesafe Poligonu,0,141.41,81.906,LAZER
2026-09-24 19:35:29,Atıcı 1,1. Sabit Mesafe Poligonu,0,139.09,81.969,LAZER
2026-09-24 19:35:29,Atıcı 1,1. Sabit Mesafe Poligonu,0,142.21,82.561,LAZER
2026-09-24 19:35:30,Atıcı 1,1. Sabit Mesafe Poligonu,0,110.37,83.107,LAZER
2026-09-24 19:35:30,Atıcı 1,1. Sabit Mesafe Poligonu,0,142.39,83.201,LAZER
2026-09-24 19:35:30,Atıcı 1,1. Sabit Mesafe Poligonu,0,318.75,83.457,LAZER
2026-09-24 19:35:31,Atıcı 1,1. Sabit Mesafe Poligonu,0,140.81,83.696,LAZER
2026-09-24 19:35:31,Atıcı 1,1. Sabit Mesafe Poligonu,0,110.37,83.969,LAZER
2026-09-24 19:35:31,Atıcı 1,1. Sabit Mesafe Poligonu,0,141.06,84.433,LAZER
2026-09-24 19:35:34,Atıcı 1,1. Sabit Mesafe Poligonu,0,139.74,86.866,LAZER
2026-09-24 19:35:34,Atıcı 1,1. Sabit Mesafe Poligonu,0,139.74,86.96,LAZER
2026-09-24 19:35:34,Atıcı 1,1. Sabit Mesafe Poligonu,0,139.9,87.169,LAZER
2026-09-24 19:35:34,Atıcı 1,1. Sabit Mesafe Poligonu,0,139.74,87.233,LAZER
2026-09-24 19:35:35,Atıcı 1,1. Sabit Mesafe Poligonu,0,318.22,87.697,LAZER
2026-09-24 19:35:35,Atıcı 1,1. Sabit Mesafe Poligonu,0,122.25,88.033,LAZER
2026-09-24 19:35:37,Atıcı 1,1. Sabit Mesafe Poligonu,0,140.19,89.697,LAZER
2026-09-24 19:35:37,Atıcı 1,1. Sabit Mesafe Poligonu,0,140.92,89.905,LAZER
2026-09-24 19:35:37,Atıcı 1,1. Sabit Mesafe Poligonu,0,141.89,90.034,LAZER
2026-09-24 19:35:37,Atıcı 1,1. Sabit Mesafe Poligonu,0,142.64,90.129,LAZER
2026-09-24 19:35:37,Atıcı 1,1. Sabit Mesafe Poligonu,0,142.64,90.305,LAZER
2026-09-24 19:35:38,Atıcı 1,1. Sabit Mesafe Poligonu,0,141.89,90.656,LAZER
2026-09-24 19:35:40,Atıcı 1,1. Sabit Mesafe Poligonu,0,105.55,93.025,LAZER
2026-09-24 19:35:40,Atıcı 1,1. Sabit Mesafe Poligonu,0,103.25,93.105,LAZER
2026-09-24 19:35:41,Atıcı 1,1. Sabit Mesafe Poligonu,0,91.08,93.634,LAZER
2026-09-24 19:35:41,Atıcı 1,1. Sabit Mesafe Poligonu,0,58.86,93.792,LAZER
2026-09-24 19:35:41,Atıcı 1,1. Sabit Mesafe Poligonu,0,97.41,94.226,LAZER
2026-09-24 19:35:41,Atıcı 1,1. Sabit Mesafe Poligonu,0,100.24,94.336,LAZER
2026-09-24 19:35:41,Atıcı 1,1. Sabit Mesafe Poligonu,0,102.79,94.433,LAZER
2026-09-24 19:35:42,Atıcı 1,1. Sabit Mesafe Poligonu,50,26.0,94.801,LAZER
2026-09-24 19:35:45,Atıcı 1,1. Sabit Mesafe Poligonu,0,151.0,3.6,LAZER
2026-09-24 19:35:50,Atıcı 1,1. Sabit Mesafe Poligonu,0,242.62,8.225,LAZER
2026-09-24 19:35:51,Atıcı 1,1. Sabit Mesafe Poligonu,0,242.33,8.865,LAZER
2026-09-24 19:35:51,Atıcı 1,1. Sabit Mesafe Poligonu,0,243.56,9.055,LAZER
2026-09-24 19:35:52,Atıcı 1,1. Sabit Mesafe Poligonu,0,54.33,10.032,LAZER
2026-09-24 19:35:52,Atıcı 1,1. Sabit Mesafe Poligonu,0,125.23,10.256,LAZER
2026-09-24 19:35:52,Atıcı 1,1. Sabit Mesafe Poligonu,0,56.22,10.336,LAZER
2026-09-24 19:35:52,Atıcı 1,1. Sabit Mesafe Poligonu,0,153.08,10.529,LAZER
2026-09-24 19:35:52,Atıcı 1,1. Sabit Mesafe Poligonu,0,153.12,10.592,LAZER
2026-09-24 19:35:52,Atıcı 1,1. Sabit Mesafe Poligonu,0,123.97,10.766,LAZER
2026-09-24 19:35:56,Atıcı 1,1. Sabit Mesafe Poligonu,0,119.71,13.858,LAZER
2026-09-24 19:35:58,Atıcı 1,1. Sabit Mesafe Poligonu,0,122.48,15.936,LAZER
2026-09-24 19:35:58,Atıcı 1,1. Sabit Mesafe Poligonu,0,119.52,16.464,LAZER
2026-09-24 19:36:00,Atıcı 1,1. Sabit Mesafe Poligonu,0,134.97,17.907,LAZER
2026-09-24 19:36:00,Atıcı 1,1. Sabit Mesafe Poligonu,0,135.96,18.032,LAZER
2026-09-24 19:36:00,Atıcı 1,1. Sabit Mesafe Poligonu,0,135.96,18.095,LAZER
2026-09-24 19:36:00,Atıcı 1,1. Sabit Mesafe Poligonu,0,120.83,18.161,LAZER
2026-09-24 19:36:01,Atıcı 1,1. Sabit Mesafe Poligonu,0,151.38,19.328,LAZER
2026-09-24 19:36:02,Atıcı 1,1. Sabit Mesafe Poligonu,0,131.8,20.464,LAZER
2026-09-24 19:36:03,Atıcı 1,1. Sabit Mesafe Poligonu,0,154.74,20.994,LAZER
2026-09-24 19:36:03,Atıcı 1,1. Sabit Mesafe Poligonu,0,154.03,21.264,LAZER
2026-09-24 19:36:03,Atıcı 1,1. Sabit Mesafe Poligonu,0,236.93,21.359,LAZER
2026-09-24 19:36:03,Atıcı 1,1. Sabit Mesafe Poligonu,0,152.88,21.634,LAZER
2026-09-24 19:36:03,Atıcı 1,1. Sabit Mesafe Poligonu,0,237.92,21.728,LAZER
2026-09-24 19:36:04,Atıcı 1,1. Sabit Mesafe Poligonu,0,238.72,21.858,LAZER
2026-09-24 19:36:04,Atıcı 1,1. Sabit Mesafe Poligonu,0,239.89,22.256,LAZER
2026-09-24 19:36:04,Atıcı 1,1. Sabit Mesafe Poligonu,0,155.59,22.464,LAZER
2026-09-24 19:36:04,Atıcı 1,1. Sabit Mesafe Poligonu,0,155.76,22.737,LAZER
2026-09-24 19:36:05,Atıcı 1,1. Sabit Mesafe Poligonu,0,158.75,23.232,LAZER
2026-09-24 19:36:05,Atıcı 1,1. Sabit Mesafe Poligonu,0,156.32,23.361,LAZER
2026-09-24 19:36:05,Atıcı 1,1. Sabit Mesafe Poligonu,0,240.52,23.455,LAZER
2026-09-24 19:36:05,Atıcı 1,1. Sabit Mesafe Poligonu,0,157.7,23.696,LAZER
2026-09-24 19:36:06,Atıcı 1,1. Sabit Mesafe Poligonu,0,156.32,23.855,LAZER
2026-09-24 19:36:06,Atıcı 1,1. Sabit Mesafe Poligonu,0,158.71,24.128,LAZER
2026-09-24 19:36:06,Atıcı 1,1. Sabit Mesafe Poligonu,0,267.38,24.192,LAZER
2026-09-24 19:36:06,Atıcı 1,1. Sabit Mesafe Poligonu,0,131.59,24.559,LAZER
2026-09-24 19:36:06,Atıcı 1,1. Sabit Mesafe Poligonu,0,133.24,24.705,LAZER
2026-09-24 19:36:06,Atıcı 1,1. Sabit Mesafe Poligonu,0,136.93,24.8,LAZER
2026-09-24 19:36:07,Atıcı 1,1. Sabit Mesafe Poligonu,0,124.92,24.992,LAZER
2026-09-24 19:36:08,Atıcı 1,1. Sabit Mesafe Poligonu,0,116.21,25.855,LAZER
2026-09-24 19:36:08,Atıcı 1,1. Sabit Mesafe Poligonu,0,115.52,25.966,LAZER
2026-09-24 19:36:08,Atıcı 1,1. Sabit Mesafe Poligonu,0,117.64,26.625,LAZER
2026-09-24 19:36:09,Atıcı 1,1. Sabit Mesafe Poligonu,0,120.17,27.167,LAZER
2026-09-24 19:36:09,Atıcı 1,1. Sabit Mesafe Poligonu,0,119.85,27.263,LAZER
2026-09-24 19:36:09,Atıcı 1,1. Sabit Mesafe Poligonu,0,118.6,27.328,LAZER
2026-09-24 19:36:09,Atıcı 1,1. Sabit Mesafe Poligonu,0,118.6,27.568,LAZER
2026-09-24 19:36:10,Atıcı 1,1. Sabit Mesafe Poligonu,0,250.35,28.064,LAZER
2026-09-24 19:36:10,Atıcı 1,1. Sabit Mesafe Poligonu,0,120.5,28.192,LAZER
2026-09-24 19:36:10,Atıcı 1,1. Sabit Mesafe Poligonu,0,265.94,28.304,LAZER
2026-09-24 19:36:10,Atıcı 1,1. Sabit Mesafe Poligonu,0,264.97,28.626,LAZER
2026-09-24 19:36:11,Atıcı 1,1. Sabit Mesafe Poligonu,0,118.9,29.137,LAZER
2026-09-24 19:36:12,Atıcı 1,1. Sabit Mesafe Poligonu,0,119.25,29.823,LAZER
2026-09-24 19:36:12,Atıcı 1,1. Sabit Mesafe Poligonu,0,119.25,30.496,LAZER
2026-09-24 19:36:13,Atıcı 1,1. Sabit Mesafe Poligonu,0,118.6,30.833,LAZER
2026-09-24 19:36:13,Atıcı 1,1. Sabit Mesafe Poligonu,0,118.6,30.959,LAZER
2026-09-24 19:36:13,Atıcı 1,1. Sabit Mesafe Poligonu,0,118.9,31.535,LAZER
2026-09-24 19:36:14,Atıcı 1,1. Sabit Mesafe Poligonu,0,117.72,31.824,LAZER
2026-09-24 19:36:14,Atıcı 1,1. Sabit Mesafe Poligonu,0,117.72,32.031,LAZER
2026-09-24 19:36:14,Atıcı 1,1. Sabit Mesafe Poligonu,0,178.44,32.702,LAZER
2026-09-24 19:36:15,Atıcı 1,1. Sabit Mesafe Poligonu,0,178.89,33.135,LAZER
2026-09-24 19:36:15,Atıcı 1,1. Sabit Mesafe Poligonu,0,178.44,33.231,LAZER
2026-09-24 19:36:15,Atıcı 1,1. Sabit Mesafe Poligonu,0,117.63,33.567,LAZER
2026-09-24 19:36:15,Atıcı 1,1. Sabit Mesafe Poligonu,0,117.63,33.726,LAZER
2026-09-24 19:36:16,Atıcı 1,1. Sabit Mesafe Poligonu,0,220.78,34.8,LAZER
2026-09-24 19:36:17,Atıcı 1,1. Sabit Mesafe Poligonu,0,219.83,34.895,LAZER
2026-09-24 19:36:17,Atıcı 1,1. Sabit Mesafe Poligonu,0,226.53,35.023,LAZER
2026-09-24 19:36:17,Atıcı 1,1. Sabit Mesafe Poligonu,0,211.25,35.263,LAZER
2026-09-24 19:36:18,Atıcı 1,1. Sabit Mesafe Poligonu,0,152.0,36.223,LAZER
2026-09-24 19:36:18,Atıcı 1,1. Sabit Mesafe Poligonu,0,148.0,36.431,LAZER
2026-09-24 19:36:18,Atıcı 1,1. Sabit Mesafe Poligonu,0,148.0,36.559,LAZER
2026-09-24 19:36:35,Atıcı 1,1. Sabit Mesafe Poligonu,0,175.18,53.168,LAZER
2026-09-24 19:36:40,Atıcı 1,1. Sabit Mesafe Poligonu,0,189.59,57.967,LAZER
2026-09-24 19:36:40,Atıcı 1,1. Sabit Mesafe Poligonu,0,186.19,58.161,LAZER
2026-09-24 19:36:51,Atıcı 1,1. Sabit Mesafe Poligonu,0,173.65,69.632,LAZER
2026-09-24 19:36:53,Atıcı 1,1. Sabit Mesafe Poligonu,0,324.78,70.831,LAZER
2026-09-24 19:36:59,Atıcı 1,1. Sabit Mesafe Poligonu,0,318.22,77.024,LAZER
2026-09-24 19:37:04,Atıcı 1,1. Sabit Mesafe Poligonu,0,325.61,82.655,LAZER
2026-09-24 19:37:05,Atıcı 1,1. Sabit Mesafe Poligonu,0,325.61,83.199,LAZER
2026-09-24 19:37:14,Atıcı 1,1. Sabit Mesafe Poligonu,0,130.14,92.591,LAZER
2026-09-24 19:37:14,Atıcı 1,1. Sabit Mesafe Poligonu,0,169.07,92.734,LAZER
2026-09-24 19:37:15,Atıcı 1,1. Sabit Mesafe Poligonu,0,120.0,92.863,LAZER
2026-09-24 19:37:15,Atıcı 1,1. Sabit Mesafe Poligonu,0,245.49,93.295,LAZER
2026-09-24 19:37:16,Atıcı 1,1. Sabit Mesafe Poligonu,0,164.6,94.192,LAZER
2026-09-24 19:37:16,Atıcı 1,1. Sabit Mesafe Poligonu,0,165.59,94.367,LAZER
2026-09-24 19:37:16,Atıcı 1,1. Sabit Mesafe Poligonu,0,193.26,94.704,LAZER
2026-09-24 19:37:17,Atıcı 1,1. Sabit Mesafe Poligonu,0,182.62,94.863,LAZER
2026-09-24 19:37:17,Atıcı 1,1. Sabit Mesafe Poligonu,0,178.63,95.199,LAZER
2026-09-24 19:37:17,Atıcı 1,1. Sabit Mesafe Poligonu,0,238.3,95.504,LAZER
2026-09-24 19:37:18,Atıcı 1,1. Sabit Mesafe Poligonu,0,153.01,96.126,LAZER
2026-09-24 19:37:18,Atıcı 1,1. Sabit Mesafe Poligonu,0,186.08,96.4,LAZER
2026-09-24 19:37:19,Atıcı 1,1. Sabit Mesafe Poligonu,0,170.43,97.056,LAZER
2026-09-24 19:37:19,Atıcı 1,1. Sabit Mesafe Poligonu,0,172.17,97.135,LAZER
2026-09-24 19:37:19,Atıcı 1,1. Sabit Mesafe Poligonu,0,171.29,97.231,LAZER
2026-09-24 19:37:20,Atıcı 1,1. Sabit Mesafe Poligonu,0,228.19,98.159,LAZER
2026-09-24 19:37:20,Atıcı 1,1. Sabit Mesafe Poligonu,0,221.29,98.703,LAZER
2026-09-24 19:37:21,Atıcı 1,1. Sabit Mesafe Poligonu,0,154.03,99.328,LAZER
2026-09-24 19:37:33,Atıcı 1,1. Sabit Mesafe Poligonu,0,160.11,111.631,LAZER
2026-09-24 19:37:34,Atıcı 1,1. Sabit Mesafe Poligonu,0,175.93,112.367,LAZER
2026-09-24 19:37:35,Atıcı 1,1. Sabit Mesafe Poligonu,0,164.45,112.896,LAZER
2026-09-24 19:37:35,Atıcı 1,1. Sabit Mesafe Poligonu,0,276.13,113.456,LAZER
2026-09-24 19:37:35,Atıcı 1,1. Sabit Mesafe Poligonu,0,124.66,113.727,LAZER
2026-09-24 19:37:36,Atıcı 1,1. Sabit Mesafe Poligonu,0,88.02,113.999,LAZER
2026-09-24 19:37:36,Atıcı 1,1. Sabit Mesafe Poligonu,0,102.02,114.126,LAZER
2026-09-24 19:37:38,Atıcı 1,1. Sabit Mesafe Poligonu,0,130.65,116.735,LAZER
2026-09-24 19:37:42,Atıcı 1,1. Sabit Mesafe Poligonu,0,318.22,120.656,LAZER
2026-09-24 19:37:42,Atıcı 1,1. Sabit Mesafe Poligonu,0,103.17,120.735,LAZER
2026-09-24 19:37:43,Atıcı 1,1. Sabit Mesafe Poligonu,0,104.17,120.831,LAZER
2026-09-24 19:37:43,Atıcı 1,1. Sabit Mesafe Poligonu,0,103.24,120.895,LAZER
2026-09-24 19:37:44,Atıcı 1,1. Sabit Mesafe Poligonu,0,118.27,122.703,LAZER
2026-09-24 19:38:02,Atıcı 1,1. Sabit Mesafe Poligonu,0,134.24,139.936,LAZER
2026-09-24 19:38:02,Atıcı 1,1. Sabit Mesafe Poligonu,0,128.66,140.064,LAZER
2026-09-24 19:38:02,Atıcı 1,1. Sabit Mesafe Poligonu,0,133.36,140.159,LAZER
2026-09-24 19:38:02,Atıcı 1,1. Sabit Mesafe Poligonu,0,92.97,140.367,LAZER
2026-09-24 19:38:04,Atıcı 1,1. Sabit Mesafe Poligonu,0,109.22,142.559,LAZER
2026-09-24 19:38:06,Atıcı 1,1. Sabit Mesafe Poligonu,0,319.6,144.622,LAZER
2026-09-24 19:38:07,Atıcı 1,1. Sabit Mesafe Poligonu,0,319.6,144.863,LAZER
2026-09-24 19:38:07,Atıcı 1,1. Sabit Mesafe Poligonu,0,117.28,144.992,LAZER
2026-09-24 19:38:07,Atıcı 1,1. Sabit Mesafe Poligonu,0,319.6,145.054,LAZER
2026-09-24 19:38:07,Atıcı 1,1. Sabit Mesafe Poligonu,0,319.6,145.2,LAZER
2026-09-24 19:38:07,Atıcı 1,1. Sabit Mesafe Poligonu,0,319.6,145.391,LAZER
2026-09-24 19:38:07,Atıcı 1,1. Sabit Mesafe Poligonu,0,123.49,145.535,LAZER
2026-09-24 19:38:08,Atıcı 1,1. Sabit Mesafe Poligonu,0,318.75,145.936,LAZER
2026-09-24 19:38:08,Atıcı 1,1. Sabit Mesafe Poligonu,0,130.1,146.062,LAZER
2026-09-24 19:38:08,Atıcı 1,1. Sabit Mesafe Poligonu,0,318.22,146.255,LAZER
2026-09-24 19:38:08,Atıcı 1,1. Sabit Mesafe Poligonu,0,122.64,146.399,LAZER
2026-09-24 19:38:08,Atıcı 1,1. Sabit Mesafe Poligonu,0,318.22,146.528,LAZER
2026-09-24 19:38:08,Atıcı 1,1. Sabit Mesafe Poligonu,0,318.75,146.766,LAZER
2026-09-24 19:38:09,Atıcı 1,1. Sabit Mesafe Poligonu,0,318.75,146.863,LAZER
2026-09-24 19:38:09,Atıcı 1,1. Sabit Mesafe Poligonu,0,318.75,147.391,LAZER
2026-09-24 19:38:09,Atıcı 1,1. Sabit Mesafe Poligonu,0,123.47,147.599,LAZER
2026-09-24 19:38:10,Atıcı 1,1. Sabit Mesafe Poligonu,0,318.75,148.335,LAZER
2026-09-24 19:38:10,Atıcı 1,1. Sabit Mesafe Poligonu,0,318.75,148.462,LAZER
2026-09-24 19:38:10,Atıcı 1,1. Sabit Mesafe Poligonu,0,318.75,148.527,LAZER
2026-09-24 19:38:11,Atıcı 1,1. Sabit Mesafe Poligonu,0,318.22,148.958,LAZER
2026-09-24 19:38:11,Atıcı 1,1. Sabit Mesafe Poligonu,0,319.6,149.135,LAZER
2026-09-24 19:38:11,Atıcı 1,1. Sabit Mesafe Poligonu,0,318.22,149.263,LAZER
2026-09-24 19:38:11,Atıcı 1,1. Sabit Mesafe Poligonu,0,318.22,149.391,LAZER
2026-09-24 19:38:11,Atıcı 1,1. Sabit Mesafe Poligonu,0,318.75,149.504,LAZER
2026-09-24 19:38:11,Atıcı 1,1. Sabit Mesafe Poligonu,0,318.22,149.631,LAZER
2026-09-24 19:38:11,Atıcı 1,1. Sabit Mesafe Poligonu,0,318.75,149.759,LAZER
2026-09-24 19:38:12,Atıcı 1,1. Sabit Mesafe Poligonu,0,318.75,149.856,LAZER
2026-09-24 19:38:12,Atıcı 1,1. Sabit Mesafe Poligonu,0,159.0,149.967,LAZER
2026-09-24 19:38:12,Atıcı 1,1. Sabit Mesafe Poligonu,0,318.75,150.062,LAZER
2026-09-24 19:38:12,Atıcı 1,1. Sabit Mesafe Poligonu,0,318.75,150.222,LAZER
2026-09-24 19:38:12,Atıcı 1,1. Sabit Mesafe Poligonu,0,318.22,150.335,LAZER
2026-09-24 19:38:12,Atıcı 1,1. Sabit Mesafe Poligonu,0,318.75,150.528,LAZER
2026-09-24 19:38:12,Atıcı 1,1. Sabit Mesafe Poligonu,0,318.22,150.735,LAZER
2026-09-24 19:38:13,Atıcı 1,1. Sabit Mesafe Poligonu,0,318.75,151.167,LAZER
2026-09-24 19:38:13,Atıcı 1,1. Sabit Mesafe Poligonu,0,318.22,151.423,LAZER
2026-09-24 19:38:13,Atıcı 1,1. Sabit Mesafe Poligonu,0,159.0,151.503,LAZER
2026-09-24 19:38:13,Atıcı 1,1. Sabit Mesafe Poligonu,0,318.22,151.663,LAZER
2026-09-24 19:38:13,Atıcı 1,1. Sabit Mesafe Poligonu,0,318.75,151.727,LAZER
2026-09-24 19:38:14,Atıcı 1,1. Sabit Mesafe Poligonu,0,318.75,151.904,LAZER
2026-09-24 19:38:14,Atıcı 1,1. Sabit Mesafe Poligonu,0,318.75,151.968,LAZER
2026-09-24 19:38:14,Atıcı 1,1. Sabit Mesafe Poligonu,0,318.75,152.063,LAZER
2026-09-24 19:38:14,Atıcı 1,1. Sabit Mesafe Poligonu,0,318.75,152.191,LAZER
2026-09-24 19:38:14,Atıcı 1,1. Sabit Mesafe Poligonu,0,159.0,152.431,LAZER
2026-09-24 19:38:14,Atıcı 1,1. Sabit Mesafe Poligonu,0,318.75,152.591,LAZER
2026-09-24 19:38:14,Atıcı 1,1. Sabit Mesafe Poligonu,0,318.75,152.734,LAZER
2026-09-24 19:38:14,Atıcı 1,1. Sabit Mesafe Poligonu,0,159.0,152.799,LAZER
2026-09-24 19:38:15,Atıcı 1,1. Sabit Mesafe Poligonu,0,318.22,153.023,LAZER
2026-09-24 19:38:15,Atıcı 1,1. Sabit Mesafe Poligonu,0,318.22,153.102,LAZER
2026-09-24 19:38:15,Atıcı 1,1. Sabit Mesafe Poligonu,0,318.75,153.167,LAZER
2026-09-24 19:38:16,Atıcı 1,1. Sabit Mesafe Poligonu,0,131.32,154.159,LAZER
2026-09-24 19:38:16,Atıcı 1,1. Sabit Mesafe Poligonu,0,132.28,154.222,LAZER
2026-09-24 19:38:16,Atıcı 1,1. Sabit Mesafe Poligonu,0,318.75,154.304,LAZER
2026-09-24 19:38:16,Atıcı 1,1. Sabit Mesafe Poligonu,0,318.75,154.368,LAZER
2026-09-24 19:38:16,Atıcı 1,1. Sabit Mesafe Poligonu,0,318.75,154.624,LAZER
2026-09-24 19:38:16,Atıcı 1,1. Sabit Mesafe Poligonu,0,119.15,154.799,LAZER
2026-09-24 19:38:17,Atıcı 1,1. Sabit Mesafe Poligonu,0,119.15,154.864,LAZER
2026-09-24 19:38:17,Atıcı 1,1. Sabit Mesafe Poligonu,0,318.22,155.103,LAZER
2026-09-24 19:38:17,Atıcı 1,1. Sabit Mesafe Poligonu,0,318.22,155.295,LAZER
2026-09-24 19:38:17,Atıcı 1,1. Sabit Mesafe Poligonu,0,318.22,155.36,LAZER
2026-09-24 19:38:17,Atıcı 1,1. Sabit Mesafe Poligonu,0,318.75,155.456,LAZER
2026-09-24 19:38:17,Atıcı 1,1. Sabit Mesafe Poligonu,0,154.0,155.631,LAZER
2026-09-24 19:38:18,Atıcı 1,1. Sabit Mesafe Poligonu,0,318.22,156.302,LAZER
2026-09-24 19:38:18,Atıcı 1,1. Sabit Mesafe Poligonu,0,318.75,156.495,LAZER
2026-09-24 19:38:18,Atıcı 1,1. Sabit Mesafe Poligonu,0,318.75,156.592,LAZER
2026-09-24 19:38:18,Atıcı 1,1. Sabit Mesafe Poligonu,0,318.75,156.704,LAZER
2026-09-24 19:38:19,Atıcı 1,1. Sabit Mesafe Poligonu,0,318.22,156.895,LAZER
2026-09-24 19:38:19,Atıcı 1,1. Sabit Mesafe Poligonu,0,318.75,157.023,LAZER
2026-09-24 19:38:19,Atıcı 1,1. Sabit Mesafe Poligonu,0,318.75,157.263,LAZER
2026-09-24 19:38:19,Atıcı 1,1. Sabit Mesafe Poligonu,0,318.22,157.327,LAZER
2026-09-24 19:38:19,Atıcı 1,1. Sabit Mesafe Poligonu,0,319.6,157.534,LAZER
2026-09-24 19:38:19,Atıcı 1,1. Sabit Mesafe Poligonu,0,318.22,157.631,LAZER
2026-09-24 19:38:20,Atıcı 1,1. Sabit Mesafe Poligonu,0,318.75,157.822,LAZER
2026-09-24 19:38:20,Atıcı 1,1. Sabit Mesafe Poligonu,0,318.22,157.967,LAZER
2026-09-24 19:38:20,Atıcı 1,1. Sabit Mesafe Poligonu,0,318.75,158.126,LAZER
2026-09-24 19:38:20,Atıcı 1,1. Sabit Mesafe Poligonu,0,318.75,158.223,LAZER
2026-09-24 19:38:20,Atıcı 1,1. Sabit Mesafe Poligonu,0,319.6,158.623,LAZER
2026-09-24 19:38:20,Atıcı 1,1. Sabit Mesafe Poligonu,0,318.75,158.703,LAZER
2026-09-24 19:38:21,Atıcı 1,1. Sabit Mesafe Poligonu,0,318.75,158.991,LAZER
2026-09-24 19:38:21,Atıcı 1,1. Sabit Mesafe Poligonu,0,319.6,159.103,LAZER
2026-09-24 19:38:21,Atıcı 1,1. Sabit Mesafe Poligonu,0,318.75,159.167,LAZER
2026-09-24 19:38:21,Atıcı 1,1. Sabit Mesafe Poligonu,0,318.75,159.423,LAZER
2026-09-24 19:38:21,Atıcı 1,1. Sabit Mesafe Poligonu,0,318.75,159.568,LAZER
2026-09-24 19:38:21,Atıcı 1,1. Sabit Mesafe Poligonu,0,318.75,159.663,LAZER
2026-09-24 19:38:22,Atıcı 1,1. Sabit Mesafe Poligonu,0,318.22,159.854,LAZER
2026-09-24 19:38:22,Atıcı 1,1. Sabit Mesafe Poligonu,0,318.75,160.031,LAZER
2026-09-24 19:38:22,Atıcı 1,1. Sabit Mesafe Poligonu,0,319.6,160.127,LAZER
2026-09-24 19:38:22,Atıcı 1,1. Sabit Mesafe Poligonu,0,155.03,160.256,LAZER
2026-09-24 19:38:22,Atıcı 1,1. Sabit Mesafe Poligonu,0,318.75,160.495,LAZER
2026-09-24 19:38:22,Atıcı 1,1. Sabit Mesafe Poligonu,0,318.22,160.656,LAZER
2026-09-24 19:38:22,Atıcı 1,1. Sabit Mesafe Poligonu,0,319.6,160.767,LAZER
2026-09-24 19:38:23,Atıcı 1,1. Sabit Mesafe Poligonu,0,318.75,160.831,LAZER
2026-09-24 19:38:23,Atıcı 1,1. Sabit Mesafe Poligonu,0,318.22,160.959,LAZER
2026-09-24 19:38:23,Atıcı 1,1. Sabit Mesafe Poligonu,0,318.75,161.295,LAZER
2026-09-24 19:38:23,Atıcı 1,1. Sabit Mesafe Poligonu,0,318.22,161.358,LAZER
2026-09-24 19:38:23,Atıcı 1,1. Sabit Mesafe Poligonu,0,318.75,161.566,LAZER
2026-09-24 19:38:26,Atıcı 1,1. Sabit Mesafe Poligonu,0,150.05,164.064,LAZER
2026-09-24 19:38:29,Atıcı 1,1. Sabit Mesafe Poligonu,0,136.03,167.294,LAZER
2026-09-24 19:38:29,Atıcı 1,1. Sabit Mesafe Poligonu,0,137.03,167.359,LAZER
2026-09-24 19:38:29,Atıcı 1,1. Sabit Mesafe Poligonu,0,137.0,167.504,LAZER
2026-09-24 19:38:56,Atıcı 1,1. Sabit Mesafe Poligonu,0,154.38,0.05,LAZER
2026-09-24 19:38:59,Atıcı 1,1. Sabit Mesafe Poligonu,0,151.48,2.85,LAZER
2026-09-24 19:39:05,Atıcı 1,1. Sabit Mesafe Poligonu,0,68.03,9.334,LAZER
2026-09-24 19:39:19,Atıcı 1,1. Sabit Mesafe Poligonu,0,71.59,23.399,LAZER
2026-09-24 19:39:23,Atıcı 1,1. Sabit Mesafe Poligonu,0,297.14,27.237,LAZER
2026-09-24 19:39:24,Atıcı 1,1. Sabit Mesafe Poligonu,0,297.14,28.569,LAZER
2026-09-24 19:39:24,Atıcı 1,1. Sabit Mesafe Poligonu,50,30.0,28.722,LAZER
2026-09-24 19:39:25,Atıcı 1,1. Sabit Mesafe Poligonu,0,50.6,0.193,LAZER
2026-09-24 19:39:25,Atıcı 1,1. Sabit Mesafe Poligonu,25,39.66,0.395,LAZER
2026-09-24 19:39:25,Atıcı 1,1. Sabit Mesafe Poligonu,0,68.82,0.12,LAZER
2026-09-24 19:39:25,Atıcı 1,1. Sabit Mesafe Poligonu,25,44.41,0.433,LAZER
2026-09-24 19:39:26,Atıcı 1,1. Sabit Mesafe Poligonu,0,297.14,0.272,LAZER
2026-09-24 19:39:26,Atıcı 1,1. Sabit Mesafe Poligonu,0,75.15,0.66,LAZER
2026-09-24 19:39:28,Atıcı 1,1. Sabit Mesafe Poligonu,50,34.66,2.569,LAZER
2026-09-24 19:39:43,Atıcı 1,1. Sabit Mesafe Poligonu,0,188.18,14.805,LAZER
2026-09-24 19:39:43,Atıcı 1,1. Sabit Mesafe Poligonu,75,14.32,15.449,LAZER
2026-09-24 19:39:43,Atıcı 1,1. Sabit Mesafe Poligonu,75,13.6,0.097,LAZER
2026-09-24 19:39:44,Atıcı 1,1. Sabit Mesafe Poligonu,75,14.87,0.1,LAZER
2026-09-24 19:39:44,Atıcı 1,1. Sabit Mesafe Poligonu,75,14.56,0.096,LAZER
2026-09-24 19:39:44,Atıcı 1,1. Sabit Mesafe Poligonu,75,9.49,0.221,LAZER
2026-09-24 19:39:45,Atıcı 1,1. Sabit Mesafe Poligonu,0,297.95,1.157,LAZER
2026-09-24 19:39:45,Atıcı 1,1. Sabit Mesafe Poligonu,75,16.76,1.602,LAZER
2026-09-24 19:39:46,Atıcı 1,1. Sabit Mesafe Poligonu,75,11.66,0.096,LAZER
2026-09-24 19:39:46,Atıcı 1,1. Sabit Mesafe Poligonu,75,12.08,0.094,LAZER
2026-09-24 19:39:46,Atıcı 1,1. Sabit Mesafe Poligonu,75,10.2,0.097,LAZER
2026-09-24 19:39:46,Atıcı 1,1. Sabit Mesafe Poligonu,75,16.16,0.097,LAZER
2026-09-24 19:39:47,Atıcı 1,1. Sabit Mesafe Poligonu,75,10.3,1.246,LAZER
2026-09-24 19:39:47,Atıcı 1,1. Sabit Mesafe Poligonu,75,10.3,0.1,LAZER
2026-09-24 19:39:47,Atıcı 1,1. Sabit Mesafe Poligonu,75,9.22,0.098,LAZER
2026-09-24 19:40:01,Atıcı 1,1. Sabit Mesafe Poligonu,0,297.95,13.325,LAZER
2026-09-24 19:40:02,Atıcı 1,1. Sabit Mesafe Poligonu,0,198.65,15.167,LAZER
2026-09-24 19:40:06,Atıcı 1,1. Sabit Mesafe Poligonu,0,297.95,18.904,LAZER
2026-09-24 19:40:06,Atıcı 1,1. Sabit Mesafe Poligonu,0,297.14,18.998,LAZER
2026-09-24 19:40:08,Atıcı 1,1. Sabit Mesafe Poligonu,100,2.24,20.313,LAZER
2026-09-24 19:40:08,Atıcı 1,1. Sabit Mesafe Poligonu,100,3.16,0.094,LAZER
2026-09-24 19:40:08,Atıcı 1,1. Sabit Mesafe Poligonu,100,1.41,0.096,LAZER
2026-09-24 19:40:09,Atıcı 1,1. Sabit Mesafe Poligonu,0,299.35,1.203,LAZER
2026-09-24 19:40:10,Atıcı 1,1. Sabit Mesafe Poligonu,75,16.03,2.228,LAZER
2026-09-24 19:40:10,Atıcı 1,1. Sabit Mesafe Poligonu,75,17.03,0.094,LAZER
2026-09-24 19:40:10,Atıcı 1,1. Sabit Mesafe Poligonu,75,18.25,0.096,LAZER
2026-09-24 19:40:10,Atıcı 1,1. Sabit Mesafe Poligonu,75,16.49,0.097,LAZER
2026-09-24 19:40:10,Atıcı 1,1. Sabit Mesafe Poligonu,75,16.12,0.098,LAZER
2026-09-24 19:40:10,Atıcı 1,1. Sabit Mesafe Poligonu,75,16.76,0.095,LAZER
2026-09-24 19:40:11,Atıcı 1,1. Sabit Mesafe Poligonu,75,16.76,0.099,LAZER
2026-09-24 19:40:11,Atıcı 1,1. Sabit Mesafe Poligonu,75,15.52,0.098,LAZER
2026-09-24 19:40:11,Atıcı 1,1. Sabit Mesafe Poligonu,75,18.68,0.22,LAZER
2026-09-24 19:40:11,Atıcı 1,1. Sabit Mesafe Poligonu,75,17.12,0.099,LAZER
2026-09-24 19:40:11,Atıcı 1,1. Sabit Mesafe Poligonu,75,18.03,0.096,LAZER
2026-09-24 19:40:11,Atıcı 1,1. Sabit Mesafe Poligonu,75,19.42,0.098,LAZER
2026-09-24 19:40:11,Atıcı 1,1. Sabit Mesafe Poligonu,75,19.31,0.097,LAZER
2026-09-24 19:40:11,Atıcı 1,1. Sabit Mesafe Poligonu,75,16.76,0.095,LAZER
2026-09-24 19:40:11,Atıcı 1,1. Sabit Mesafe Poligonu,75,19.65,0.096,LAZER
2026-09-24 19:40:12,Atıcı 1,1. Sabit Mesafe Poligonu,75,20.25,0.218,LAZER
2026-09-24 19:40:12,Atıcı 1,1. Sabit Mesafe Poligonu,75,22.14,0.097,LAZER
2026-09-24 19:40:12,Atıcı 1,1. Sabit Mesafe Poligonu,75,21.19,0.099,LAZER
2026-09-24 19:40:12,Atıcı 1,1. Sabit Mesafe Poligonu,75,22.47,0.097,LAZER
2026-09-24 19:40:12,Atıcı 1,1. Sabit Mesafe Poligonu,50,23.77,0.098,LAZER
2026-09-24 19:40:12,Atıcı 1,1. Sabit Mesafe Poligonu,50,23.54,0.1,LAZER
2026-09-24 19:40:12,Atıcı 1,1. Sabit Mesafe Poligonu,50,23.09,0.102,LAZER
2026-09-24 19:40:12,Atıcı 1,1. Sabit Mesafe Poligonu,75,19.92,0.097,LAZER
2026-09-24 19:40:12,Atıcı 1,1. Sabit Mesafe Poligonu,75,15.23,0.098,LAZER
2026-09-24 19:40:13,Atıcı 1,1. Sabit Mesafe Poligonu,75,17.09,0.096,LAZER
2026-09-24 19:40:13,Atıcı 1,1. Sabit Mesafe Poligonu,75,16.76,0.097,LAZER
2026-09-24 19:40:13,Atıcı 1,1. Sabit Mesafe Poligonu,75,15.81,0.319,LAZER
2026-09-24 19:40:13,Atıcı 1,1. Sabit Mesafe Poligonu,75,18.03,0.102,LAZER
2026-09-24 19:40:13,Atıcı 1,1. Sabit Mesafe Poligonu,75,17.46,0.098,LAZER
2026-09-24 19:40:13,Atıcı 1,1. Sabit Mesafe Poligonu,75,18.03,0.097,LAZER
2026-09-24 19:40:13,Atıcı 1,1. Sabit Mesafe Poligonu,75,15.3,0.095,LAZER
2026-09-24 19:40:13,Atıcı 1,1. Sabit Mesafe Poligonu,75,13.6,0.095,LAZER
2026-09-24 19:40:14,Atıcı 1,1. Sabit Mesafe Poligonu,25,37.48,0.422,LAZER
2026-09-24 19:40:14,Atıcı 1,1. Sabit Mesafe Poligonu,0,51.16,0.097,LAZER
2026-09-24 19:40:14,Atıcı 1,1. Sabit Mesafe Poligonu,0,141.33,0.327,LAZER
2026-09-24 19:40:14,Atıcı 1,1. Sabit Mesafe Poligonu,0,174.26,0.422,LAZER
2026-09-24 19:40:14,Atıcı 1,1. Sabit Mesafe Poligonu,0,158.4,0.518,LAZER
2026-09-24 19:40:30,Atıcı 1,1. Sabit Mesafe Poligonu,25,38.08,15.793,LAZER
2026-09-24 19:40:30,Atıcı 1,1. Sabit Mesafe Poligonu,50,36.5,0.096,LAZER
2026-09-24 19:40:30,Atıcı 1,1. Sabit Mesafe Poligonu,25,37.34,0.104,LAZER
2026-09-24 19:40:30,Atıcı 1,1. Sabit Mesafe Poligonu,50,33.06,0.103,LAZER
2026-09-24 19:40:30,Atıcı 1,1. Sabit Mesafe Poligonu,50,36.01,0.096,LAZER
2026-09-24 19:40:30,Atıcı 1,1. Sabit Mesafe Poligonu,25,42.11,0.197,LAZER
2026-09-24 19:40:30,Atıcı 1,1. Sabit Mesafe Poligonu,25,41.59,0.197,LAZER
2026-09-24 19:40:31,Atıcı 1,1. Sabit Mesafe Poligonu,25,37.34,0.213,LAZER
2026-09-24 19:40:31,Atıcı 1,1. Sabit Mesafe Poligonu,50,25.55,0.097,LAZER
2026-09-24 19:40:31,Atıcı 1,1. Sabit Mesafe Poligonu,50,23.6,0.099,LAZER
2026-09-24 19:40:31,Atıcı 1,1. Sabit Mesafe Poligonu,50,28.79,0.54,LAZER
2026-09-24 19:40:33,Atıcı 1,1. Sabit Mesafe Poligonu,0,256.84,1.529,LAZER
2026-09-24 19:40:34,Atıcı 1,1. Sabit Mesafe Poligonu,0,112.59,2.454,LAZER
2026-09-24 19:40:34,Atıcı 1,1. Sabit Mesafe Poligonu,0,112.81,2.587,LAZER
2026-09-24 19:40:36,Atıcı 1,1. Sabit Mesafe Poligonu,0,123.37,4.37,LAZER
2026-09-24 19:40:36,Atıcı 1,1. Sabit Mesafe Poligonu,0,111.76,4.459,LAZER
2026-09-24 19:40:36,Atıcı 1,1. Sabit Mesafe Poligonu,0,126.59,4.553,LAZER
2026-09-24 19:40:36,Atıcı 1,1. Sabit Mesafe Poligonu,0,120.93,4.948,LAZER
2026-09-24 19:40:36,Atıcı 1,1. Sabit Mesafe Poligonu,0,123.65,5.074,LAZER
2026-09-24 19:40:37,Atıcı 1,1. Sabit Mesafe Poligonu,0,119.52,5.164,LAZER
2026-09-24 19:40:37,Atıcı 1,1. Sabit Mesafe Poligonu,0,120.93,5.258,LAZER
2026-09-24 19:40:37,Atıcı 1,1. Sabit Mesafe Poligonu,0,122.35,5.357,LAZER
2026-09-24 19:40:37,Atıcı 1,1. Sabit Mesafe Poligonu,0,126.57,5.452,LAZER
2026-09-24 19:40:38,Atıcı 1,1. Sabit Mesafe Poligonu,0,117.39,6.63,LAZER
2026-09-24 19:40:38,Atıcı 1,1. Sabit Mesafe Poligonu,0,131.89,6.879,LAZER
2026-09-24 19:40:38,Atıcı 1,1. Sabit Mesafe Poligonu,0,130.3,7.069,LAZER
2026-09-24 19:40:39,Atıcı 1,1. Sabit Mesafe Poligonu,0,125.94,7.169,LAZER
2026-09-24 19:40:39,Atıcı 1,1. Sabit Mesafe Poligonu,0,120.93,7.27,LAZER
2026-09-24 19:40:39,Atıcı 1,1. Sabit Mesafe Poligonu,0,106.22,7.405,LAZER
2026-09-24 19:40:40,Atıcı 1,1. Sabit Mesafe Poligonu,0,297.14,8.362,LAZER
2026-09-24 19:40:40,Atıcı 1,1. Sabit Mesafe Poligonu,0,297.95,8.445,LAZER
2026-09-24 19:40:40,Atıcı 1,1. Sabit Mesafe Poligonu,0,135.06,8.659,LAZER
2026-09-24 19:40:40,Atıcı 1,1. Sabit Mesafe Poligonu,0,132.94,8.754,LAZER
2026-09-24 19:40:40,Atıcı 1,1. Sabit Mesafe Poligonu,0,134.35,8.856,LAZER
2026-09-24 19:40:40,Atıcı 1,1. Sabit Mesafe Poligonu,0,135.79,8.955,LAZER
2026-09-24 19:40:40,Atıcı 1,1. Sabit Mesafe Poligonu,0,91.93,9.045,LAZER
2026-09-24 19:40:41,Atıcı 1,1. Sabit Mesafe Poligonu,0,92.63,9.219,LAZER
2026-09-24 19:40:43,Atıcı 1,1. Sabit Mesafe Poligonu,0,72.25,11.308,LAZER
2026-09-24 19:40:49,Atıcı 1,1. Sabit Mesafe Poligonu,0,94.37,17.502,LAZER
2026-09-24 19:40:49,Atıcı 1,1. Sabit Mesafe Poligonu,0,89.56,17.835,LAZER
2026-09-24 19:40:50,Atıcı 1,1. Sabit Mesafe Poligonu,25,45.62,18.889,LAZER
2026-09-24 19:40:50,Atıcı 1,1. Sabit Mesafe Poligonu,25,44.29,0.078,LAZER
2026-09-24 19:40:51,Atıcı 1,1. Sabit Mesafe Poligonu,0,70.84,0.24,LAZER
2026-09-24 19:40:51,Atıcı 1,1. Sabit Mesafe Poligonu,0,81.79,0.888,LAZER
2026-09-24 19:40:51,Atıcı 1,1. Sabit Mesafe Poligonu,0,82.57,1.091,LAZER
2026-09-24 19:40:52,Atıcı 1,1. Sabit Mesafe Poligonu,0,262.67,1.29,LAZER
2026-09-24 19:40:52,Atıcı 1,1. Sabit Mesafe Poligonu,0,58.25,1.654,LAZER
2026-09-24 19:40:52,Atıcı 1,1. Sabit Mesafe Poligonu,0,58.05,1.815,LAZER
2026-09-24 19:40:52,Atıcı 1,1. Sabit Mesafe Poligonu,25,44.42,1.935,LAZER
2026-09-24 19:40:53,Atıcı 1,1. Sabit Mesafe Poligonu,0,83.43,0.637,LAZER
2026-09-24 19:40:53,Atıcı 1,1. Sabit Mesafe Poligonu,0,95.19,0.72,LAZER
2026-09-24 19:40:55,Atıcı 1,1. Sabit Mesafe Poligonu,0,46.69,2.436,LAZER
2026-09-24 19:40:55,Atıcı 1,1. Sabit Mesafe Poligonu,0,138.92,2.519,LAZER
2026-09-24 19:40:55,Atıcı 1,1. Sabit Mesafe Poligonu,0,103.23,2.799,LAZER
2026-09-24 19:41:01,Atıcı 1,1. Sabit Mesafe Poligonu,0,155.64,8.585,LAZER
2026-09-24 19:41:03,Atıcı 1,1. Sabit Mesafe Poligonu,0,79.63,11.109,LAZER
2026-09-24 19:41:04,Atıcı 1,1. Sabit Mesafe Poligonu,0,56.14,11.202,LAZER
2026-09-24 19:41:05,Atıcı 1,1. Sabit Mesafe Poligonu,0,54.2,12.305,LAZER
2026-09-24 19:41:05,Atıcı 1,1. Sabit Mesafe Poligonu,0,50.33,12.399,LAZER
2026-09-24 19:41:05,Atıcı 1,1. Sabit Mesafe Poligonu,25,37.44,12.494,LAZER
2026-09-24 19:41:05,Atıcı 1,1. Sabit Mesafe Poligonu,50,28.79,0.308,LAZER
2026-09-24 19:41:05,Atıcı 1,1. Sabit Mesafe Poligonu,75,21.38,0.097,LAZER
2026-09-24 19:41:06,Atıcı 1,1. Sabit Mesafe Poligonu,50,33.42,0.302,LAZER
2026-09-24 19:41:06,Atıcı 1,1. Sabit Mesafe Poligonu,50,31.14,0.097,LAZER
2026-09-24 19:41:06,Atıcı 1,1. Sabit Mesafe Poligonu,50,25.24,0.22,LAZER
2026-09-24 19:41:07,Atıcı 1,1. Sabit Mesafe Poligonu,0,80.62,1.206,LAZER
2026-09-24 19:41:07,Atıcı 1,1. Sabit Mesafe Poligonu,0,86.82,1.302,LAZER
2026-09-24 19:41:07,Atıcı 1,1. Sabit Mesafe Poligonu,0,88.55,1.399,LAZER
2026-09-24 19:41:08,Atıcı 1,1. Sabit Mesafe Poligonu,0,94.02,1.691,LAZER
2026-09-24 19:41:08,Atıcı 1,1. Sabit Mesafe Poligonu,0,97.99,1.786,LAZER
2026-09-24 19:41:10,Atıcı 1,1. Sabit Mesafe Poligonu,0,189.25,4.248,LAZER
2026-09-24 19:41:10,Atıcı 1,1. Sabit Mesafe Poligonu,0,182.28,4.342,LAZER
2026-09-24 19:41:10,Atıcı 1,1. Sabit Mesafe Poligonu,0,82.62,4.637,LAZER
2026-09-24 19:41:11,Atıcı 1,1. Sabit Mesafe Poligonu,0,92.46,4.721,LAZER
2026-09-24 19:41:11,Atıcı 1,1. Sabit Mesafe Poligonu,0,47.17,4.936,LAZER
2026-09-24 19:41:11,Atıcı 1,1. Sabit Mesafe Poligonu,0,46.04,5.148,LAZER
2026-09-24 19:41:11,Atıcı 1,1. Sabit Mesafe Poligonu,0,47.01,5.239,LAZER
2026-09-24 19:41:11,Atıcı 1,1. Sabit Mesafe Poligonu,25,44.1,5.451,LAZER
2026-09-24 19:41:11,Atıcı 1,1. Sabit Mesafe Poligonu,25,43.57,0.092,LAZER
2026-09-24 19:41:11,Atıcı 1,1. Sabit Mesafe Poligonu,25,45.49,0.096,LAZER
2026-09-24 19:41:12,Atıcı 1,1. Sabit Mesafe Poligonu,25,39.12,0.214,LAZER
2026-09-24 19:41:12,Atıcı 1,1. Sabit Mesafe Poligonu,25,40.61,0.097,LAZER
2026-09-24 19:41:12,Atıcı 1,1. Sabit Mesafe Poligonu,25,37.01,0.097,LAZER
2026-09-24 19:41:12,Atıcı 1,1. Sabit Mesafe Poligonu,50,36.77,0.099,LAZER
2026-09-24 19:41:12,Atıcı 1,1. Sabit Mesafe Poligonu,0,158.47,0.417,LAZER
2026-09-24 19:41:12,Atıcı 1,1. Sabit Mesafe Poligonu,75,15.0,0.509,LAZER
2026-09-24 19:41:13,Atıcı 1,1. Sabit Mesafe Poligonu,75,15.62,0.098,LAZER
2026-09-24 19:41:13,Atıcı 1,1. Sabit Mesafe Poligonu,75,15.52,0.102,LAZER
2026-09-24 19:41:13,Atıcı 1,1. Sabit Mesafe Poligonu,0,150.76,0.513,LAZER
2026-09-24 19:41:16,Atıcı 1,1. Sabit Mesafe Poligonu,100,7.21,2.91,LAZER
2026-09-24 19:41:16,Atıcı 1,1. Sabit Mesafe Poligonu,100,6.08,0.143,LAZER
2026-09-24 19:41:16,Atıcı 1,1. Sabit Mesafe Poligonu,0,113.15,0.179,LAZER
2026-09-24 19:41:16,Atıcı 1,1. Sabit Mesafe Poligonu,100,8.54,0.275,LAZER
2026-09-24 19:41:16,Atıcı 1,1. Sabit Mesafe Poligonu,100,8.94,0.105,LAZER
2026-09-24 19:41:16,Atıcı 1,1. Sabit Mesafe Poligonu,100,8.06,0.197,LAZER
2026-09-24 19:41:16,Atıcı 1,1. Sabit Mesafe Poligonu,100,5.0,0.103,LAZER
2026-09-24 19:41:17,Atıcı 1,1. Sabit Mesafe Poligonu,0,186.94,0.616,LAZER
2026-09-24 19:41:18,Atıcı 1,1. Sabit Mesafe Poligonu,100,2.24,1.292,LAZER
2026-09-24 19:41:18,Atıcı 1,1. Sabit Mesafe Poligonu,75,12.53,0.098,LAZER
2026-09-24 19:41:19,Atıcı 1,1. Sabit Mesafe Poligonu,0,297.95,1.099,LAZER
2026-09-24 19:41:19,Atıcı 1,1. Sabit Mesafe Poligonu,0,140.89,1.187,LAZER
2026-09-24 19:41:19,Atıcı 1,1. Sabit Mesafe Poligonu,25,37.48,1.313,LAZER
2026-09-24 19:41:22,Atıcı 1,1. Sabit Mesafe Poligonu,0,164.6,2.412,LAZER
2026-09-24 19:41:22,Atıcı 1,1. Sabit Mesafe Poligonu,0,85.23,2.583,LAZER
2026-09-24 19:41:22,Atıcı 1,1. Sabit Mesafe Poligonu,0,83.57,2.662,LAZER
2026-09-24 19:41:29,Atıcı 1,2. Sağa-Sola Hareket Eden Hedef,0,134.83,5.44,LAZER
2026-09-24 19:41:29,Atıcı 1,2. Sağa-Sola Hareket Eden Hedef,0,145.5,5.531,LAZER
2026-09-24 19:41:29,Atıcı 1,2. Sağa-Sola Hareket Eden Hedef,0,155.27,5.623,LAZER
2026-09-24 19:41:29,Atıcı 1,2. Sağa-Sola Hareket Eden Hedef,0,180.29,5.847,LAZER
2026-09-24 19:41:29,Atıcı 1,2. Sağa-Sola Hareket Eden Hedef,0,180.46,5.944,LAZER
2026-09-24 19:41:29,Atıcı 1,2. Sağa-Sola Hareket Eden Hedef,0,166.23,6.037,LAZER
2026-09-24 19:41:29,Atıcı 1,2. Sağa-Sola Hareket Eden Hedef,0,153.09,6.132,LAZER
2026-09-24 19:41:30,Atıcı 1,2. Sağa-Sola Hareket Eden Hedef,0,154.15,6.356,LAZER
2026-09-24 19:41:32,Atıcı 1,2. Sağa-Sola Hareket Eden Hedef,31,39.12,8.937,LAZER
2026-09-24 19:41:32,Atıcı 1,2. Sağa-Sola Hareket Eden Hedef,0,82.76,0.091,LAZER
2026-09-24 19:41:33,Atıcı 1,2. Sağa-Sola Hareket Eden Hedef,0,191.01,0.239,LAZER
2026-09-24 19:41:33,Atıcı 1,2. Sağa-Sola Hareket Eden Hedef,0,82.27,0.517,LAZER
2026-09-24 19:41:33,Atıcı 1,2. Sağa-Sola Hareket Eden Hedef,0,84.36,0.608,LAZER
2026-09-24 19:41:33,Atıcı 1,2. Sağa-Sola Hareket Eden Hedef,0,52.33,0.997,LAZER
2026-09-24 19:41:33,Atıcı 1,2. Sağa-Sola Hareket Eden Hedef,0,45.34,1.088,LAZER
2026-09-24 19:41:34,Atıcı 1,2. Sağa-Sola Hareket Eden Hedef,0,136.78,1.265,LAZER
2026-09-24 19:41:35,Atıcı 1,2. Sağa-Sola Hareket Eden Hedef,0,47.27,2.254,LAZER
2026-09-24 19:41:36,Atıcı 1,2. Sağa-Sola Hareket Eden Hedef,0,64.53,3.351,LAZER
2026-09-24 19:41:37,Atıcı 1,2. Sağa-Sola Hareket Eden Hedef,0,179.64,4.814,LAZER
2026-09-24 19:41:42,Atıcı 1,6. Düşen Çelik Plakalar (Plate Rack),0,174.35,0.589,LAZER
2026-09-24 19:41:47,Atıcı 1,6. Düşen Çelik Plakalar (Plate Rack),100,17.26,6.019,LAZER
2026-09-24 19:41:47,Atıcı 1,6. Düşen Çelik Plakalar (Plate Rack),0,65.19,6.233,LAZER
2026-09-24 19:41:48,Atıcı 1,6. Düşen Çelik Plakalar (Plate Rack),0,67.27,6.331,LAZER
2026-09-24 19:41:49,Atıcı 1,6. Düşen Çelik Plakalar (Plate Rack),0,46.75,7.571,LAZER
2026-09-24 19:41:49,Atıcı 1,6. Düşen Çelik Plakalar (Plate Rack),100,25.63,7.669,LAZER
2026-09-24 19:41:58,Atıcı 1,6. Düşen Çelik Plakalar (Plate Rack),0,155.57,16.34,LAZER
2026-09-24 19:41:58,Atıcı 1,6. Düşen Çelik Plakalar (Plate Rack),0,139.39,16.506,LAZER
2026-09-24 19:41:58,Atıcı 1,6. Düşen Çelik Plakalar (Plate Rack),100,21.93,16.597,LAZER
2026-09-24 19:41:58,Atıcı 1,6. Düşen Çelik Plakalar (Plate Rack),0,76.92,16.697,LAZER
2026-09-24 19:41:58,Atıcı 1,6. Düşen Çelik Plakalar (Plate Rack),0,69.63,16.787,LAZER
2026-09-24 19:41:58,Atıcı 1,6. Düşen Çelik Plakalar (Plate Rack),0,66.48,16.88,LAZER
2026-09-24 19:41:58,Atıcı 1,6. Düşen Çelik Plakalar (Plate Rack),0,69.23,17.108,LAZER
2026-09-24 19:41:58,Atıcı 1,6. Düşen Çelik Plakalar (Plate Rack),0,68.88,17.2,LAZER
2026-09-24 19:41:59,Atıcı 1,6. Düşen Çelik Plakalar (Plate Rack),0,63.29,17.296,LAZER
2026-09-24 19:41:59,Atıcı 1,6. Düşen Çelik Plakalar (Plate Rack),100,20.62,17.484,LAZER
2026-09-24 19:42:00,Atıcı 1,6. Düşen Çelik Plakalar (Plate Rack),100,10.77,18.689,LAZER
2026-09-24 19:42:01,Atıcı 1,6. Düşen Çelik Plakalar (Plate Rack),0,153.42,19.723,LAZER
2026-09-24 19:42:03,Atıcı 1,6. Düşen Çelik Plakalar (Plate Rack),0,190.06,21.461,LAZER
2026-09-24 19:42:04,Atıcı 1,6. Düşen Çelik Plakalar (Plate Rack),0,176.83,22.746,LAZER
2026-09-24 19:42:05,Atıcı 1,6. Düşen Çelik Plakalar (Plate Rack),0,174.16,23.582,LAZER
2026-09-24 19:42:05,Atıcı 1,6. Düşen Çelik Plakalar (Plate Rack),0,172.53,23.662,LAZER
2026-09-24 19:42:05,Atıcı 1,6. Düşen Çelik Plakalar (Plate Rack),0,174.77,23.932,LAZER
2026-09-24 19:42:05,Atıcı 1,6. Düşen Çelik Plakalar (Plate Rack),0,168.66,24.051,LAZER
2026-09-24 19:42:08,Atıcı 1,6. Düşen Çelik Plakalar (Plate Rack),0,175.62,26.762,LAZER
2026-09-24 19:42:08,Atıcı 1,6. Düşen Çelik Plakalar (Plate Rack),0,173.97,27.038,LAZER
2026-09-24 19:42:18,Atıcı 1,6. Düşen Çelik Plakalar (Plate Rack),0,173.97,36.492,LAZER
2026-09-24 19:42:21,Atıcı 1,6. Düşen Çelik Plakalar (Plate Rack),0,173.97,40.039,LAZER
2026-09-24 19:42:21,Atıcı 1,6. Düşen Çelik Plakalar (Plate Rack),0,172.99,40.192,LAZER
2026-09-24 19:42:22,Atıcı 1,6. Düşen Çelik Plakalar (Plate Rack),0,173.79,40.386,LAZER
2026-09-24 19:42:23,Atıcı 1,6. Düşen Çelik Plakalar (Plate Rack),0,168.34,42.049,LAZER
2026-09-24 19:42:23,Atıcı 1,6. Düşen Çelik Plakalar (Plate Rack),0,173.97,42.164,LAZER
2026-09-24 19:42:26,Atıcı 1,6. Düşen Çelik Plakalar (Plate Rack),0,168.32,44.249,LAZER
2026-09-24 19:42:26,Atıcı 1,6. Düşen Çelik Plakalar (Plate Rack),0,168.58,44.401,LAZER
2026-09-24 19:42:26,Atıcı 1,6. Düşen Çelik Plakalar (Plate Rack),0,173.97,44.558,LAZER
2026-09-24 19:42:26,Atıcı 1,6. Düşen Çelik Plakalar (Plate Rack),0,173.97,44.791,LAZER
2026-09-24 19:42:26,Atıcı 1,6. Düşen Çelik Plakalar (Plate Rack),0,173.97,44.911,LAZER
2026-09-24 19:42:26,Atıcı 1,6. Düşen Çelik Plakalar (Plate Rack),0,173.79,45.104,LAZER
2026-09-24 19:42:26,Atıcı 1,6. Düşen Çelik Plakalar (Plate Rack),0,173.97,45.225,LAZER
2026-09-24 19:42:29,Atıcı 1,6. Düşen Çelik Plakalar (Plate Rack),0,173.97,47.572,LAZER
2026-09-24 19:42:31,Atıcı 1,6. Düşen Çelik Plakalar (Plate Rack),0,173.97,50.234,LAZER
2026-09-24 19:42:32,Atıcı 1,6. Düşen Çelik Plakalar (Plate Rack),0,163.2,50.352,LAZER
2026-09-24 19:42:33,Atıcı 1,6. Düşen Çelik Plakalar (Plate Rack),0,173.79,52.013,LAZER
2026-09-24 19:42:34,Atıcı 1,6. Düşen Çelik Plakalar (Plate Rack),0,173.79,53.161,LAZER
2026-09-24 19:42:38,Atıcı 1,6. Düşen Çelik Plakalar (Plate Rack),0,173.61,56.957,LAZER
2026-09-24 19:42:38,Atıcı 1,6. Düşen Çelik Plakalar (Plate Rack),0,173.61,57.159,LAZER
2026-09-24 19:42:39,Atıcı 1,6. Düşen Çelik Plakalar (Plate Rack),0,173.61,57.278,LAZER
2026-09-24 19:42:39,Atıcı 1,6. Düşen Çelik Plakalar (Plate Rack),0,172.63,57.472,LAZER
2026-09-24 19:42:39,Atıcı 1,6. Düşen Çelik Plakalar (Plate Rack),0,100.6,57.628,LAZER
2026-09-24 19:42:39,Atıcı 1,6. Düşen Çelik Plakalar (Plate Rack),0,173.61,57.786,LAZER
2026-09-24 19:42:39,Atıcı 1,6. Düşen Çelik Plakalar (Plate Rack),0,173.61,57.942,LAZER
2026-09-24 19:42:40,Atıcı 1,6. Düşen Çelik Plakalar (Plate Rack),0,129.39,58.325,LAZER
2026-09-24 19:42:40,Atıcı 1,6. Düşen Çelik Plakalar (Plate Rack),0,103.31,58.937,LAZER
2026-09-24 19:42:41,Atıcı 1,6. Düşen Çelik Plakalar (Plate Rack),0,146.18,59.877,LAZER
2026-09-24 19:42:44,Atıcı 1,6. Düşen Çelik Plakalar (Plate Rack),0,191.76,62.865,LAZER
2026-09-24 19:42:45,Atıcı 1,6. Düşen Çelik Plakalar (Plate Rack),0,173.79,63.364,LAZER
2026-09-24 19:42:45,Atıcı 1,6. Düşen Çelik Plakalar (Plate Rack),0,173.61,63.673,LAZER
2026-09-24 19:42:45,Atıcı 1,6. Düşen Çelik Plakalar (Plate Rack),0,172.63,63.869,LAZER
2026-09-24 19:42:45,Atıcı 1,6. Düşen Çelik Plakalar (Plate Rack),0,173.79,63.946,LAZER
2026-09-24 19:42:45,Atıcı 1,6. Düşen Çelik Plakalar (Plate Rack),0,173.61,64.139,LAZER
2026-09-24 19:42:46,Atıcı 1,6. Düşen Çelik Plakalar (Plate Rack),0,157.7,64.295,LAZER
2026-09-24 19:42:46,Atıcı 1,6. Düşen Çelik Plakalar (Plate Rack),0,200.21,64.489,LAZER
2026-09-24 19:42:46,Atıcı 1,6. Düşen Çelik Plakalar (Plate Rack),0,200.21,64.57,LAZER
2026-09-24 19:42:46,Atıcı 1,6. Düşen Çelik Plakalar (Plate Rack),0,174.95,64.799,LAZER
2026-09-24 19:42:46,Atıcı 1,6. Düşen Çelik Plakalar (Plate Rack),0,173.79,64.916,LAZER
2026-09-24 19:42:46,Atıcı 1,6. Düşen Çelik Plakalar (Plate Rack),0,173.61,64.994,LAZER
2026-09-24 19:42:46,Atıcı 1,6. Düşen Çelik Plakalar (Plate Rack),0,173.61,65.112,LAZER
2026-09-24 19:42:47,Atıcı 1,6. Düşen Çelik Plakalar (Plate Rack),0,173.61,65.269,LAZER
2026-09-24 19:42:47,Atıcı 1,6. Düşen Çelik Plakalar (Plate Rack),0,217.59,65.655,LAZER
2026-09-24 19:42:48,Atıcı 1,6. Düşen Çelik Plakalar (Plate Rack),0,198.25,67.002,LAZER
2026-09-24 19:42:48,Atıcı 1,6. Düşen Çelik Plakalar (Plate Rack),0,173.61,67.081,LAZER
2026-09-24 19:42:49,Atıcı 1,6. Düşen Çelik Plakalar (Plate Rack),0,173.61,67.55,LAZER
2026-09-24 19:42:58,Atıcı 1,6. Düşen Çelik Plakalar (Plate Rack),0,198.6,76.956,LAZER
2026-09-24 19:43:02,Atıcı 1,6. Düşen Çelik Plakalar (Plate Rack),0,193.2,80.528,LAZER
2026-09-24 19:43:02,Atıcı 1,6. Düşen Çelik Plakalar (Plate Rack),0,173.79,81.186,LAZER
2026-09-24 19:43:07,Atıcı 1,6. Düşen Çelik Plakalar (Plate Rack),0,172.01,85.938,LAZER
2026-09-24 19:43:08,Atıcı 1,6. Düşen Çelik Plakalar (Plate Rack),0,173.79,87.238,LAZER
2026-09-24 19:43:09,Atıcı 1,6. Düşen Çelik Plakalar (Plate Rack),0,173.61,87.352,LAZER
2026-09-24 19:43:11,Atıcı 1,6. Düşen Çelik Plakalar (Plate Rack),0,173.61,89.638,LAZER
2026-09-24 19:43:11,Atıcı 1,6. Düşen Çelik Plakalar (Plate Rack),0,173.79,89.716,LAZER
2026-09-24 19:43:11,Atıcı 1,6. Düşen Çelik Plakalar (Plate Rack),0,173.79,89.835,LAZER
2026-09-24 19:43:16,Atıcı 1,6. Düşen Çelik Plakalar (Plate Rack),0,174.77,94.623,LAZER
2026-09-24 19:43:18,Atıcı 1,6. Düşen Çelik Plakalar (Plate Rack),0,173.61,96.917,LAZER
2026-09-24 19:43:18,Atıcı 1,6. Düşen Çelik Plakalar (Plate Rack),0,172.63,96.996,LAZER
2026-09-24 19:43:18,Atıcı 1,6. Düşen Çelik Plakalar (Plate Rack),0,173.61,97.075,LAZER
2026-09-24 19:43:18,Atıcı 1,6. Düşen Çelik Plakalar (Plate Rack),0,173.61,97.154,LAZER
2026-09-24 19:43:19,Atıcı 1,6. Düşen Çelik Plakalar (Plate Rack),0,173.61,97.272,LAZER
2026-09-24 19:43:19,Atıcı 1,6. Düşen Çelik Plakalar (Plate Rack),0,172.63,97.428,LAZER
2026-09-24 19:43:19,Atıcı 1,6. Düşen Çelik Plakalar (Plate Rack),0,173.61,97.584,LAZER
2026-09-24 19:43:27,Atıcı 1,6. Düşen Çelik Plakalar (Plate Rack),0,332.78,105.82,LAZER
2026-09-24 19:43:27,Atıcı 1,6. Düşen Çelik Plakalar (Plate Rack),0,529.31,106.091,LAZER
2026-09-24 19:43:27,Atıcı 1,6. Düşen Çelik Plakalar (Plate Rack),0,338.61,106.21,LAZER
2026-09-24 19:43:37,Atıcı 1,6. Düşen Çelik Plakalar (Plate Rack),0,390.56,115.724,LAZER
2026-09-24 19:43:37,Atıcı 1,6. Düşen Çelik Plakalar (Plate Rack),0,383.42,115.843,LAZER
2026-09-24 19:43:47,Atıcı 1,6. Düşen Çelik Plakalar (Plate Rack),0,529.31,125.748,LAZER
2026-09-24 19:43:47,Atıcı 1,6. Düşen Çelik Plakalar (Plate Rack),0,336.88,125.835,LAZER
2026-09-24 19:43:48,Atıcı 1,6. Düşen Çelik Plakalar (Plate Rack),0,349.25,126.27,LAZER
2026-09-24 19:43:48,Atıcı 1,6. Düşen Çelik Plakalar (Plate Rack),0,337.85,126.509,LAZER
2026-09-24 19:43:48,Atıcı 1,6. Düşen Çelik Plakalar (Plate Rack),0,363.14,126.716,LAZER
2026-09-24 19:43:48,Atıcı 1,6. Düşen Çelik Plakalar (Plate Rack),0,529.31,126.88,LAZER
2026-09-24 19:43:48,Atıcı 1,6. Düşen Çelik Plakalar (Plate Rack),0,529.31,127.087,LAZER
2026-09-24 19:43:49,Atıcı 1,6. Düşen Çelik Plakalar (Plate Rack),0,338.12,127.249,LAZER
2026-09-24 19:43:49,Atıcı 1,6. Düşen Çelik Plakalar (Plate Rack),0,338.83,127.572,LAZER
2026-09-24 19:43:49,Atıcı 1,6. Düşen Çelik Plakalar (Plate Rack),0,336.9,127.991,LAZER
2026-09-24 19:43:50,Atıcı 1,6. Düşen Çelik Plakalar (Plate Rack),0,529.31,128.308,LAZER
2026-09-24 19:43:50,Atıcı 1,6. Düşen Çelik Plakalar (Plate Rack),0,336.15,128.824,LAZER
2026-09-24 19:43:50,Atıcı 1,6. Düşen Çelik Plakalar (Plate Rack),0,336.15,128.904,LAZER
2026-09-24 19:43:50,Atıcı 1,6. Düşen Çelik Plakalar (Plate Rack),0,335.19,129.144,LAZER
2026-09-24 19:43:50,Atıcı 1,6. Düşen Çelik Plakalar (Plate Rack),0,335.19,129.228,LAZER
2026-09-24 19:43:51,Atıcı 1,6. Düşen Çelik Plakalar (Plate Rack),0,335.19,129.308,LAZER
2026-09-24 19:43:51,Atıcı 1,6. Düşen Çelik Plakalar (Plate Rack),0,336.15,129.666,LAZER
2026-09-24 19:43:51,Atıcı 1,6. Düşen Çelik Plakalar (Plate Rack),0,529.31,129.748,LAZER
2026-09-24 19:43:51,Atıcı 1,6. Düşen Çelik Plakalar (Plate Rack),0,335.19,129.83,LAZER
2026-09-24 19:43:51,Atıcı 1,6. Düşen Çelik Plakalar (Plate Rack),0,331.19,129.956,LAZER
2026-09-24 19:43:51,Atıcı 1,6. Düşen Çelik Plakalar (Plate Rack),0,360.51,130.084,LAZER
2026-09-24 19:43:52,Atıcı 1,6. Düşen Çelik Plakalar (Plate Rack),0,336.88,130.571,LAZER
2026-09-24 19:43:52,Atıcı 1,6. Düşen Çelik Plakalar (Plate Rack),0,342.81,130.66,LAZER
2026-09-24 19:43:52,Atıcı 1,6. Düşen Çelik Plakalar (Plate Rack),0,347.52,130.741,LAZER
2026-09-24 19:43:53,Atıcı 1,6. Düşen Çelik Plakalar (Plate Rack),0,529.31,131.621,LAZER
2026-09-24 19:43:53,Atıcı 1,6. Düşen Çelik Plakalar (Plate Rack),0,529.31,131.819,LAZER
2026-09-24 19:43:53,Atıcı 1,6. Düşen Çelik Plakalar (Plate Rack),0,529.27,131.944,LAZER
2026-09-24 19:43:54,Atıcı 1,6. Düşen Çelik Plakalar (Plate Rack),0,529.31,132.389,LAZER
2026-09-24 19:43:54,Atıcı 1,6. Düşen Çelik Plakalar (Plate Rack),0,529.31,132.666,LAZER
2026-09-24 19:43:54,Atıcı 1,6. Düşen Çelik Plakalar (Plate Rack),0,341.32,132.831,LAZER
2026-09-24 19:43:54,Atıcı 1,6. Düşen Çelik Plakalar (Plate Rack),0,340.07,132.917,LAZER
2026-09-24 19:44:04,Atıcı 1,6. Düşen Çelik Plakalar (Plate Rack),0,529.31,143.21,LAZER
2026-09-24 19:44:05,Atıcı 1,6. Düşen Çelik Plakalar (Plate Rack),0,366.27,143.287,LAZER
2026-09-24 19:44:10,Atıcı 1,6. Düşen Çelik Plakalar (Plate Rack),0,361.5,148.827,LAZER
2026-09-24 19:44:10,Atıcı 1,6. Düşen Çelik Plakalar (Plate Rack),0,529.31,149.021,LAZER
2026-09-24 19:44:18,Atıcı 1,6. Düşen Çelik Plakalar (Plate Rack),0,347.08,156.486,LAZER
2026-09-24 19:44:19,Atıcı 1,6. Düşen Çelik Plakalar (Plate Rack),0,337.77,158.051,LAZER
2026-09-24 19:44:19,Atıcı 1,6. Düşen Çelik Plakalar (Plate Rack),0,337.77,158.218,LAZER
2026-09-24 19:44:20,Atıcı 1,6. Düşen Çelik Plakalar (Plate Rack),0,339.03,158.337,LAZER
2026-09-24 19:44:20,Atıcı 1,6. Düşen Çelik Plakalar (Plate Rack),0,351.37,158.604,LAZER
2026-09-24 19:44:29,Atıcı 1,6. Düşen Çelik Plakalar (Plate Rack),0,318.21,167.971,LAZER
2026-09-24 19:44:30,Atıcı 1,6. Düşen Çelik Plakalar (Plate Rack),0,396.81,168.556,LAZER
2026-09-24 19:44:32,Atıcı 1,6. Düşen Çelik Plakalar (Plate Rack),0,328.57,171.07,LAZER
2026-09-24 19:44:33,Atıcı 1,6. Düşen Çelik Plakalar (Plate Rack),0,364.07,171.647,LAZER
2026-09-24 19:44:33,Atıcı 1,6. Düşen Çelik Plakalar (Plate Rack),0,124.62,171.766,LAZER
2026-09-24 19:44:34,Atıcı 1,6. Düşen Çelik Plakalar (Plate Rack),0,320.49,173.155,LAZER
2026-09-24 19:44:36,Atıcı 1,6. Düşen Çelik Plakalar (Plate Rack),0,323.6,174.435,LAZER
2026-09-24 19:44:36,Atıcı 1,6. Düşen Çelik Plakalar (Plate Rack),0,322.62,174.51,LAZER
2026-09-24 19:44:36,Atıcı 1,6. Düşen Çelik Plakalar (Plate Rack),0,376.42,174.626,LAZER
2026-09-24 19:44:36,Atıcı 1,6. Düşen Çelik Plakalar (Plate Rack),0,323.9,174.978,LAZER
2026-09-24 19:44:37,Atıcı 1,6. Düşen Çelik Plakalar (Plate Rack),0,327.47,175.818,LAZER
2026-09-24 19:44:38,Atıcı 1,6. Düşen Çelik Plakalar (Plate Rack),0,200.41,176.676,LAZER
2026-09-24 19:44:38,Atıcı 1,6. Düşen Çelik Plakalar (Plate Rack),0,321.08,176.927,LAZER
2026-09-24 19:44:38,Atıcı 1,6. Düşen Çelik Plakalar (Plate Rack),0,327.93,177.007,LAZER
2026-09-24 19:44:38,Atıcı 1,6. Düşen Çelik Plakalar (Plate Rack),0,320.43,177.237,LAZER
2026-09-24 19:44:39,Atıcı 1,6. Düşen Çelik Plakalar (Plate Rack),0,329.88,177.933,LAZER
2026-09-24 19:44:39,Atıcı 1,6. Düşen Çelik Plakalar (Plate Rack),0,320.73,178.089,LAZER
2026-09-24 19:44:43,Atıcı 1,6. Düşen Çelik Plakalar (Plate Rack),0,297.41,182.156,LAZER
2026-09-24 19:44:44,Atıcı 1,6. Düşen Çelik Plakalar (Plate Rack),0,296.14,182.314,LAZER
2026-09-24 19:44:44,Atıcı 1,6. Düşen Çelik Plakalar (Plate Rack),0,529.31,183.218,LAZER
2026-09-24 19:44:45,Atıcı 1,6. Düşen Çelik Plakalar (Plate Rack),0,300.03,183.656,LAZER
2026-09-24 19:44:45,Atıcı 1,6. Düşen Çelik Plakalar (Plate Rack),0,313.7,183.938,LAZER
2026-09-24 19:44:48,Atıcı 1,6. Düşen Çelik Plakalar (Plate Rack),0,360.47,186.533,LAZER
2026-09-24 19:44:48,Atıcı 1,6. Düşen Çelik Plakalar (Plate Rack),0,322.34,186.786,LAZER
2026-09-24 19:44:48,Atıcı 1,6. Düşen Çelik Plakalar (Plate Rack),0,339.56,187.169,LAZER
2026-09-24 19:44:49,Atıcı 1,6. Düşen Çelik Plakalar (Plate Rack),0,324.0,187.287,LAZER
2026-09-24 19:44:50,Atıcı 1,6. Düşen Çelik Plakalar (Plate Rack),0,337.54,188.562,LAZER
2026-09-24 19:44:51,Atıcı 1,6. Düşen Çelik Plakalar (Plate Rack),0,379.82,189.378,LAZER
2026-09-24 19:44:51,Atıcı 1,6. Düşen Çelik Plakalar (Plate Rack),0,333.4,189.917,LAZER
2026-09-24 19:44:51,Atıcı 1,6. Düşen Çelik Plakalar (Plate Rack),0,325.55,190.146,LAZER
2026-09-24 19:44:52,Atıcı 1,6. Düşen Çelik Plakalar (Plate Rack),0,327.32,190.376,LAZER
2026-09-24 19:44:52,Atıcı 1,6. Düşen Çelik Plakalar (Plate Rack),0,333.65,190.455,LAZER
2026-09-24 19:44:53,Atıcı 1,6. Düşen Çelik Plakalar (Plate Rack),0,529.31,191.378,LAZER
2026-09-24 19:44:53,Atıcı 1,6. Düşen Çelik Plakalar (Plate Rack),0,329.88,191.492,LAZER
2026-09-24 19:44:53,Atıcı 1,6. Düşen Çelik Plakalar (Plate Rack),0,329.88,191.759,LAZER
2026-09-24 19:44:53,Atıcı 1,6. Düşen Çelik Plakalar (Plate Rack),0,345.13,192.067,LAZER
2026-09-24 19:44:53,Atıcı 1,6. Düşen Çelik Plakalar (Plate Rack),0,381.89,192.143,LAZER
2026-09-24 19:44:54,Atıcı 1,6. Düşen Çelik Plakalar (Plate Rack),0,359.4,192.371,LAZER
2026-09-24 19:44:54,Atıcı 1,6. Düşen Çelik Plakalar (Plate Rack),0,363.6,192.486,LAZER
2026-09-24 19:44:55,Atıcı 1,6. Düşen Çelik Plakalar (Plate Rack),0,351.2,193.501,LAZER
2026-09-24 19:44:56,Atıcı 1,6. Düşen Çelik Plakalar (Plate Rack),0,373.98,194.739,LAZER
2026-09-24 19:44:56,Atıcı 1,6. Düşen Çelik Plakalar (Plate Rack),0,529.31,194.932,LAZER
2026-09-24 19:44:56,Atıcı 1,6. Düşen Çelik Plakalar (Plate Rack),0,389.17,195.203,LAZER
2026-09-24 19:44:58,Atıcı 1,6. Düşen Çelik Plakalar (Plate Rack),0,529.31,196.31,LAZER
2026-09-24 19:44:58,Atıcı 1,6. Düşen Çelik Plakalar (Plate Rack),0,351.26,196.501,LAZER
2026-09-24 19:44:58,Atıcı 1,6. Düşen Çelik Plakalar (Plate Rack),0,529.31,196.578,LAZER
2026-09-24 19:44:58,Atıcı 1,6. Düşen Çelik Plakalar (Plate Rack),0,350.09,196.655,LAZER
2026-09-24 19:45:00,Atıcı 1,6. Düşen Çelik Plakalar (Plate Rack),0,345.75,198.375,LAZER
2026-09-24 19:45:00,Atıcı 1,6. Düşen Çelik Plakalar (Plate Rack),0,345.56,198.616,LAZER
2026-09-24 19:45:00,Atıcı 1,6. Düşen Çelik Plakalar (Plate Rack),0,345.75,199.118,LAZER
2026-09-24 19:45:00,Atıcı 1,6. Düşen Çelik Plakalar (Plate Rack),0,359.2,199.195,LAZER
2026-09-24 19:45:03,Atıcı 1,6. Düşen Çelik Plakalar (Plate Rack),0,364.4,202.041,LAZER
2026-09-24 19:45:04,Atıcı 1,6. Düşen Çelik Plakalar (Plate Rack),0,363.42,202.539,LAZER
2026-09-24 19:45:04,Atıcı 1,6. Düşen Çelik Plakalar (Plate Rack),0,379.29,202.693,LAZER
2026-09-24 19:45:04,Atıcı 1,6. Düşen Çelik Plakalar (Plate Rack),0,361.45,202.811,LAZER
2026-09-24 19:45:05,Atıcı 1,6. Düşen Çelik Plakalar (Plate Rack),0,358.13,203.542,LAZER
2026-09-24 19:45:05,Atıcı 1,6. Düşen Çelik Plakalar (Plate Rack),0,361.64,203.888,LAZER
2026-09-24 19:45:06,Atıcı 1,6. Düşen Çelik Plakalar (Plate Rack),0,363.21,204.853,LAZER
2026-09-24 19:45:06,Atıcı 1,6. Düşen Çelik Plakalar (Plate Rack),0,362.82,205.124,LAZER
2026-09-24 19:45:07,Atıcı 1,6. Düşen Çelik Plakalar (Plate Rack),0,362.82,205.316,LAZER
2026-09-24 19:45:07,Atıcı 1,6. Düşen Çelik Plakalar (Plate Rack),0,361.84,205.778,LAZER
2026-09-24 19:45:07,Atıcı 1,6. Düşen Çelik Plakalar (Plate Rack),0,529.31,205.855,LAZER
2026-09-24 19:45:07,Atıcı 1,6. Düşen Çelik Plakalar (Plate Rack),0,359.68,205.975,LAZER
2026-09-24 19:45:07,Atıcı 1,6. Düşen Çelik Plakalar (Plate Rack),0,529.31,206.051,LAZER
2026-09-24 19:45:07,Atıcı 1,6. Düşen Çelik Plakalar (Plate Rack),0,529.31,206.167,LAZER
2026-09-24 19:45:08,Atıcı 1,6. Düşen Çelik Plakalar (Plate Rack),0,529.31,206.751,LAZER
2026-09-24 19:45:08,Atıcı 1,6. Düşen Çelik Plakalar (Plate Rack),0,529.31,206.866,LAZER
2026-09-24 19:45:08,Atıcı 1,6. Düşen Çelik Plakalar (Plate Rack),0,389.61,207.021,LAZER
2026-09-24 19:45:08,Atıcı 1,6. Düşen Çelik Plakalar (Plate Rack),0,389.83,207.137,LAZER
2026-09-24 19:45:08,Atıcı 1,6. Düşen Çelik Plakalar (Plate Rack),0,529.31,207.217,LAZER
2026-09-24 19:45:12,Atıcı 1,6. Düşen Çelik Plakalar (Plate Rack),0,393.19,210.603,LAZER
2026-09-24 19:45:12,Atıcı 1,6. Düşen Çelik Plakalar (Plate Rack),0,378.19,210.719,LAZER
2026-09-24 19:45:13,Atıcı 1,6. Düşen Çelik Plakalar (Plate Rack),0,529.31,211.304,LAZER
2026-09-24 19:45:13,Atıcı 1,6. Düşen Çelik Plakalar (Plate Rack),0,529.31,211.418,LAZER
2026-09-24 19:45:13,Atıcı 1,6. Düşen Çelik Plakalar (Plate Rack),0,529.34,211.497,LAZER
2026-09-24 19:45:17,Atıcı 1,6. Düşen Çelik Plakalar (Plate Rack),0,326.68,215.998,LAZER
2026-09-24 19:45:20,Atıcı 1,6. Düşen Çelik Plakalar (Plate Rack),0,381.81,218.779,LAZER
2026-09-24 19:45:21,Atıcı 1,6. Düşen Çelik Plakalar (Plate Rack),0,383.1,219.379,LAZER
2026-09-24 19:45:21,Atıcı 1,6. Düşen Çelik Plakalar (Plate Rack),0,333.94,219.571,LAZER
2026-09-24 19:45:22,Atıcı 1,6. Düşen Çelik Plakalar (Plate Rack),0,340.04,220.322,LAZER
2026-09-24 19:45:22,Atıcı 1,6. Düşen Çelik Plakalar (Plate Rack),0,339.34,220.636,LAZER
2026-09-24 19:45:22,Atıcı 1,6. Düşen Çelik Plakalar (Plate Rack),0,346.95,220.79,LAZER
2026-09-24 19:45:22,Atıcı 1,6. Düşen Çelik Plakalar (Plate Rack),0,348.57,221.204,LAZER
2026-09-24 19:45:24,Atıcı 1,6. Düşen Çelik Plakalar (Plate Rack),0,365.79,222.761,LAZER
2026-09-24 19:45:24,Atıcı 1,6. Düşen Çelik Plakalar (Plate Rack),0,357.25,222.877,LAZER
2026-09-24 19:45:29,Atıcı 1,6. Düşen Çelik Plakalar (Plate Rack),0,315.28,227.615,LAZER
2026-09-24 19:45:29,Atıcı 1,6. Düşen Çelik Plakalar (Plate Rack),0,319.68,227.778,LAZER
2026-09-24 19:45:29,Atıcı 1,6. Düşen Çelik Plakalar (Plate Rack),0,319.68,227.898,LAZER
2026-09-24 19:45:29,Atıcı 1,6. Düşen Çelik Plakalar (Plate Rack),0,354.59,228.093,LAZER
2026-09-24 19:45:31,Atıcı 1,6. Düşen Çelik Plakalar (Plate Rack),0,312.83,229.38,LAZER
2026-09-24 19:45:31,Atıcı 1,6. Düşen Çelik Plakalar (Plate Rack),0,372.83,229.84,LAZER
2026-09-24 19:45:34,Atıcı 1,6. Düşen Çelik Plakalar (Plate Rack),0,370.67,232.409,LAZER
2026-09-24 19:45:38,Atıcı 1,6. Düşen Çelik Plakalar (Plate Rack),0,364.97,236.84,LAZER
2026-09-24 19:45:39,Atıcı 1,6. Düşen Çelik Plakalar (Plate Rack),0,442.75,237.894,LAZER
2026-09-24 19:45:39,Atıcı 1,6. Düşen Çelik Plakalar (Plate Rack),0,433.13,237.973,LAZER
2026-09-24 19:45:44,Atıcı 1,6. Düşen Çelik Plakalar (Plate Rack),0,314.28,242.965,LAZER
2026-09-24 19:45:45,Atıcı 1,6. Düşen Çelik Plakalar (Plate Rack),0,370.3,243.239,LAZER
2026-09-24 19:45:53,Atıcı 1,6. Düşen Çelik Plakalar (Plate Rack),0,366.63,251.345,LAZER
2026-09-24 19:45:53,Atıcı 1,6. Düşen Çelik Plakalar (Plate Rack),0,226.74,251.828,LAZER
2026-09-24 19:46:00,Atıcı 1,6. Düşen Çelik Plakalar (Plate Rack),0,332.61,258.449,LAZER
2026-09-24 19:46:27,Atıcı 1,6. Düşen Çelik Plakalar (Plate Rack),0,297.92,285.302,LAZER
2026-09-24 19:46:27,Atıcı 1,6. Düşen Çelik Plakalar (Plate Rack),0,529.31,285.877,LAZER
2026-09-24 19:46:49,Atıcı 1,6. Düşen Çelik Plakalar (Plate Rack),0,316.09,307.419,LAZER
2026-09-24 19:46:54,Atıcı 1,6. Düşen Çelik Plakalar (Plate Rack),0,303.38,312.532,LAZER
2026-09-24 19:46:54,Atıcı 1,6. Düşen Çelik Plakalar (Plate Rack),0,305.81,312.694,LAZER
2026-09-24 19:46:55,Atıcı 1,6. Düşen Çelik Plakalar (Plate Rack),0,307.1,313.27,LAZER
2026-09-24 19:46:56,Atıcı 1,6. Düşen Çelik Plakalar (Plate Rack),0,105.55,314.391,LAZER
2026-09-24 19:46:56,Atıcı 1,6. Düşen Çelik Plakalar (Plate Rack),0,362.77,314.705,LAZER
2026-09-24 19:47:00,Atıcı 1,6. Düşen Çelik Plakalar (Plate Rack),0,332.28,319.135,LAZER
2026-09-24 19:47:01,Atıcı 1,6. Düşen Çelik Plakalar (Plate Rack),0,331.48,319.287,LAZER
2026-09-24 19:47:01,Atıcı 1,6. Düşen Çelik Plakalar (Plate Rack),0,365.55,320.007,LAZER
2026-09-24 19:47:01,Atıcı 1,6. Düşen Çelik Plakalar (Plate Rack),0,364.8,320.084,LAZER
2026-09-24 19:47:01,Atıcı 1,6. Düşen Çelik Plakalar (Plate Rack),0,327.83,320.165,LAZER
2026-09-24 19:47:02,Atıcı 1,6. Düşen Çelik Plakalar (Plate Rack),0,347.8,320.783,LAZER
2026-09-24 19:47:05,Atıcı 1,6. Düşen Çelik Plakalar (Plate Rack),0,342.23,323.943,LAZER
2026-09-24 19:47:06,Atıcı 1,6. Düşen Çelik Plakalar (Plate Rack),0,341.63,324.33,LAZER
2026-09-24 19:47:06,Atıcı 1,6. Düşen Çelik Plakalar (Plate Rack),0,341.25,324.6,LAZER
2026-09-24 19:47:06,Atıcı 1,6. Düşen Çelik Plakalar (Plate Rack),0,340.27,324.908,LAZER
2026-09-24 19:47:07,Atıcı 1,6. Düşen Çelik Plakalar (Plate Rack),0,340.46,325.255,LAZER
2026-09-24 19:47:08,Atıcı 1,6. Düşen Çelik Plakalar (Plate Rack),0,529.34,327.171,LAZER
2026-09-24 19:47:10,Atıcı 1,6. Düşen Çelik Plakalar (Plate Rack),0,336.04,328.413,LAZER
2026-09-24 19:47:10,Atıcı 1,6. Düşen Çelik Plakalar (Plate Rack),0,529.31,328.607,LAZER
2026-09-24 19:47:11,Atıcı 1,6. Düşen Çelik Plakalar (Plate Rack),0,529.34,329.582,LAZER
2026-09-24 19:47:12,Atıcı 1,6. Düşen Çelik Plakalar (Plate Rack),0,329.37,330.798,LAZER
2026-09-24 19:47:12,Atıcı 1,6. Düşen Çelik Plakalar (Plate Rack),0,361.73,330.875,LAZER
2026-09-24 19:47:12,Atıcı 1,6. Düşen Çelik Plakalar (Plate Rack),0,376.91,331.184,LAZER
2026-09-24 19:47:15,Atıcı 1,6. Düşen Çelik Plakalar (Plate Rack),0,529.34,333.284,LAZER
2026-09-24 19:47:15,Atıcı 1,6. Düşen Çelik Plakalar (Plate Rack),0,335.17,333.401,LAZER
2026-09-24 19:47:15,Atıcı 1,6. Düşen Çelik Plakalar (Plate Rack),0,334.79,333.519,LAZER
2026-09-24 19:47:15,Atıcı 1,6. Düşen Çelik Plakalar (Plate Rack),0,336.57,333.9,LAZER
2026-09-24 19:47:15,Atıcı 1,6. Düşen Çelik Plakalar (Plate Rack),0,337.38,334.017,LAZER
2026-09-24 19:47:15,Atıcı 1,6. Düşen Çelik Plakalar (Plate Rack),0,337.38,334.096,LAZER
2026-09-24 19:47:16,Atıcı 1,6. Düşen Çelik Plakalar (Plate Rack),0,338.19,334.254,LAZER
2026-09-24 19:47:16,Atıcı 1,6. Düşen Çelik Plakalar (Plate Rack),0,338.36,334.603,LAZER
2026-09-24 19:47:16,Atıcı 1,6. Düşen Çelik Plakalar (Plate Rack),0,339.0,335.063,LAZER
2026-09-24 19:47:16,Atıcı 1,6. Düşen Çelik Plakalar (Plate Rack),0,529.31,335.14,LAZER
2026-09-24 19:47:17,Atıcı 1,6. Düşen Çelik Plakalar (Plate Rack),0,529.31,335.718,LAZER
2026-09-24 19:47:17,Atıcı 1,6. Düşen Çelik Plakalar (Plate Rack),0,373.02,335.95,LAZER
2026-09-24 19:47:17,Atıcı 1,6. Düşen Çelik Plakalar (Plate Rack),0,373.02,336.067,LAZER
2026-09-24 19:47:18,Atıcı 1,6. Düşen Çelik Plakalar (Plate Rack),0,337.15,336.654,LAZER
2026-09-24 19:47:18,Atıcı 1,6. Düşen Çelik Plakalar (Plate Rack),0,336.04,336.849,LAZER
2026-09-24 19:47:19,Atıcı 1,6. Düşen Çelik Plakalar (Plate Rack),0,360.54,338.235,LAZER
2026-09-24 19:47:20,Atıcı 1,6. Düşen Çelik Plakalar (Plate Rack),0,344.16,338.351,LAZER
2026-09-24 19:47:22,Atıcı 1,6. Düşen Çelik Plakalar (Plate Rack),0,365.01,340.93,LAZER
2026-09-24 19:47:23,Atıcı 1,6. Düşen Çelik Plakalar (Plate Rack),0,335.36,341.935,LAZER
2026-09-24 19:47:23,Atıcı 1,6. Düşen Çelik Plakalar (Plate Rack),0,335.36,342.05,LAZER
2026-09-24 19:47:23,Atıcı 1,6. Düşen Çelik Plakalar (Plate Rack),0,335.36,342.128,LAZER
2026-09-24 19:47:24,Atıcı 1,6. Düşen Çelik Plakalar (Plate Rack),0,335.36,342.283,LAZER
2026-09-24 19:47:24,Atıcı 1,6. Düşen Çelik Plakalar (Plate Rack),0,335.36,342.551,LAZER
2026-09-24 19:47:24,Atıcı 1,6. Düşen Çelik Plakalar (Plate Rack),0,366.75,342.779,LAZER
2026-09-24 19:47:25,Atıcı 1,6. Düşen Çelik Plakalar (Plate Rack),0,365.02,343.474,LAZER
2026-09-24 19:47:25,Atıcı 1,6. Düşen Çelik Plakalar (Plate Rack),0,364.07,343.589,LAZER
2026-09-24 19:47:27,Atıcı 1,6. Düşen Çelik Plakalar (Plate Rack),0,322.62,345.977,LAZER
2026-09-24 19:47:27,Atıcı 1,6. Düşen Çelik Plakalar (Plate Rack),0,529.31,346.093,LAZER
2026-09-24 19:47:27,Atıcı 1,6. Düşen Çelik Plakalar (Plate Rack),0,364.01,346.178,LAZER
2026-09-24 19:47:32,Atıcı 1,6. Düşen Çelik Plakalar (Plate Rack),0,361.21,350.414,LAZER
2026-09-24 19:47:32,Atıcı 1,6. Düşen Çelik Plakalar (Plate Rack),0,366.95,350.691,LAZER
2026-09-24 19:47:32,Atıcı 1,6. Düşen Çelik Plakalar (Plate Rack),0,327.51,350.92,LAZER
2026-09-24 19:47:32,Atıcı 1,6. Düşen Çelik Plakalar (Plate Rack),0,529.31,351.077,LAZER
2026-09-24 19:47:33,Atıcı 1,6. Düşen Çelik Plakalar (Plate Rack),0,369.0,351.343,LAZER
2026-09-24 19:47:33,Atıcı 1,6. Düşen Çelik Plakalar (Plate Rack),0,367.03,351.421,LAZER
2026-09-24 19:47:33,Atıcı 1,6. Düşen Çelik Plakalar (Plate Rack),0,368.01,351.654,LAZER
2026-09-24 19:47:33,Atıcı 1,6. Düşen Çelik Plakalar (Plate Rack),0,370.0,351.779,LAZER
2026-09-24 19:48:04,Atıcı 1,1. Sabit Mesafe Poligonu,0,112.72,0.808,LAZER
2026-09-24 19:48:07,Atıcı 1,1. Sabit Mesafe Poligonu,0,67.36,3.588,LAZER
2026-09-24 19:48:07,Atıcı 1,1. Sabit Mesafe Poligonu,0,71.18,4.165,LAZER
2026-09-24 19:48:08,Atıcı 1,1. Sabit Mesafe Poligonu,0,75.06,4.96,LAZER
2026-09-24 19:48:08,Atıcı 1,1. Sabit Mesafe Poligonu,0,62.8,5.543,LAZER
2026-09-24 19:48:09,Atıcı 1,1. Sabit Mesafe Poligonu,0,62.2,5.675,LAZER
2026-09-24 19:48:09,Atıcı 1,1. Sabit Mesafe Poligonu,0,76.06,5.899,LAZER
2026-09-24 19:48:09,Atıcı 1,1. Sabit Mesafe Poligonu,0,81.74,6.343,LAZER
2026-09-24 19:48:11,Atıcı 1,1. Sabit Mesafe Poligonu,25,38.95,7.711,LAZER
2026-09-24 19:48:11,Atıcı 1,1. Sabit Mesafe Poligonu,0,57.49,0.436,LAZER
2026-09-24 19:48:11,Atıcı 1,1. Sabit Mesafe Poligonu,0,70.77,0.524,LAZER
2026-09-24 19:48:13,Atıcı 1,1. Sabit Mesafe Poligonu,0,235.73,2.723,LAZER
2026-09-24 19:48:14,Atıcı 1,1. Sabit Mesafe Poligonu,0,236.14,2.961,LAZER
2026-09-24 19:48:14,Atıcı 1,1. Sabit Mesafe Poligonu,0,235.73,3.096,LAZER
2026-09-24 19:48:15,Atıcı 1,1. Sabit Mesafe Poligonu,0,237.51,4.252,LAZER
2026-09-24 19:48:15,Atıcı 1,1. Sabit Mesafe Poligonu,0,200.64,4.588,LAZER
2026-09-24 19:48:16,Atıcı 1,1. Sabit Mesafe Poligonu,0,136.13,5.782,LAZER
2026-09-24 19:48:18,Atıcı 1,1. Sabit Mesafe Poligonu,0,239.28,7.039,LAZER
2026-09-24 19:48:19,Atıcı 1,1. Sabit Mesafe Poligonu,0,160.55,7.882,LAZER
2026-09-24 19:48:19,Atıcı 1,1. Sabit Mesafe Poligonu,0,206.02,8.17,LAZER
2026-09-24 19:48:19,Atıcı 1,1. Sabit Mesafe Poligonu,0,130.39,8.638,LAZER
2026-09-24 19:48:20,Atıcı 1,1. Sabit Mesafe Poligonu,0,135.56,8.873,LAZER
2026-09-24 19:48:20,Atıcı 1,1. Sabit Mesafe Poligonu,0,131.1,8.951,LAZER
2026-09-24 19:48:20,Atıcı 1,1. Sabit Mesafe Poligonu,0,118.19,9.261,LAZER
2026-09-24 19:48:20,Atıcı 1,1. Sabit Mesafe Poligonu,0,140.04,9.572,LAZER
2026-09-24 19:48:20,Atıcı 1,1. Sabit Mesafe Poligonu,0,106.08,9.727,LAZER
2026-09-24 19:48:21,Atıcı 1,1. Sabit Mesafe Poligonu,0,142.06,10.729,LAZER
2026-09-24 19:48:21,Atıcı 1,1. Sabit Mesafe Poligonu,0,142.01,10.843,LAZER
2026-09-24 19:48:22,Atıcı 1,1. Sabit Mesafe Poligonu,0,143.13,11.108,LAZER
2026-09-24 19:48:22,Atıcı 1,1. Sabit Mesafe Poligonu,0,104.14,11.389,LAZER
2026-09-24 19:48:22,Atıcı 1,1. Sabit Mesafe Poligonu,0,137.79,11.714,LAZER
2026-09-24 19:48:23,Atıcı 1,1. Sabit Mesafe Poligonu,0,137.06,12.008,LAZER
2026-09-24 19:48:23,Atıcı 1,1. Sabit Mesafe Poligonu,0,137.06,12.128,LAZER
2026-09-24 19:48:23,Atıcı 1,1. Sabit Mesafe Poligonu,0,135.77,12.451,LAZER
2026-09-24 19:48:23,Atıcı 1,1. Sabit Mesafe Poligonu,0,131.47,12.608,LAZER
2026-09-24 19:48:23,Atıcı 1,1. Sabit Mesafe Poligonu,0,121.71,12.772,LAZER
2026-09-24 19:48:24,Atıcı 1,1. Sabit Mesafe Poligonu,0,108.67,12.97,LAZER
2026-09-24 19:48:24,Atıcı 1,1. Sabit Mesafe Poligonu,0,242.62,13.291,LAZER
2026-09-24 19:48:24,Atıcı 1,1. Sabit Mesafe Poligonu,0,242.92,13.371,LAZER
2026-09-24 19:48:24,Atıcı 1,1. Sabit Mesafe Poligonu,0,156.73,13.728,LAZER
2026-09-24 19:48:24,Atıcı 1,1. Sabit Mesafe Poligonu,0,91.92,13.85,LAZER
2026-09-24 19:48:25,Atıcı 1,1. Sabit Mesafe Poligonu,0,85.38,13.972,LAZER
2026-09-24 19:48:25,Atıcı 1,1. Sabit Mesafe Poligonu,0,81.27,14.051,LAZER
2026-09-24 19:48:25,Atıcı 1,1. Sabit Mesafe Poligonu,0,84.17,14.334,LAZER
2026-09-24 19:48:25,Atıcı 1,1. Sabit Mesafe Poligonu,0,168.96,14.415,LAZER
2026-09-24 19:48:25,Atıcı 1,1. Sabit Mesafe Poligonu,0,81.22,14.497,LAZER
2026-09-24 19:48:25,Atıcı 1,1. Sabit Mesafe Poligonu,0,125.42,14.699,LAZER
2026-09-24 19:48:25,Atıcı 1,1. Sabit Mesafe Poligonu,0,119.97,14.82,LAZER
2026-09-24 19:48:26,Atıcı 1,1. Sabit Mesafe Poligonu,0,120.74,14.941,LAZER
2026-09-24 19:48:29,Atıcı 1,1. Sabit Mesafe Poligonu,0,59.46,18.747,LAZER
2026-09-24 19:48:29,Atıcı 1,1. Sabit Mesafe Poligonu,0,261.77,18.832,LAZER
2026-09-24 19:48:31,Atıcı 1,1. Sabit Mesafe Poligonu,0,246.05,20.424,LAZER
2026-09-24 19:48:38,Atıcı 1,1. Sabit Mesafe Poligonu,0,98.99,26.892,LAZER
2026-09-24 19:48:38,Atıcı 1,1. Sabit Mesafe Poligonu,0,119.04,27.025,LAZER
2026-09-24 19:48:38,Atıcı 1,1. Sabit Mesafe Poligonu,75,14.04,27.128,LAZER
2026-09-24 19:48:41,Atıcı 1,1. Sabit Mesafe Poligonu,0,193.99,3.686,LAZER
2026-09-24 19:48:42,Atıcı 1,1. Sabit Mesafe Poligonu,0,56.52,4.299,LAZER
2026-09-24 19:48:42,Atıcı 1,1. Sabit Mesafe Poligonu,0,49.04,4.39,LAZER
2026-09-24 19:48:43,Atıcı 1,1. Sabit Mesafe Poligonu,50,34.93,4.795,LAZER
2026-09-24 19:48:43,Atıcı 1,1. Sabit Mesafe Poligonu,0,189.42,0.22,LAZER
2026-09-24 19:48:51,Atıcı 1,1. Sabit Mesafe Poligonu,100,9.0,7.96,LAZER
2026-09-24 19:48:51,Atıcı 1,1. Sabit Mesafe Poligonu,0,189.78,0.226,LAZER
2026-09-24 19:48:51,Atıcı 1,1. Sabit Mesafe Poligonu,75,15.62,0.417,LAZER
2026-09-24 19:48:55,Atıcı 1,1. Sabit Mesafe Poligonu,0,71.61,3.954,LAZER
2026-09-24 19:48:55,Atıcı 1,1. Sabit Mesafe Poligonu,0,59.36,4.047,LAZER
2026-09-24 19:48:55,Atıcı 1,1. Sabit Mesafe Poligonu,0,56.82,4.143,LAZER
2026-09-24 19:48:55,Atıcı 1,1. Sabit Mesafe Poligonu,0,50.16,4.47,LAZER
2026-09-24 19:49:06,Atıcı 1,1. Sabit Mesafe Poligonu,0,230.38,14.595,LAZER
2026-09-24 19:49:06,Atıcı 1,1. Sabit Mesafe Poligonu,0,88.81,14.796,LAZER
2026-09-24 19:49:06,Atıcı 1,1. Sabit Mesafe Poligonu,0,90.25,15.339,LAZER
2026-09-24 19:49:07,Atıcı 1,1. Sabit Mesafe Poligonu,0,93.78,15.576,LAZER
2026-09-24 19:49:07,Atıcı 1,1. Sabit Mesafe Poligonu,0,93.41,15.655,LAZER
2026-09-24 19:49:07,Atıcı 1,1. Sabit Mesafe Poligonu,0,95.27,15.776,LAZER
2026-09-24 19:49:07,Atıcı 1,1. Sabit Mesafe Poligonu,0,95.27,15.855,LAZER
2026-09-24 19:49:07,Atıcı 1,1. Sabit Mesafe Poligonu,0,96.46,16.175,LAZER
2026-09-24 19:49:07,Atıcı 1,1. Sabit Mesafe Poligonu,0,95.19,16.378,LAZER
2026-09-24 19:49:07,Atıcı 1,1. Sabit Mesafe Poligonu,0,96.8,16.464,LAZER
2026-09-24 19:49:08,Atıcı 1,1. Sabit Mesafe Poligonu,0,293.29,17.454,LAZER
2026-09-24 19:49:08,Atıcı 1,1. Sabit Mesafe Poligonu,0,293.29,17.535,LAZER
2026-09-24 19:49:09,Atıcı 1,1. Sabit Mesafe Poligonu,0,73.93,17.614,LAZER
2026-09-24 19:49:09,Atıcı 1,1. Sabit Mesafe Poligonu,0,293.29,17.812,LAZER
2026-09-24 19:49:09,Atıcı 1,1. Sabit Mesafe Poligonu,0,97.72,18.048,LAZER
2026-09-24 19:49:11,Atıcı 1,1. Sabit Mesafe Poligonu,0,175.35,19.77,LAZER
2026-09-24 19:49:11,Atıcı 1,1. Sabit Mesafe Poligonu,0,293.29,19.893,LAZER
2026-09-24 19:49:12,Atıcı 1,1. Sabit Mesafe Poligonu,0,165.03,21.409,LAZER
2026-09-24 19:49:13,Atıcı 1,1. Sabit Mesafe Poligonu,0,91.71,22.156,LAZER
2026-09-24 19:49:13,Atıcı 1,1. Sabit Mesafe Poligonu,0,186.59,22.351,LAZER
2026-09-24 19:49:13,Atıcı 1,1. Sabit Mesafe Poligonu,0,91.71,22.431,LAZER
2026-09-24 19:49:14,Atıcı 1,1. Sabit Mesafe Poligonu,0,172.79,22.673,LAZER
2026-09-24 19:49:15,Atıcı 1,1. Sabit Mesafe Poligonu,0,84.9,24.438,LAZER
2026-09-24 19:49:16,Atıcı 1,1. Sabit Mesafe Poligonu,0,108.72,24.567,LAZER
2026-09-24 19:49:16,Atıcı 1,1. Sabit Mesafe Poligonu,0,107.62,24.645,LAZER
2026-09-24 19:49:16,Atıcı 1,1. Sabit Mesafe Poligonu,0,111.22,25.339,LAZER
2026-09-24 19:49:16,Atıcı 1,1. Sabit Mesafe Poligonu,0,109.6,25.459,LAZER
2026-09-24 19:49:18,Atıcı 1,1. Sabit Mesafe Poligonu,0,100.44,26.754,LAZER
2026-09-24 19:49:19,Atıcı 1,1. Sabit Mesafe Poligonu,0,95.19,27.853,LAZER
2026-09-24 19:49:19,Atıcı 1,1. Sabit Mesafe Poligonu,0,93.13,27.93,LAZER
2026-09-24 19:49:19,Atıcı 1,1. Sabit Mesafe Poligonu,0,96.01,28.045,LAZER
2026-09-24 19:49:19,Atıcı 1,1. Sabit Mesafe Poligonu,0,97.01,28.244,LAZER
2026-09-24 19:49:19,Atıcı 1,1. Sabit Mesafe Poligonu,0,99.05,28.399,LAZER
2026-09-24 19:49:21,Atıcı 1,1. Sabit Mesafe Poligonu,0,110.68,30.246,LAZER
2026-09-24 19:49:22,Atıcı 1,1. Sabit Mesafe Poligonu,0,114.06,30.622,LAZER
2026-09-24 19:49:23,Atıcı 1,1. Sabit Mesafe Poligonu,0,98.11,31.575,LAZER
2026-09-24 19:49:23,Atıcı 1,1. Sabit Mesafe Poligonu,0,133.72,31.806,LAZER
2026-09-24 19:49:23,Atıcı 1,1. Sabit Mesafe Poligonu,0,131.93,32.036,LAZER
2026-09-24 19:49:23,Atıcı 1,1. Sabit Mesafe Poligonu,0,125.54,32.492,LAZER
2026-09-24 19:49:24,Atıcı 1,1. Sabit Mesafe Poligonu,0,195.04,33.444,LAZER
2026-09-24 19:49:27,Atıcı 1,1. Sabit Mesafe Poligonu,0,126.14,35.638,LAZER
2026-09-24 19:49:27,Atıcı 1,1. Sabit Mesafe Poligonu,0,80.61,36.148,LAZER
2026-09-24 19:49:28,Atıcı 1,1. Sabit Mesafe Poligonu,0,121.49,37.494,LAZER
2026-09-24 19:49:29,Atıcı 1,1. Sabit Mesafe Poligonu,0,120.42,37.579,LAZER
2026-09-24 19:49:30,Atıcı 1,1. Sabit Mesafe Poligonu,0,99.28,38.874,LAZER
2026-09-24 19:49:30,Atıcı 1,1. Sabit Mesafe Poligonu,0,203.04,39.483,LAZER
2026-09-24 19:49:31,Atıcı 1,1. Sabit Mesafe Poligonu,0,195.89,39.64,LAZER
2026-09-24 19:49:32,Atıcı 1,1. Sabit Mesafe Poligonu,0,90.51,41.541,LAZER
2026-09-24 19:49:33,Atıcı 1,1. Sabit Mesafe Poligonu,0,145.12,42.113,LAZER
2026-09-24 19:49:33,Atıcı 1,1. Sabit Mesafe Poligonu,0,146.99,42.196,LAZER
2026-09-24 19:49:34,Atıcı 1,1. Sabit Mesafe Poligonu,0,204.82,42.973,LAZER
2026-09-24 19:49:34,Atıcı 1,1. Sabit Mesafe Poligonu,0,204.38,43.521,LAZER
2026-09-24 19:49:35,Atıcı 1,1. Sabit Mesafe Poligonu,0,203.93,43.715,LAZER
2026-09-24 19:49:36,Atıcı 1,1. Sabit Mesafe Poligonu,0,89.2,45.157,LAZER
2026-09-24 19:49:37,Atıcı 1,1. Sabit Mesafe Poligonu,0,293.06,46.113,LAZER
2026-09-24 19:49:37,Atıcı 1,1. Sabit Mesafe Poligonu,0,87.73,46.498,LAZER
2026-09-24 19:49:38,Atıcı 1,1. Sabit Mesafe Poligonu,0,141.77,47.232,LAZER
2026-09-24 19:49:39,Atıcı 1,1. Sabit Mesafe Poligonu,0,89.81,47.577,LAZER
2026-09-24 19:49:39,Atıcı 1,1. Sabit Mesafe Poligonu,0,91.22,47.74,LAZER
2026-09-24 19:49:39,Atıcı 1,1. Sabit Mesafe Poligonu,0,147.25,48.283,LAZER
2026-09-24 19:49:39,Atıcı 1,1. Sabit Mesafe Poligonu,0,293.29,48.554,LAZER
2026-09-24 19:49:40,Atıcı 1,1. Sabit Mesafe Poligonu,0,293.06,48.9,LAZER
2026-09-24 19:49:40,Atıcı 1,1. Sabit Mesafe Poligonu,0,293.87,49.093,LAZER
2026-09-24 19:49:41,Atıcı 1,1. Sabit Mesafe Poligonu,0,129.14,49.634,LAZER
2026-09-24 19:49:41,Atıcı 1,1. Sabit Mesafe Poligonu,0,144.01,49.941,LAZER
2026-09-24 19:49:42,Atıcı 1,1. Sabit Mesafe Poligonu,0,293.06,50.912,LAZER
2026-09-24 19:49:42,Atıcı 1,1. Sabit Mesafe Poligonu,0,293.06,51.07,LAZER
2026-09-24 19:49:42,Atıcı 1,1. Sabit Mesafe Poligonu,0,129.0,51.147,LAZER
2026-09-24 19:49:42,Atıcı 1,1. Sabit Mesafe Poligonu,0,207.51,51.228,LAZER
2026-09-24 19:49:42,Atıcı 1,1. Sabit Mesafe Poligonu,0,142.66,51.346,LAZER
2026-09-24 19:49:43,Atıcı 1,1. Sabit Mesafe Poligonu,0,140.12,51.853,LAZER
2026-09-24 19:49:43,Atıcı 1,1. Sabit Mesafe Poligonu,0,293.06,52.122,LAZER
2026-09-24 19:49:43,Atıcı 1,1. Sabit Mesafe Poligonu,0,89.83,52.394,LAZER
2026-09-24 19:49:46,Atıcı 1,1. Sabit Mesafe Poligonu,0,132.38,54.57,LAZER
2026-09-24 19:49:47,Atıcı 1,1. Sabit Mesafe Poligonu,0,97.58,55.61,LAZER
2026-09-24 19:49:47,Atıcı 1,1. Sabit Mesafe Poligonu,0,99.48,56.109,LAZER
2026-09-24 19:49:47,Atıcı 1,1. Sabit Mesafe Poligonu,0,100.44,56.186,LAZER
2026-09-24 19:49:47,Atıcı 1,1. Sabit Mesafe Poligonu,0,106.23,56.531,LAZER
2026-09-24 19:49:48,Atıcı 1,1. Sabit Mesafe Poligonu,0,117.32,57.331,LAZER
2026-09-24 19:49:48,Atıcı 1,1. Sabit Mesafe Poligonu,0,136.12,57.519,LAZER
2026-09-24 19:49:49,Atıcı 1,1. Sabit Mesafe Poligonu,0,117.44,57.728,LAZER
2026-09-24 19:49:49,Atıcı 1,1. Sabit Mesafe Poligonu,0,77.9,57.922,LAZER
2026-09-24 19:49:49,Atıcı 1,1. Sabit Mesafe Poligonu,0,100.12,58.345,LAZER
2026-09-24 19:49:49,Atıcı 1,1. Sabit Mesafe Poligonu,0,104.02,58.505,LAZER
2026-09-24 19:49:50,Atıcı 1,1. Sabit Mesafe Poligonu,0,106.4,58.587,LAZER
2026-09-24 19:49:50,Atıcı 1,1. Sabit Mesafe Poligonu,0,109.66,58.747,LAZER
2026-09-24 19:49:50,Atıcı 1,1. Sabit Mesafe Poligonu,0,116.9,59.292,LAZER
2026-09-24 19:49:50,Atıcı 1,1. Sabit Mesafe Poligonu,0,118.53,59.371,LAZER
2026-09-24 19:49:54,Atıcı 1,1. Sabit Mesafe Poligonu,0,170.42,63.211,LAZER
2026-09-24 19:49:54,Atıcı 1,1. Sabit Mesafe Poligonu,0,170.42,63.363,LAZER
2026-09-24 19:49:55,Atıcı 1,1. Sabit Mesafe Poligonu,0,181.73,63.674,LAZER
2026-09-24 19:49:55,Atıcı 1,1. Sabit Mesafe Poligonu,0,175.42,63.754,LAZER
2026-09-24 19:49:55,Atıcı 1,1. Sabit Mesafe Poligonu,0,181.73,63.838,LAZER
2026-09-24 19:49:55,Atıcı 1,1. Sabit Mesafe Poligonu,0,172.24,63.916,LAZER
2026-09-24 19:49:55,Atıcı 1,1. Sabit Mesafe Poligonu,0,181.73,64.075,LAZER
2026-09-24 19:49:55,Atıcı 1,1. Sabit Mesafe Poligonu,0,172.65,64.496,LAZER
2026-09-24 19:50:00,Atıcı 1,1. Sabit Mesafe Poligonu,0,113.99,68.93,LAZER
2026-09-24 19:50:01,Atıcı 1,1. Sabit Mesafe Poligonu,0,293.29,70.109,LAZER
2026-09-24 19:50:02,Atıcı 1,1. Sabit Mesafe Poligonu,0,170.0,70.837,LAZER
2026-09-24 19:50:02,Atıcı 1,1. Sabit Mesafe Poligonu,0,171.83,71.069,LAZER
2026-09-24 19:50:02,Atıcı 1,1. Sabit Mesafe Poligonu,0,110.39,71.263,LAZER
2026-09-24 19:50:02,Atıcı 1,1. Sabit Mesafe Poligonu,0,181.47,71.416,LAZER
2026-09-24 19:50:02,Atıcı 1,1. Sabit Mesafe Poligonu,0,178.73,71.495,LAZER
2026-09-24 19:50:03,Atıcı 1,1. Sabit Mesafe Poligonu,0,92.78,71.651,LAZER
2026-09-24 19:50:03,Atıcı 1,1. Sabit Mesafe Poligonu,0,128.69,71.769,LAZER
2026-09-24 19:50:03,Atıcı 1,1. Sabit Mesafe Poligonu,0,101.92,72.378,LAZER
2026-09-24 19:50:04,Atıcı 1,1. Sabit Mesafe Poligonu,0,98.23,72.69,LAZER
2026-09-24 19:50:04,Atıcı 1,1. Sabit Mesafe Poligonu,0,89.49,73.049,LAZER
2026-09-24 19:50:04,Atıcı 1,1. Sabit Mesafe Poligonu,0,87.36,73.558,LAZER
2026-09-24 19:50:05,Atıcı 1,1. Sabit Mesafe Poligonu,0,87.8,73.862,LAZER
2026-09-24 19:50:06,Atıcı 1,1. Sabit Mesafe Poligonu,0,87.05,74.861,LAZER
2026-09-24 19:50:08,Atıcı 1,1. Sabit Mesafe Poligonu,0,59.06,77.042,LAZER
2026-09-24 19:50:10,Atıcı 1,1. Sabit Mesafe Poligonu,0,125.36,79.044,LAZER
2026-09-24 19:50:11,Atıcı 1,1. Sabit Mesafe Poligonu,0,111.83,79.881,LAZER
2026-09-24 19:50:11,Atıcı 1,1. Sabit Mesafe Poligonu,0,110.79,80.078,LAZER
2026-09-24 19:50:12,Atıcı 1,1. Sabit Mesafe Poligonu,0,87.01,80.922,LAZER
2026-09-24 19:50:13,Atıcı 1,1. Sabit Mesafe Poligonu,0,111.14,81.918,LAZER
2026-09-24 19:50:13,Atıcı 1,1. Sabit Mesafe Poligonu,0,112.87,82.114,LAZER
2026-09-24 19:50:13,Atıcı 1,1. Sabit Mesafe Poligonu,0,113.02,82.193,LAZER
2026-09-24 19:50:13,Atıcı 1,1. Sabit Mesafe Poligonu,0,163.48,82.273,LAZER
2026-09-24 19:50:13,Atıcı 1,1. Sabit Mesafe Poligonu,0,94.76,82.506,LAZER
2026-09-24 19:50:15,Atıcı 1,1. Sabit Mesafe Poligonu,0,96.9,83.783,LAZER
2026-09-24 19:50:15,Atıcı 1,1. Sabit Mesafe Poligonu,0,96.18,83.862,LAZER
2026-09-24 19:50:15,Atıcı 1,1. Sabit Mesafe Poligonu,0,92.76,84.132,LAZER
2026-09-24 19:50:16,Atıcı 1,1. Sabit Mesafe Poligonu,0,89.94,84.63,LAZER
2026-09-24 19:50:16,Atıcı 1,1. Sabit Mesafe Poligonu,0,96.75,84.745,LAZER
2026-09-24 19:50:17,Atıcı 1,1. Sabit Mesafe Poligonu,0,113.85,85.944,LAZER
2026-09-24 19:50:17,Atıcı 1,1. Sabit Mesafe Poligonu,0,161.55,86.249,LAZER
2026-09-24 19:50:23,Atıcı 1,1. Sabit Mesafe Poligonu,0,143.85,91.578,LAZER
2026-09-24 19:50:28,Atıcı 1,1. Sabit Mesafe Poligonu,0,136.62,96.744,LAZER
2026-09-24 19:50:28,Atıcı 1,1. Sabit Mesafe Poligonu,0,113.36,96.898,LAZER
2026-09-24 19:50:28,Atıcı 1,1. Sabit Mesafe Poligonu,0,99.25,96.975,LAZER
2026-09-24 19:50:28,Atıcı 1,1. Sabit Mesafe Poligonu,0,105.23,97.17,LAZER
2026-09-24 19:50:28,Atıcı 1,1. Sabit Mesafe Poligonu,0,103.24,97.327,LAZER
2026-09-24 19:50:28,Atıcı 1,1. Sabit Mesafe Poligonu,0,103.17,97.407,LAZER
2026-09-24 19:50:29,Atıcı 1,1. Sabit Mesafe Poligonu,0,113.22,97.606,LAZER
2026-09-24 19:50:37,Atıcı 1,1. Sabit Mesafe Poligonu,0,174.0,105.782,LAZER
2026-09-24 19:50:37,Atıcı 1,1. Sabit Mesafe Poligonu,0,171.77,105.936,LAZER
2026-09-24 19:50:37,Atıcı 1,1. Sabit Mesafe Poligonu,0,173.12,106.012,LAZER
2026-09-24 19:50:37,Atıcı 1,1. Sabit Mesafe Poligonu,0,175.82,106.129,LAZER
2026-09-24 19:50:38,Atıcı 1,1. Sabit Mesafe Poligonu,0,72.01,107.299,LAZER
2026-09-24 19:50:38,Atıcı 1,1. Sabit Mesafe Poligonu,0,66.22,107.413,LAZER
2026-09-24 19:50:39,Atıcı 1,1. Sabit Mesafe Poligonu,0,67.9,107.612,LAZER
2026-09-24 19:50:40,Atıcı 1,1. Sabit Mesafe Poligonu,0,140.0,108.586,LAZER
2026-09-24 19:50:40,Atıcı 1,1. Sabit Mesafe Poligonu,0,141.01,108.744,LAZER
2026-09-24 19:50:40,Atıcı 1,1. Sabit Mesafe Poligonu,0,141.82,108.821,LAZER
2026-09-24 19:50:40,Atıcı 1,1. Sabit Mesafe Poligonu,0,138.13,109.014,LAZER
2026-09-24 19:50:42,Atıcı 1,1. Sabit Mesafe Poligonu,0,97.42,111.215,LAZER
2026-09-24 19:50:42,Atıcı 1,1. Sabit Mesafe Poligonu,0,94.92,111.291,LAZER
2026-09-24 19:50:42,Atıcı 1,1. Sabit Mesafe Poligonu,0,95.6,111.367,LAZER
2026-09-24 19:50:42,Atıcı 1,1. Sabit Mesafe Poligonu,0,94.37,111.446,LAZER
2026-09-24 19:50:43,Atıcı 1,1. Sabit Mesafe Poligonu,0,103.94,111.718,LAZER
2026-09-24 19:50:43,Atıcı 1,1. Sabit Mesafe Poligonu,0,241.01,111.795,LAZER
2026-09-24 19:50:43,Atıcı 1,1. Sabit Mesafe Poligonu,0,114.98,111.958,LAZER
2026-09-24 19:50:43,Atıcı 1,1. Sabit Mesafe Poligonu,0,120.28,112.076,LAZER
2026-09-24 19:50:43,Atıcı 1,1. Sabit Mesafe Poligonu,0,253.8,112.307,LAZER
2026-09-24 19:50:45,Atıcı 1,1. Sabit Mesafe Poligonu,0,246.45,113.907,LAZER
2026-09-24 19:50:46,Atıcı 1,1. Sabit Mesafe Poligonu,0,190.55,115.218,LAZER
2026-09-24 19:50:48,Atıcı 1,1. Sabit Mesafe Poligonu,0,191.13,117.387,LAZER
2026-09-24 19:50:48,Atıcı 1,1. Sabit Mesafe Poligonu,0,197.4,117.477,LAZER
2026-09-24 19:50:49,Atıcı 1,1. Sabit Mesafe Poligonu,0,189.97,117.658,LAZER
2026-09-24 19:50:49,Atıcı 1,1. Sabit Mesafe Poligonu,0,221.05,118.127,LAZER
2026-09-24 19:50:49,Atıcı 1,1. Sabit Mesafe Poligonu,0,219.1,118.4,LAZER
2026-09-24 19:50:49,Atıcı 1,1. Sabit Mesafe Poligonu,0,221.05,118.479,LAZER
2026-09-24 19:50:50,Atıcı 1,1. Sabit Mesafe Poligonu,0,218.68,118.635,LAZER
2026-09-24 19:50:50,Atıcı 1,1. Sabit Mesafe Poligonu,0,215.14,118.907,LAZER
2026-09-24 19:50:50,Atıcı 1,1. Sabit Mesafe Poligonu,0,219.46,119.023,LAZER
2026-09-24 19:50:50,Atıcı 1,1. Sabit Mesafe Poligonu,0,219.46,119.295,LAZER
2026-09-24 19:50:51,Atıcı 1,1. Sabit Mesafe Poligonu,0,293.87,119.64,LAZER
2026-09-24 19:50:54,Atıcı 1,1. Sabit Mesafe Poligonu,0,221.05,122.927,LAZER
2026-09-24 19:50:54,Atıcı 1,1. Sabit Mesafe Poligonu,0,217.5,123.046,LAZER
2026-09-24 19:50:54,Atıcı 1,1. Sabit Mesafe Poligonu,0,216.32,123.313,LAZER
2026-09-24 19:50:56,Atıcı 1,1. Sabit Mesafe Poligonu,0,216.91,124.613,LAZER
2026-09-24 19:50:56,Atıcı 1,1. Sabit Mesafe Poligonu,0,293.29,124.846,LAZER
2026-09-24 19:50:56,Atıcı 1,1. Sabit Mesafe Poligonu,0,293.87,125.042,LAZER
2026-09-24 19:50:56,Atıcı 1,1. Sabit Mesafe Poligonu,0,217.1,125.348,LAZER
2026-09-24 19:50:57,Atıcı 1,1. Sabit Mesafe Poligonu,0,293.87,125.613,LAZER
2026-09-24 19:50:57,Atıcı 1,1. Sabit Mesafe Poligonu,0,293.87,125.806,LAZER
2026-09-24 19:50:57,Atıcı 1,1. Sabit Mesafe Poligonu,0,293.87,126.034,LAZER
2026-09-24 19:50:57,Atıcı 1,1. Sabit Mesafe Poligonu,0,219.46,126.298,LAZER
2026-09-24 19:50:58,Atıcı 1,1. Sabit Mesafe Poligonu,0,293.87,126.68,LAZER
2026-09-24 19:50:58,Atıcı 1,1. Sabit Mesafe Poligonu,0,293.87,126.904,LAZER
2026-09-24 19:50:58,Atıcı 1,1. Sabit Mesafe Poligonu,0,95.27,127.392,LAZER
2026-09-24 19:50:58,Atıcı 1,1. Sabit Mesafe Poligonu,0,89.38,127.508,LAZER
2026-09-24 19:51:00,Atıcı 1,1. Sabit Mesafe Poligonu,0,253.75,129.226,LAZER
2026-09-24 19:51:00,Atıcı 1,1. Sabit Mesafe Poligonu,0,109.71,129.382,LAZER
2026-09-24 19:51:01,Atıcı 1,1. Sabit Mesafe Poligonu,0,118.51,129.663,LAZER
2026-09-24 19:51:01,Atıcı 1,1. Sabit Mesafe Poligonu,0,118.85,129.74,LAZER
2026-09-24 19:51:11,Atıcı 1,1. Sabit Mesafe Poligonu,0,209.99,140.248,LAZER
2026-09-24 19:51:11,Atıcı 1,1. Sabit Mesafe Poligonu,0,248.67,140.324,LAZER
2026-09-24 19:51:11,Atıcı 1,1. Sabit Mesafe Poligonu,0,251.09,140.477,LAZER
2026-09-24 19:51:12,Atıcı 1,1. Sabit Mesafe Poligonu,0,248.94,140.677,LAZER
2026-09-24 19:51:13,Atıcı 1,1. Sabit Mesafe Poligonu,0,104.24,141.753,LAZER
2026-09-24 19:51:13,Atıcı 1,1. Sabit Mesafe Poligonu,0,104.24,141.829,LAZER
2026-09-24 19:51:13,Atıcı 1,1. Sabit Mesafe Poligonu,0,101.21,141.984,LAZER
2026-09-24 19:51:13,Atıcı 1,1. Sabit Mesafe Poligonu,0,101.4,142.099,LAZER
2026-09-24 19:51:13,Atıcı 1,1. Sabit Mesafe Poligonu,0,103.86,142.217,LAZER
2026-09-24 19:51:15,Atıcı 1,1. Sabit Mesafe Poligonu,0,115.49,143.959,LAZER
2026-09-24 19:51:16,Atıcı 1,1. Sabit Mesafe Poligonu,0,293.87,145.32,LAZER
2026-09-24 19:51:24,Atıcı 1,1. Sabit Mesafe Poligonu,0,293.87,152.627,LAZER
2026-09-24 19:51:35,Atıcı 1,1. Sabit Mesafe Poligonu,0,139.98,164.557,LAZER
2026-09-24 19:51:36,Atıcı 1,1. Sabit Mesafe Poligonu,0,139.98,164.675,LAZER
2026-09-24 19:51:39,Atıcı 1,1. Sabit Mesafe Poligonu,0,230.85,167.958,LAZER
2026-09-24 19:51:39,Atıcı 1,1. Sabit Mesafe Poligonu,0,248.94,168.281,LAZER
2026-09-24 19:51:40,Atıcı 1,1. Sabit Mesafe Poligonu,0,103.86,169.354,LAZER
2026-09-24 19:51:40,Atıcı 1,1. Sabit Mesafe Poligonu,0,107.3,169.435,LAZER
2026-09-24 19:51:41,Atıcı 1,1. Sabit Mesafe Poligonu,0,105.65,169.59,LAZER
2026-09-24 19:51:41,Atıcı 1,1. Sabit Mesafe Poligonu,0,293.87,169.71,LAZER
2026-09-24 19:51:41,Atıcı 1,1. Sabit Mesafe Poligonu,0,293.87,169.789,LAZER
2026-09-24 19:51:41,Atıcı 1,1. Sabit Mesafe Poligonu,0,293.87,169.909,LAZER
2026-09-24 19:51:41,Atıcı 1,1. Sabit Mesafe Poligonu,0,190.34,170.064,LAZER
2026-09-24 19:51:42,Atıcı 1,1. Sabit Mesafe Poligonu,0,113.65,171.251,LAZER
2026-09-24 19:51:42,Atıcı 1,1. Sabit Mesafe Poligonu,0,113.65,171.409,LAZER
2026-09-24 19:51:43,Atıcı 1,1. Sabit Mesafe Poligonu,0,112.71,171.603,LAZER
2026-09-24 19:51:43,Atıcı 1,1. Sabit Mesafe Poligonu,0,111.36,171.949,LAZER
2026-09-24 19:51:43,Atıcı 1,1. Sabit Mesafe Poligonu,0,116.61,172.109,LAZER
2026-09-24 19:51:44,Atıcı 1,1. Sabit Mesafe Poligonu,0,142.86,173.216,LAZER
2026-09-24 19:51:44,Atıcı 1,1. Sabit Mesafe Poligonu,0,143.18,173.293,LAZER
2026-09-24 19:51:44,Atıcı 1,1. Sabit Mesafe Poligonu,0,143.39,173.491,LAZER
2026-09-24 19:51:45,Atıcı 1,1. Sabit Mesafe Poligonu,0,144.55,173.607,LAZER
2026-09-24 19:51:45,Atıcı 1,1. Sabit Mesafe Poligonu,0,114.49,174.146,LAZER
2026-09-24 19:51:45,Atıcı 1,1. Sabit Mesafe Poligonu,0,112.27,174.226,LAZER
2026-09-24 19:51:45,Atıcı 1,1. Sabit Mesafe Poligonu,0,112.61,174.383,LAZER
2026-09-24 19:51:51,Atıcı 1,1. Sabit Mesafe Poligonu,0,249.58,180.551,LAZER
2026-09-24 19:51:52,Atıcı 1,1. Sabit Mesafe Poligonu,0,111.0,180.786,LAZER
2026-09-24 19:51:52,Atıcı 1,1. Sabit Mesafe Poligonu,0,248.56,181.026,LAZER
2026-09-24 19:51:53,Atıcı 1,1. Sabit Mesafe Poligonu,0,293.29,181.919,LAZER
2026-09-24 19:51:53,Atıcı 1,1. Sabit Mesafe Poligonu,0,293.87,182.184,LAZER
2026-09-24 19:51:53,Atıcı 1,1. Sabit Mesafe Poligonu,0,142.13,182.301,LAZER
2026-09-24 19:51:57,Atıcı 1,1. Sabit Mesafe Poligonu,0,248.2,186.379,LAZER
2026-09-24 19:52:02,Atıcı 1,1. Sabit Mesafe Poligonu,0,114.06,190.769,LAZER
2026-09-24 19:52:02,Atıcı 1,1. Sabit Mesafe Poligonu,0,185.16,191.422,LAZER
2026-09-24 19:52:02,Atıcı 1,1. Sabit Mesafe Poligonu,0,293.29,191.538,LAZER
2026-09-24 19:52:04,Atıcı 1,1. Sabit Mesafe Poligonu,0,293.87,192.785,LAZER
2026-09-24 19:52:08,Atıcı 1,1. Sabit Mesafe Poligonu,0,293.87,196.698,LAZER
2026-09-24 19:52:08,Atıcı 1,1. Sabit Mesafe Poligonu,0,293.87,196.925,LAZER
2026-09-24 19:52:08,Atıcı 1,1. Sabit Mesafe Poligonu,0,293.87,197.008,LAZER
2026-09-24 19:52:11,Atıcı 1,1. Sabit Mesafe Poligonu,0,111.8,199.747,LAZER
2026-09-24 19:52:15,Atıcı 1,1. Sabit Mesafe Poligonu,0,140.92,203.821,LAZER
2026-09-24 19:52:20,Atıcı 1,1. Sabit Mesafe Poligonu,0,155.76,208.589,LAZER
2026-09-24 19:52:20,Atıcı 1,1. Sabit Mesafe Poligonu,0,119.64,208.896,LAZER
2026-09-24 19:52:27,Atıcı 1,1. Sabit Mesafe Poligonu,0,190.16,215.957,LAZER
2026-09-24 19:52:28,Atıcı 1,1. Sabit Mesafe Poligonu,0,293.87,217.496,LAZER
2026-09-24 19:52:37,Atıcı 1,1. Sabit Mesafe Poligonu,0,293.29,226.26,LAZER
2026-09-24 19:52:42,Atıcı 1,1. Sabit Mesafe Poligonu,0,293.87,231.246,LAZER
2026-09-24 19:52:42,Atıcı 1,1. Sabit Mesafe Poligonu,0,293.87,231.363,LAZER
2026-09-24 19:52:42,Atıcı 1,1. Sabit Mesafe Poligonu,0,293.87,231.445,LAZER
2026-09-24 19:52:42,Atıcı 1,1. Sabit Mesafe Poligonu,0,293.87,231.56,LAZER
2026-09-24 19:52:43,Atıcı 1,1. Sabit Mesafe Poligonu,0,293.87,231.638,LAZER
2026-09-24 19:52:43,Atıcı 1,1. Sabit Mesafe Poligonu,0,293.29,231.983,LAZER
2026-09-24 19:52:43,Atıcı 1,1. Sabit Mesafe Poligonu,0,293.87,232.061,LAZER
2026-09-24 19:52:47,Atıcı 1,1. Sabit Mesafe Poligonu,0,141.65,235.893,LAZER
2026-09-24 19:52:47,Atıcı 1,1. Sabit Mesafe Poligonu,0,141.66,236.05,LAZER
2026-09-24 19:52:47,Atıcı 1,1. Sabit Mesafe Poligonu,0,140.92,236.207,LAZER
2026-09-24 19:52:48,Atıcı 1,1. Sabit Mesafe Poligonu,0,124.02,237.081,LAZER
2026-09-24 19:52:48,Atıcı 1,1. Sabit Mesafe Poligonu,0,130.43,237.39,LAZER
2026-09-24 19:52:49,Atıcı 1,1. Sabit Mesafe Poligonu,0,111.0,237.58,LAZER
2026-09-24 19:52:51,Atıcı 1,1. Sabit Mesafe Poligonu,0,138.05,240.473,LAZER
2026-09-24 19:52:52,Atıcı 1,1. Sabit Mesafe Poligonu,0,139.22,241.236,LAZER
2026-09-24 19:53:12,Atıcı 1,1. Sabit Mesafe Poligonu,0,141.4,261.271,LAZER
2026-09-24 19:53:12,Atıcı 1,1. Sabit Mesafe Poligonu,0,140.68,261.387,LAZER
2026-09-24 19:53:13,Atıcı 1,1. Sabit Mesafe Poligonu,0,293.29,262.374,LAZER
2026-09-24 19:53:14,Atıcı 1,1. Sabit Mesafe Poligonu,0,293.87,262.869,LAZER
2026-09-24 19:53:14,Atıcı 1,1. Sabit Mesafe Poligonu,0,293.87,263.444,LAZER
2026-09-24 19:53:15,Atıcı 1,1. Sabit Mesafe Poligonu,0,293.29,263.634,LAZER
2026-09-24 19:53:15,Atıcı 1,1. Sabit Mesafe Poligonu,0,293.87,264.395,LAZER
2026-09-24 19:53:26,Atıcı 1,1. Sabit Mesafe Poligonu,0,293.87,275.072,LAZER
2026-09-24 19:53:29,Atıcı 1,1. Sabit Mesafe Poligonu,0,142.13,278.059,LAZER
2026-09-24 19:53:29,Atıcı 1,1. Sabit Mesafe Poligonu,0,300.04,278.179,LAZER
2026-09-24 19:53:29,Atıcı 1,1. Sabit Mesafe Poligonu,0,247.95,278.294,LAZER
2026-09-24 19:53:29,Atıcı 1,1. Sabit Mesafe Poligonu,0,249.51,278.371,LAZER
2026-09-24 19:53:30,Atıcı 1,1. Sabit Mesafe Poligonu,0,261.59,278.819,LAZER
2026-09-24 19:53:31,Atıcı 1,1. Sabit Mesafe Poligonu,0,139.49,279.639,LAZER
2026-09-24 19:53:37,Atıcı 1,1. Sabit Mesafe Poligonu,0,293.87,286.031,LAZER
2026-09-24 19:53:37,Atıcı 1,1. Sabit Mesafe Poligonu,0,270.45,286.486,LAZER
2026-09-24 19:53:38,Atıcı 1,1. Sabit Mesafe Poligonu,0,108.81,286.606,LAZER
2026-09-24 19:53:38,Atıcı 1,1. Sabit Mesafe Poligonu,0,109.4,286.682,LAZER
2026-09-24 19:53:39,Atıcı 1,1. Sabit Mesafe Poligonu,0,105.0,287.717,LAZER
2026-09-24 19:53:39,Atıcı 1,1. Sabit Mesafe Poligonu,0,293.87,287.873,LAZER
2026-09-24 19:53:39,Atıcı 1,1. Sabit Mesafe Poligonu,0,293.87,287.948,LAZER
2026-09-24 19:53:39,Atıcı 1,1. Sabit Mesafe Poligonu,0,293.87,288.214,LAZER
2026-09-24 19:53:40,Atıcı 1,1. Sabit Mesafe Poligonu,0,114.95,288.781,LAZER
2026-09-24 19:53:40,Atıcı 1,1. Sabit Mesafe Poligonu,0,114.53,288.897,LAZER
2026-09-24 19:53:43,Atıcı 1,1. Sabit Mesafe Poligonu,0,245.69,292.474,LAZER
2026-09-24 19:53:44,Atıcı 1,1. Sabit Mesafe Poligonu,0,295.14,292.591,LAZER
2026-09-24 19:53:44,Atıcı 1,1. Sabit Mesafe Poligonu,0,99.57,292.669,LAZER
2026-09-24 19:53:57,Atıcı 1,1. Sabit Mesafe Poligonu,0,111.32,306.178,LAZER
2026-09-24 19:53:57,Atıcı 1,1. Sabit Mesafe Poligonu,0,100.18,306.254,LAZER
2026-09-24 19:53:57,Atıcı 1,1. Sabit Mesafe Poligonu,0,111.97,306.371,LAZER
2026-09-24 19:53:57,Atıcı 1,1. Sabit Mesafe Poligonu,0,110.72,306.49,LAZER
2026-09-24 19:53:58,Atıcı 1,1. Sabit Mesafe Poligonu,0,273.15,306.659,LAZER
2026-09-24 19:54:03,Atıcı 1,1. Sabit Mesafe Poligonu,0,229.79,311.879,LAZER
2026-09-24 19:54:03,Atıcı 1,1. Sabit Mesafe Poligonu,0,309.59,312.011,LAZER
2026-09-24 19:54:06,Atıcı 1,1. Sabit Mesafe Poligonu,0,303.32,314.948,LAZER
2026-09-24 19:54:07,Atıcı 1,1. Sabit Mesafe Poligonu,0,150.6,316.174,LAZER
2026-09-24 19:54:08,Atıcı 1,1. Sabit Mesafe Poligonu,0,122.11,317.161,LAZER
2026-09-24 19:54:09,Atıcı 1,1. Sabit Mesafe Poligonu,0,136.61,317.692,LAZER
2026-09-24 19:54:11,Atıcı 1,1. Sabit Mesafe Poligonu,0,147.63,320.404,LAZER
2026-09-24 19:54:13,Atıcı 1,1. Sabit Mesafe Poligonu,0,128.47,321.569,LAZER
2026-09-24 19:54:13,Atıcı 1,1. Sabit Mesafe Poligonu,0,156.17,322.306,LAZER
2026-09-24 19:54:13,Atıcı 1,1. Sabit Mesafe Poligonu,0,129.0,322.459,LAZER
2026-09-24 19:54:15,Atıcı 1,1. Sabit Mesafe Poligonu,0,130.82,324.05,LAZER
2026-09-24 19:54:15,Atıcı 1,1. Sabit Mesafe Poligonu,0,130.18,324.125,LAZER
2026-09-24 19:54:16,Atıcı 1,1. Sabit Mesafe Poligonu,0,136.47,324.968,LAZER
2026-09-24 19:54:16,Atıcı 1,1. Sabit Mesafe Poligonu,0,147.76,325.158,LAZER
2026-09-24 19:54:19,Atıcı 1,1. Sabit Mesafe Poligonu,0,293.87,328.048,LAZER
2026-09-24 19:54:19,Atıcı 1,1. Sabit Mesafe Poligonu,0,158.7,328.511,LAZER
2026-09-24 19:54:24,Atıcı 1,1. Sabit Mesafe Poligonu,0,147.25,333.322,LAZER
2026-09-24 19:54:25,Atıcı 1,1. Sabit Mesafe Poligonu,0,147.41,333.709,LAZER
2026-09-24 19:54:25,Atıcı 1,1. Sabit Mesafe Poligonu,0,149.01,333.785,LAZER
2026-09-24 19:54:26,Atıcı 1,1. Sabit Mesafe Poligonu,0,138.44,334.926,LAZER
2026-09-24 19:54:26,Atıcı 1,1. Sabit Mesafe Poligonu,0,116.21,335.461,LAZER
2026-09-24 19:54:27,Atıcı 1,1. Sabit Mesafe Poligonu,0,144.52,335.649,LAZER
2026-09-24 19:54:28,Atıcı 1,1. Sabit Mesafe Poligonu,0,157.44,337.426,LAZER
2026-09-24 19:54:29,Atıcı 1,1. Sabit Mesafe Poligonu,0,133.41,338.522,LAZER
2026-09-24 19:54:30,Atıcı 1,1. Sabit Mesafe Poligonu,0,133.54,338.638,LAZER
2026-09-24 19:54:31,Atıcı 1,1. Sabit Mesafe Poligonu,0,187.38,340.291,LAZER
2026-09-24 19:54:31,Atıcı 1,1. Sabit Mesafe Poligonu,0,188.16,340.368,LAZER
2026-09-24 19:54:34,Atıcı 1,1. Sabit Mesafe Poligonu,0,144.27,342.87,LAZER
2026-09-24 19:54:34,Atıcı 1,1. Sabit Mesafe Poligonu,0,143.95,342.948,LAZER
2026-09-24 19:54:35,Atıcı 1,1. Sabit Mesafe Poligonu,0,123.42,343.712,LAZER
2026-09-24 19:54:36,Atıcı 1,1. Sabit Mesafe Poligonu,0,145.25,344.812,LAZER
2026-09-24 19:54:36,Atıcı 1,1. Sabit Mesafe Poligonu,0,139.52,345.195,LAZER
2026-09-24 19:54:36,Atıcı 1,1. Sabit Mesafe Poligonu,0,175.21,345.27,LAZER
2026-09-24 19:54:38,Atıcı 1,1. Sabit Mesafe Poligonu,0,116.62,346.633,LAZER
2026-09-24 19:54:38,Atıcı 1,1. Sabit Mesafe Poligonu,0,145.43,346.755,LAZER
2026-09-24 19:54:39,Atıcı 1,1. Sabit Mesafe Poligonu,0,140.19,348.068,LAZER
2026-09-24 19:54:39,Atıcı 1,1. Sabit Mesafe Poligonu,0,144.31,348.148,LAZER
2026-09-24 19:54:39,Atıcı 1,1. Sabit Mesafe Poligonu,0,132.92,348.226,LAZER
2026-09-24 19:54:39,Atıcı 1,1. Sabit Mesafe Poligonu,0,136.01,348.342,LAZER
2026-09-24 19:54:40,Atıcı 1,1. Sabit Mesafe Poligonu,0,131.02,348.571,LAZER
2026-09-24 19:54:40,Atıcı 1,1. Sabit Mesafe Poligonu,0,137.57,348.649,LAZER
2026-09-24 19:54:40,Atıcı 1,1. Sabit Mesafe Poligonu,0,136.74,348.763,LAZER
2026-09-24 19:54:40,Atıcı 1,1. Sabit Mesafe Poligonu,0,135.8,348.953,LAZER
2026-09-24 19:54:41,Atıcı 1,1. Sabit Mesafe Poligonu,0,155.32,350.516,LAZER
2026-09-24 19:54:42,Atıcı 1,1. Sabit Mesafe Poligonu,0,154.47,350.635,LAZER
2026-09-24 19:54:43,Atıcı 1,1. Sabit Mesafe Poligonu,0,113.3,351.946,LAZER
2026-09-24 19:54:43,Atıcı 1,1. Sabit Mesafe Poligonu,0,125.8,352.099,LAZER
2026-09-24 19:54:43,Atıcı 1,1. Sabit Mesafe Poligonu,0,102.45,352.522,LAZER
2026-09-24 19:54:45,Atıcı 1,1. Sabit Mesafe Poligonu,0,127.86,353.723,LAZER
2026-09-24 19:54:45,Atıcı 1,1. Sabit Mesafe Poligonu,0,114.28,354.11,LAZER
2026-09-24 19:54:45,Atıcı 1,1. Sabit Mesafe Poligonu,0,297.2,354.346,LAZER
2026-09-24 19:54:46,Atıcı 1,1. Sabit Mesafe Poligonu,0,119.22,355.311,LAZER
2026-09-24 19:54:47,Atıcı 1,1. Sabit Mesafe Poligonu,0,238.54,355.586,LAZER
2026-09-24 19:54:47,Atıcı 1,1. Sabit Mesafe Poligonu,0,96.0,356.092,LAZER
2026-09-24 19:54:47,Atıcı 1,1. Sabit Mesafe Poligonu,0,128.43,356.365,LAZER
2026-09-24 19:54:48,Atıcı 1,1. Sabit Mesafe Poligonu,0,134.24,357.101,LAZER
2026-09-24 19:54:49,Atıcı 1,1. Sabit Mesafe Poligonu,0,114.02,357.897,LAZER
2026-09-24 19:54:49,Atıcı 1,1. Sabit Mesafe Poligonu,0,311.39,357.975,LAZER
2026-09-24 19:54:54,Atıcı 1,1. Sabit Mesafe Poligonu,0,231.14,363.284,LAZER
2026-09-24 19:54:54,Atıcı 1,1. Sabit Mesafe Poligonu,0,230.11,363.402,LAZER
2026-09-24 19:54:54,Atıcı 1,1. Sabit Mesafe Poligonu,0,315.08,363.479,LAZER
2026-09-24 19:54:55,Atıcı 1,1. Sabit Mesafe Poligonu,0,315.08,363.593,LAZER
2026-09-24 19:54:55,Atıcı 1,1. Sabit Mesafe Poligonu,0,315.08,363.668,LAZER
2026-09-24 19:54:55,Atıcı 1,1. Sabit Mesafe Poligonu,0,315.83,363.785,LAZER
2026-09-24 19:54:55,Atıcı 1,1. Sabit Mesafe Poligonu,0,315.08,363.898,LAZER
2026-09-24 19:54:56,Atıcı 1,1. Sabit Mesafe Poligonu,0,82.68,365.364,LAZER
2026-09-24 19:54:57,Atıcı 1,1. Sabit Mesafe Poligonu,0,287.52,365.639,LAZER
2026-09-24 19:54:57,Atıcı 1,1. Sabit Mesafe Poligonu,0,108.47,366.168,LAZER
2026-09-24 19:54:59,Atıcı 1,1. Sabit Mesafe Poligonu,0,261.82,367.655,LAZER
2026-09-24 19:54:59,Atıcı 1,1. Sabit Mesafe Poligonu,0,120.93,367.743,LAZER
2026-09-24 19:55:00,Atıcı 1,1. Sabit Mesafe Poligonu,0,277.65,368.672,LAZER
2026-09-24 19:55:00,Atıcı 1,1. Sabit Mesafe Poligonu,0,236.36,368.826,LAZER
2026-09-24 19:55:00,Atıcı 1,1. Sabit Mesafe Poligonu,0,248.08,368.947,LAZER
2026-09-24 19:55:00,Atıcı 1,1. Sabit Mesafe Poligonu,0,167.36,369.153,LAZER
2026-09-24 19:55:02,Atıcı 1,1. Sabit Mesafe Poligonu,0,205.73,370.636,LAZER
2026-09-24 19:55:02,Atıcı 1,1. Sabit Mesafe Poligonu,0,106.44,370.733,LAZER
2026-09-24 19:55:02,Atıcı 1,1. Sabit Mesafe Poligonu,0,105.99,370.83,LAZER
2026-09-24 19:55:02,Atıcı 1,1. Sabit Mesafe Poligonu,0,227.43,371.099,LAZER
2026-09-24 19:55:02,Atıcı 1,1. Sabit Mesafe Poligonu,0,201.56,371.234,LAZER
2026-09-24 19:55:03,Atıcı 1,1. Sabit Mesafe Poligonu,0,107.02,371.614,LAZER
2026-09-24 19:55:03,Atıcı 1,1. Sabit Mesafe Poligonu,0,106.62,371.704,LAZER
2026-09-24 19:55:03,Atıcı 1,1. Sabit Mesafe Poligonu,0,213.77,371.896,LAZER
2026-09-24 19:55:06,Atıcı 1,1. Sabit Mesafe Poligonu,0,279.61,374.992,LAZER
2026-09-24 19:55:25,Atıcı 1,1. Sabit Mesafe Poligonu,0,275.81,394.107,LAZER
2026-09-24 19:55:25,Atıcı 1,1. Sabit Mesafe Poligonu,0,248.94,394.265,LAZER
2026-09-24 19:55:26,Atıcı 1,1. Sabit Mesafe Poligonu,0,244.8,394.577,LAZER
2026-09-24 19:55:26,Atıcı 1,1. Sabit Mesafe Poligonu,0,238.32,394.671,LAZER
2026-09-24 19:55:28,Atıcı 1,1. Sabit Mesafe Poligonu,0,228.88,397.163,LAZER
2026-09-24 19:55:28,Atıcı 1,1. Sabit Mesafe Poligonu,0,230.06,397.368,LAZER
2026-09-24 19:55:29,Atıcı 1,1. Sabit Mesafe Poligonu,0,258.14,398.12,LAZER
2026-09-24 19:55:36,Atıcı 1,1. Sabit Mesafe Poligonu,0,184.49,405.058,LAZER
2026-09-24 19:55:37,Atıcı 1,1. Sabit Mesafe Poligonu,0,315.33,406.432,LAZER
2026-09-24 19:55:37,Atıcı 1,1. Sabit Mesafe Poligonu,0,308.7,406.546,LAZER
2026-09-24 19:55:40,Atıcı 1,1. Sabit Mesafe Poligonu,0,267.49,409.33,LAZER
2026-09-24 19:55:40,Atıcı 1,1. Sabit Mesafe Poligonu,0,280.49,409.446,LAZER
2026-09-24 19:55:40,Atıcı 1,1. Sabit Mesafe Poligonu,0,279.26,409.526,LAZER
2026-09-24 19:55:42,Atıcı 1,1. Sabit Mesafe Poligonu,0,288.47,410.579,LAZER
2026-09-24 19:55:42,Atıcı 1,1. Sabit Mesafe Poligonu,0,285.49,410.658,LAZER
2026-09-24 19:55:42,Atıcı 1,1. Sabit Mesafe Poligonu,0,285.66,410.737,LAZER
2026-09-24 19:55:43,Atıcı 1,1. Sabit Mesafe Poligonu,0,282.03,411.572,LAZER
2026-09-24 19:55:43,Atıcı 1,1. Sabit Mesafe Poligonu,0,275.86,411.698,LAZER
2026-09-24 19:55:43,Atıcı 1,1. Sabit Mesafe Poligonu,0,288.29,411.875,LAZER
2026-09-24 19:55:43,Atıcı 1,1. Sabit Mesafe Poligonu,0,276.33,412.012,LAZER
2026-09-24 19:55:44,Atıcı 1,1. Sabit Mesafe Poligonu,0,278.06,412.582,LAZER
2026-09-24 19:55:44,Atıcı 1,1. Sabit Mesafe Poligonu,0,277.72,412.755,LAZER
2026-09-24 19:55:44,Atıcı 1,1. Sabit Mesafe Poligonu,0,281.9,412.889,LAZER
2026-09-24 19:55:45,Atıcı 1,1. Sabit Mesafe Poligonu,0,286.32,413.743,LAZER
2026-09-24 19:55:45,Atıcı 1,1. Sabit Mesafe Poligonu,0,287.14,413.831,LAZER
2026-09-24 19:55:45,Atıcı 1,1. Sabit Mesafe Poligonu,0,259.6,414.086,LAZER
2026-09-24 19:55:45,Atıcı 1,1. Sabit Mesafe Poligonu,0,270.14,414.177,LAZER
2026-09-24 19:55:46,Atıcı 1,1. Sabit Mesafe Poligonu,0,269.6,414.633,LAZER
2026-09-24 19:55:46,Atıcı 1,1. Sabit Mesafe Poligonu,0,277.97,414.721,LAZER
2026-09-24 19:55:46,Atıcı 1,1. Sabit Mesafe Poligonu,0,270.44,414.847,LAZER
2026-09-24 19:55:46,Atıcı 1,1. Sabit Mesafe Poligonu,0,277.4,414.933,LAZER
2026-09-24 19:55:46,Atıcı 1,1. Sabit Mesafe Poligonu,0,280.75,415.104,LAZER
2026-09-24 19:55:46,Atıcı 1,1. Sabit Mesafe Poligonu,0,277.65,415.287,LAZER
2026-09-24 19:55:46,Atıcı 1,1. Sabit Mesafe Poligonu,0,280.43,415.471,LAZER
2026-09-24 19:56:02,Atıcı 1,1. Sabit Mesafe Poligonu,0,230.44,431.43,LAZER
2026-09-24 19:56:09,Atıcı 1,1. Sabit Mesafe Poligonu,0,224.27,438.138,LAZER
2026-09-24 19:56:10,Atıcı 1,1. Sabit Mesafe Poligonu,0,121.33,438.72,LAZER
2026-09-24 19:56:30,Atıcı 1,1. Sabit Mesafe Poligonu,0,216.08,459.348,LAZER
2026-09-24 19:56:32,Atıcı 1,1. Sabit Mesafe Poligonu,0,120.83,460.635,LAZER
2026-09-24 19:56:32,Atıcı 1,1. Sabit Mesafe Poligonu,0,293.29,460.764,LAZER
2026-09-24 19:56:32,Atıcı 1,1. Sabit Mesafe Poligonu,0,236.92,460.851,LAZER
2026-09-24 19:56:32,Atıcı 1,1. Sabit Mesafe Poligonu,0,238.88,461.25,LAZER
2026-09-24 19:56:33,Atıcı 1,1. Sabit Mesafe Poligonu,0,243.46,461.75,LAZER
2026-09-24 20:00:18,Atıcı 1,1. Sabit Mesafe Poligonu,0,116.87,0.039,LAZER
2026-09-24 20:00:25,Atıcı 1,1. Sabit Mesafe Poligonu,50,32.02,7.189,LAZER
2026-09-24 20:00:25,Atıcı 1,1. Sabit Mesafe Poligonu,0,335.12,0.294,LAZER
2026-09-24 20:00:26,Atıcı 1,1. Sabit Mesafe Poligonu,0,48.05,1.081,LAZER
2026-09-24 20:00:26,Atıcı 1,1. Sabit Mesafe Poligonu,50,28.18,1.387,LAZER
2026-09-24 20:00:27,Atıcı 1,1. Sabit Mesafe Poligonu,0,342.48,0.375,LAZER
2026-09-24 20:00:28,Atıcı 1,1. Sabit Mesafe Poligonu,0,62.77,1.361,LAZER
2026-09-24 20:00:28,Atıcı 1,1. Sabit Mesafe Poligonu,0,58.14,2.046,LAZER
2026-09-24 20:00:29,Atıcı 1,1. Sabit Mesafe Poligonu,0,60.37,3.206,LAZER
2026-09-24 20:00:30,Atıcı 1,1. Sabit Mesafe Poligonu,50,32.8,3.798,LAZER
2026-09-24 20:00:30,Atıcı 1,1. Sabit Mesafe Poligonu,0,306.76,0.348,LAZER
2026-09-24 20:00:31,Atıcı 1,1. Sabit Mesafe Poligonu,0,223.38,0.932,LAZER
2026-09-24 20:00:31,Atıcı 1,1. Sabit Mesafe Poligonu,0,160.24,1.214,LAZER
2026-09-24 20:00:50,Atıcı 1,1. Sabit Mesafe Poligonu,25,38.83,19.675,LAZER
2026-09-24 20:00:50,Atıcı 1,1. Sabit Mesafe Poligonu,25,43.68,0.324,LAZER
2026-09-24 20:00:50,Atıcı 1,1. Sabit Mesafe Poligonu,0,185.02,0.409,LAZER
2026-09-24 20:00:51,Atıcı 1,1. Sabit Mesafe Poligonu,0,175.11,1.257,LAZER
2026-09-24 20:00:52,Atıcı 1,1. Sabit Mesafe Poligonu,0,175.64,1.543,LAZER
2026-09-24 20:00:53,Atıcı 1,1. Sabit Mesafe Poligonu,0,162.69,2.47,LAZER
2026-09-24 20:00:53,Atıcı 1,1. Sabit Mesafe Poligonu,0,153.65,2.76,LAZER
2026-09-24 20:00:55,Atıcı 1,1. Sabit Mesafe Poligonu,0,231.14,4.456,LAZER
2026-09-24 20:00:59,Atıcı 1,1. Sabit Mesafe Poligonu,0,50.57,8.505,LAZER
2026-09-24 20:00:59,Atıcı 1,1. Sabit Mesafe Poligonu,0,148.12,8.787,LAZER
2026-09-24 20:01:15,Atıcı 1,1. Sabit Mesafe Poligonu,0,212.43,24.746,LAZER
2026-09-24 20:01:21,Atıcı 1,1. Sabit Mesafe Poligonu,0,112.64,30.581,LAZER
2026-09-24 20:01:23,Atıcı 1,1. Sabit Mesafe Poligonu,25,40.01,33.159,LAZER
2026-09-24 20:01:24,Atıcı 1,1. Sabit Mesafe Poligonu,0,296.08,0.283,LAZER
2026-09-24 20:01:24,Atıcı 1,1. Sabit Mesafe Poligonu,0,154.78,0.564,LAZER
2026-09-24 20:01:24,Atıcı 1,1. Sabit Mesafe Poligonu,0,59.67,0.935,LAZER
2026-09-24 20:01:25,Atıcı 1,1. Sabit Mesafe Poligonu,0,76.79,2.069,LAZER
2026-09-24 20:01:26,Atıcı 1,1. Sabit Mesafe Poligonu,50,32.02,2.389,LAZER
2026-09-24 20:01:26,Atıcı 1,1. Sabit Mesafe Poligonu,50,33.24,0.583,LAZER
2026-09-24 20:01:27,Atıcı 1,1. Sabit Mesafe Poligonu,0,129.56,0.931,LAZER
2026-09-24 20:01:27,Atıcı 1,1. Sabit Mesafe Poligonu,0,169.94,1.222,LAZER
2026-09-24 20:01:28,Atıcı 1,1. Sabit Mesafe Poligonu,0,68.73,1.728,LAZER
2026-09-24 20:01:28,Atıcı 1,1. Sabit Mesafe Poligonu,0,47.51,2.009,LAZER
2026-09-24 20:01:30,Atıcı 1,1. Sabit Mesafe Poligonu,0,82.46,3.509,LAZER
2026-09-24 20:01:33,Atıcı 1,1. Sabit Mesafe Poligonu,0,120.22,6.873,LAZER
2026-09-24 20:01:34,Atıcı 1,1. Sabit Mesafe Poligonu,0,252.68,7.417,LAZER
2026-09-24 20:01:36,Atıcı 1,1. Sabit Mesafe Poligonu,0,85.59,9.326,LAZER
2026-09-24 20:01:36,Atıcı 1,1. Sabit Mesafe Poligonu,0,92.09,9.611,LAZER
2026-09-24 20:01:36,Atıcı 1,1. Sabit Mesafe Poligonu,0,177.63,10.275,LAZER
2026-09-24 20:01:38,Atıcı 1,1. Sabit Mesafe Poligonu,0,82.46,11.283,LAZER
2026-09-24 20:01:38,Atıcı 1,1. Sabit Mesafe Poligonu,0,94.94,11.604,LAZER
2026-09-24 20:01:38,Atıcı 1,1. Sabit Mesafe Poligonu,0,104.69,11.9,LAZER
2026-09-24 20:01:38,Atıcı 1,1. Sabit Mesafe Poligonu,0,101.64,12.222,LAZER
2026-09-24 20:01:39,Atıcı 1,1. Sabit Mesafe Poligonu,0,97.86,12.731,LAZER
2026-09-24 20:02:05,Atıcı 1,1. Sabit Mesafe Poligonu,0,137.32,1.943,LAZER
2026-09-24 20:02:05,Atıcı 1,1. Sabit Mesafe Poligonu,0,93.78,2.552,LAZER
2026-09-24 20:02:06,Atıcı 1,1. Sabit Mesafe Poligonu,0,63.13,3.465,LAZER
2026-09-24 20:02:07,Atıcı 1,1. Sabit Mesafe Poligonu,0,103.74,4.131,LAZER
2026-09-24 20:02:08,Atıcı 1,1. Sabit Mesafe Poligonu,0,113.65,5.027,LAZER
2026-09-24 20:02:09,Atıcı 1,1. Sabit Mesafe Poligonu,0,341.56,6.464,LAZER
2026-09-24 20:02:10,Atıcı 1,1. Sabit Mesafe Poligonu,0,299.13,6.829,LAZER
2026-09-24 20:02:10,Atıcı 1,1. Sabit Mesafe Poligonu,0,267.8,7.194,LAZER
2026-09-24 20:02:11,Atıcı 1,1. Sabit Mesafe Poligonu,0,353.33,7.696,LAZER
2026-09-24 20:02:11,Atıcı 1,1. Sabit Mesafe Poligonu,0,316.75,8.074,LAZER
2026-09-24 20:02:11,Atıcı 1,1. Sabit Mesafe Poligonu,0,68.12,8.678,LAZER
2026-09-24 20:02:12,Atıcı 1,1. Sabit Mesafe Poligonu,0,102.24,9.365,LAZER
2026-09-24 20:02:12,Atıcı 1,1. Sabit Mesafe Poligonu,0,102.49,9.678,LAZER
2026-09-24 20:02:13,Atıcı 1,1. Sabit Mesafe Poligonu,0,108.93,10.061,LAZER
2026-09-24 20:02:13,Atıcı 1,1. Sabit Mesafe Poligonu,0,53.85,10.453,LAZER
2026-09-24 20:02:14,Atıcı 1,1. Sabit Mesafe Poligonu,0,99.14,10.903,LAZER
2026-09-24 20:02:14,Atıcı 1,1. Sabit Mesafe Poligonu,0,141.29,11.452,LAZER
2026-09-24 20:02:15,Atıcı 1,1. Sabit Mesafe Poligonu,0,66.85,12.106,LAZER
2026-09-24 20:02:15,Atıcı 1,1. Sabit Mesafe Poligonu,0,64.54,12.616,LAZER
2026-09-24 20:02:18,Atıcı 1,1. Sabit Mesafe Poligonu,0,61.74,14.824,LAZER
2026-09-24 20:02:18,Atıcı 1,1. Sabit Mesafe Poligonu,0,65.37,15.119,LAZER
2026-09-24 20:02:18,Atıcı 1,1. Sabit Mesafe Poligonu,0,58.82,15.406,LAZER
2026-09-24 20:02:21,Atıcı 1,1. Sabit Mesafe Poligonu,0,77.82,18.367,LAZER
2026-09-24 20:02:21,Atıcı 1,1. Sabit Mesafe Poligonu,0,77.82,18.686,LAZER
2026-09-24 20:02:22,Atıcı 1,1. Sabit Mesafe Poligonu,0,113.14,18.975,LAZER
2026-09-24 20:02:22,Atıcı 1,1. Sabit Mesafe Poligonu,0,76.06,19.284,LAZER
2026-09-24 20:02:23,Atıcı 1,1. Sabit Mesafe Poligonu,0,71.59,20.039,LAZER
2026-09-24 20:02:24,Atıcı 1,1. Sabit Mesafe Poligonu,0,78.0,20.835,LAZER
2026-09-24 20:02:24,Atıcı 1,1. Sabit Mesafe Poligonu,0,76.16,21.161,LAZER
2026-09-24 20:02:24,Atıcı 1,1. Sabit Mesafe Poligonu,0,77.88,21.595,LAZER
2026-09-24 20:02:27,Atıcı 1,1. Sabit Mesafe Poligonu,0,128.76,23.834,LAZER
2026-09-24 20:02:27,Atıcı 1,1. Sabit Mesafe Poligonu,0,123.69,24.178,LAZER
2026-09-24 20:02:27,Atıcı 1,1. Sabit Mesafe Poligonu,0,100.5,24.487,LAZER
2026-09-24 20:02:28,Atıcı 1,1. Sabit Mesafe Poligonu,0,84.97,24.807,LAZER
2026-09-24 20:02:29,Atıcı 1,1. Sabit Mesafe Poligonu,0,71.11,25.841,LAZER
2026-09-24 20:02:30,Atıcı 1,1. Sabit Mesafe Poligonu,0,81.54,26.845,LAZER
2026-09-24 20:02:30,Atıcı 1,1. Sabit Mesafe Poligonu,0,76.32,27.39,LAZER
2026-09-24 20:02:32,Atıcı 1,1. Sabit Mesafe Poligonu,0,54.38,28.82,LAZER
2026-09-24 20:02:32,Atıcı 1,1. Sabit Mesafe Poligonu,0,57.14,29.291,LAZER
2026-09-24 20:02:32,Atıcı 1,1. Sabit Mesafe Poligonu,0,168.15,29.601,LAZER
2026-09-24 20:02:33,Atıcı 1,1. Sabit Mesafe Poligonu,0,312.85,29.931,LAZER
2026-09-24 20:02:33,Atıcı 1,1. Sabit Mesafe Poligonu,0,231.95,30.255,LAZER
2026-09-24 20:02:33,Atıcı 1,1. Sabit Mesafe Poligonu,0,230.05,30.553,LAZER
2026-09-24 20:02:34,Atıcı 1,1. Sabit Mesafe Poligonu,0,58.31,30.937,LAZER
2026-09-24 20:02:34,Atıcı 1,1. Sabit Mesafe Poligonu,0,245.55,31.224,LAZER
2026-09-24 20:02:34,Atıcı 1,1. Sabit Mesafe Poligonu,0,58.6,31.513,LAZER
2026-09-24 20:02:35,Atıcı 1,1. Sabit Mesafe Poligonu,0,214.71,31.806,LAZER
2026-09-24 20:02:35,Atıcı 1,1. Sabit Mesafe Poligonu,0,61.06,32.14,LAZER
2026-09-24 20:02:36,Atıcı 1,1. Sabit Mesafe Poligonu,0,62.13,32.749,LAZER
2026-09-24 20:02:36,Atıcı 1,1. Sabit Mesafe Poligonu,0,58.41,33.166,LAZER
2026-09-24 20:02:36,Atıcı 1,1. Sabit Mesafe Poligonu,0,97.8,33.465,LAZER
2026-09-24 20:02:37,Atıcı 1,1. Sabit Mesafe Poligonu,0,60.02,34.621,LAZER
2026-09-24 20:02:38,Atıcı 1,1. Sabit Mesafe Poligonu,0,129.06,35.431,LAZER
2026-09-24 20:02:39,Atıcı 1,1. Sabit Mesafe Poligonu,0,97.08,36.136,LAZER
2026-09-24 20:02:39,Atıcı 1,1. Sabit Mesafe Poligonu,0,62.65,36.425,LAZER
2026-09-24 20:02:40,Atıcı 1,1. Sabit Mesafe Poligonu,0,62.77,36.955,LAZER
2026-09-24 20:02:41,Atıcı 1,1. Sabit Mesafe Poligonu,0,55.61,37.881,LAZER
2026-09-24 20:02:41,Atıcı 1,1. Sabit Mesafe Poligonu,0,61.61,38.167,LAZER
2026-09-24 20:02:42,Atıcı 1,1. Sabit Mesafe Poligonu,0,68.43,38.819,LAZER
2026-09-24 20:02:42,Atıcı 1,1. Sabit Mesafe Poligonu,0,66.57,39.329,LAZER
2026-09-24 20:02:42,Atıcı 1,1. Sabit Mesafe Poligonu,0,66.4,39.631,LAZER
2026-09-24 20:02:43,Atıcı 1,1. Sabit Mesafe Poligonu,0,74.43,40.5,LAZER
2026-09-24 20:02:46,Atıcı 1,1. Sabit Mesafe Poligonu,0,61.91,42.716,LAZER
2026-09-24 20:02:46,Atıcı 1,1. Sabit Mesafe Poligonu,0,61.06,43.04,LAZER
2026-09-24 20:02:47,Atıcı 1,1. Sabit Mesafe Poligonu,0,58.25,44.236,LAZER
2026-09-24 20:02:47,Atıcı 1,1. Sabit Mesafe Poligonu,0,78.79,44.536,LAZER
2026-09-24 20:02:48,Atıcı 1,1. Sabit Mesafe Poligonu,0,78.39,44.963,LAZER
2026-09-24 20:02:48,Atıcı 1,1. Sabit Mesafe Poligonu,0,80.62,45.479,LAZER
2026-09-24 20:02:49,Atıcı 1,1. Sabit Mesafe Poligonu,0,81.02,45.766,LAZER
2026-09-24 20:02:49,Atıcı 1,1. Sabit Mesafe Poligonu,0,79.71,46.492,LAZER
2026-09-24 20:02:51,Atıcı 1,1. Sabit Mesafe Poligonu,0,167.08,47.795,LAZER
2026-09-24 20:02:51,Atıcı 1,1. Sabit Mesafe Poligonu,0,65.39,48.315,LAZER
2026-09-24 20:02:52,Atıcı 1,1. Sabit Mesafe Poligonu,0,78.79,49.434,LAZER
2026-09-24 20:02:53,Atıcı 1,1. Sabit Mesafe Poligonu,0,75.6,49.914,LAZER
2026-09-24 20:02:54,Atıcı 1,1. Sabit Mesafe Poligonu,0,68.82,51.158,LAZER
2026-09-24 20:02:55,Atıcı 1,1. Sabit Mesafe Poligonu,0,68.41,51.728,LAZER
2026-09-24 20:02:55,Atıcı 1,1. Sabit Mesafe Poligonu,0,60.83,52.048,LAZER
2026-09-24 20:02:55,Atıcı 1,1. Sabit Mesafe Poligonu,0,60.11,52.372,LAZER
2026-09-24 20:02:55,Atıcı 1,1. Sabit Mesafe Poligonu,0,54.41,52.669,LAZER
2026-09-24 20:02:56,Atıcı 1,1. Sabit Mesafe Poligonu,0,58.14,53.039,LAZER
2026-09-24 20:02:56,Atıcı 1,1. Sabit Mesafe Poligonu,0,60.0,53.338,LAZER
2026-09-24 20:02:57,Atıcı 1,1. Sabit Mesafe Poligonu,0,55.76,54.049,LAZER
2026-09-24 20:02:58,Atıcı 1,1. Sabit Mesafe Poligonu,0,296.9,54.828,LAZER
2026-09-24 20:02:59,Atıcı 1,1. Sabit Mesafe Poligonu,0,53.14,56.135,LAZER
2026-09-24 20:03:00,Atıcı 1,1. Sabit Mesafe Poligonu,25,43.86,57.239,LAZER
2026-09-24 20:03:01,Atıcı 1,1. Sabit Mesafe Poligonu,0,49.65,1.017,LAZER
2026-09-24 20:03:02,Atıcı 1,1. Sabit Mesafe Poligonu,0,49.4,1.482,LAZER
2026-09-24 20:03:02,Atıcı 1,1. Sabit Mesafe Poligonu,0,48.26,1.882,LAZER
2026-09-24 20:03:03,Atıcı 1,1. Sabit Mesafe Poligonu,0,51.11,2.59,LAZER
2026-09-24 20:03:03,Atıcı 1,1. Sabit Mesafe Poligonu,0,51.11,2.942,LAZER
2026-09-24 20:03:03,Atıcı 1,1. Sabit Mesafe Poligonu,0,51.11,3.247,LAZER
2026-09-24 20:03:04,Atıcı 1,1. Sabit Mesafe Poligonu,0,52.7,3.552,LAZER
2026-09-24 20:03:04,Atıcı 1,1. Sabit Mesafe Poligonu,0,50.0,4.072,LAZER
2026-09-24 20:03:04,Atıcı 1,1. Sabit Mesafe Poligonu,0,56.6,4.37,LAZER
2026-09-24 20:03:05,Atıcı 1,1. Sabit Mesafe Poligonu,0,53.25,4.778,LAZER
2026-09-24 20:03:05,Atıcı 1,1. Sabit Mesafe Poligonu,0,296.08,5.433,LAZER
2026-09-24 20:03:06,Atıcı 1,1. Sabit Mesafe Poligonu,0,53.26,6.022,LAZER
2026-09-24 20:03:07,Atıcı 1,1. Sabit Mesafe Poligonu,0,58.14,6.493,LAZER
2026-09-24 20:03:07,Atıcı 1,1. Sabit Mesafe Poligonu,0,58.14,6.919,LAZER
2026-09-24 20:03:07,Atıcı 1,1. Sabit Mesafe Poligonu,0,48.55,7.269,LAZER
2026-09-24 20:03:08,Atıcı 1,1. Sabit Mesafe Poligonu,0,58.82,7.638,LAZER
2026-09-24 20:03:08,Atıcı 1,1. Sabit Mesafe Poligonu,0,54.08,8.007,LAZER
2026-09-24 20:03:08,Atıcı 1,1. Sabit Mesafe Poligonu,0,77.83,8.372,LAZER
2026-09-24 20:03:09,Atıcı 1,1. Sabit Mesafe Poligonu,25,43.42,8.736,LAZER
2026-09-24 20:03:09,Atıcı 1,1. Sabit Mesafe Poligonu,0,121.49,0.335,LAZER
2026-09-24 20:03:09,Atıcı 1,1. Sabit Mesafe Poligonu,0,102.79,0.617,LAZER
2026-09-24 20:03:11,Atıcı 1,1. Sabit Mesafe Poligonu,0,46.69,1.884,LAZER
2026-09-24 20:03:11,Atıcı 1,1. Sabit Mesafe Poligonu,0,90.82,2.167,LAZER
2026-09-24 20:03:11,Atıcı 1,1. Sabit Mesafe Poligonu,0,85.59,2.663,LAZER
2026-09-24 20:03:12,Atıcı 1,1. Sabit Mesafe Poligonu,0,73.35,3.127,LAZER
2026-09-24 20:03:12,Atıcı 1,1. Sabit Mesafe Poligonu,0,53.76,3.421,LAZER
2026-09-24 20:03:13,Atıcı 1,1. Sabit Mesafe Poligonu,50,32.89,4.56,LAZER
2026-09-24 20:03:14,Atıcı 1,1. Sabit Mesafe Poligonu,50,31.06,0.297,LAZER
2026-09-24 20:03:14,Atıcı 1,1. Sabit Mesafe Poligonu,0,88.41,0.544,LAZER
2026-09-24 20:03:15,Atıcı 1,1. Sabit Mesafe Poligonu,75,12.73,1.329,LAZER
2026-09-24 20:03:15,Atıcı 1,1. Sabit Mesafe Poligonu,50,29.07,0.294,LAZER
2026-09-24 20:03:16,Atıcı 1,1. Sabit Mesafe Poligonu,75,20.52,0.292,LAZER
2026-09-24 20:03:16,Atıcı 1,1. Sabit Mesafe Poligonu,0,91.21,0.336,LAZER
2026-09-24 20:03:16,Atıcı 1,1. Sabit Mesafe Poligonu,0,113.85,0.628,LAZER
2026-09-24 20:03:17,Atıcı 1,1. Sabit Mesafe Poligonu,0,85.44,0.964,LAZER
2026-09-24 20:03:17,Atıcı 1,1. Sabit Mesafe Poligonu,0,91.61,1.512,LAZER
2026-09-24 20:03:19,Atıcı 1,1. Sabit Mesafe Poligonu,0,179.39,3.291,LAZER
2026-09-24 20:03:19,Atıcı 1,1. Sabit Mesafe Poligonu,0,82.46,3.665,LAZER
2026-09-24 20:03:20,Atıcı 1,1. Sabit Mesafe Poligonu,0,82.46,3.997,LAZER
2026-09-24 20:03:20,Atıcı 1,1. Sabit Mesafe Poligonu,0,159.76,4.575,LAZER
2026-09-24 20:03:21,Atıcı 1,1. Sabit Mesafe Poligonu,0,83.1,5.032,LAZER
2026-09-24 20:03:21,Atıcı 1,1. Sabit Mesafe Poligonu,0,79.4,5.701,LAZER
2026-09-24 20:03:23,Atıcı 1,1. Sabit Mesafe Poligonu,0,71.03,6.985,LAZER
2026-09-24 20:03:24,Atıcı 1,1. Sabit Mesafe Poligonu,0,71.85,7.976,LAZER
2026-09-24 20:03:25,Atıcı 1,1. Sabit Mesafe Poligonu,0,296.9,9.467,LAZER
2026-09-24 20:03:27,Atıcı 1,1. Sabit Mesafe Poligonu,0,138.06,11.028,LAZER
2026-09-24 20:03:27,Atıcı 1,1. Sabit Mesafe Poligonu,0,145.91,11.326,LAZER
2026-09-24 20:03:27,Atıcı 1,1. Sabit Mesafe Poligonu,0,159.88,11.664,LAZER
2026-09-24 20:03:28,Atıcı 1,1. Sabit Mesafe Poligonu,0,151.0,12.089,LAZER
2026-09-24 20:03:28,Atıcı 1,1. Sabit Mesafe Poligonu,0,158.9,12.382,LAZER
2026-09-24 20:03:28,Atıcı 1,1. Sabit Mesafe Poligonu,0,141.9,12.676,LAZER
2026-09-24 20:03:29,Atıcı 1,1. Sabit Mesafe Poligonu,0,114.24,13.512,LAZER
2026-09-24 20:03:29,Atıcı 1,1. Sabit Mesafe Poligonu,0,97.74,13.806,LAZER
2026-09-24 20:03:30,Atıcı 1,1. Sabit Mesafe Poligonu,0,96.05,14.106,LAZER
2026-09-24 20:03:30,Atıcı 1,1. Sabit Mesafe Poligonu,0,71.31,14.437,LAZER
2026-09-24 20:03:30,Atıcı 1,1. Sabit Mesafe Poligonu,0,65.8,14.738,LAZER
2026-09-24 20:03:31,Atıcı 1,1. Sabit Mesafe Poligonu,0,69.66,15.031,LAZER
2026-09-24 20:03:31,Atıcı 1,1. Sabit Mesafe Poligonu,0,68.59,15.41,LAZER
2026-09-24 20:03:31,Atıcı 1,1. Sabit Mesafe Poligonu,0,99.76,15.746,LAZER
2026-09-24 20:03:32,Atıcı 1,1. Sabit Mesafe Poligonu,0,100.18,16.166,LAZER
2026-09-24 20:03:32,Atıcı 1,1. Sabit Mesafe Poligonu,50,24.7,16.797,LAZER
2026-09-24 20:03:33,Atıcı 1,1. Sabit Mesafe Poligonu,0,107.94,0.34,LAZER
2026-09-24 20:03:33,Atıcı 1,1. Sabit Mesafe Poligonu,0,118.19,0.636,LAZER
2026-09-24 20:03:34,Atıcı 1,1. Sabit Mesafe Poligonu,0,119.62,1.265,LAZER
2026-09-24 20:03:34,Atıcı 1,1. Sabit Mesafe Poligonu,0,117.05,1.555,LAZER
2026-09-24 20:03:34,Atıcı 1,1. Sabit Mesafe Poligonu,0,118.85,1.848,LAZER
2026-09-24 20:03:35,Atıcı 1,1. Sabit Mesafe Poligonu,75,14.87,2.177,LAZER
2026-09-24 20:03:35,Atıcı 1,1. Sabit Mesafe Poligonu,100,8.25,0.335,LAZER
2026-09-24 20:03:35,Atıcı 1,1. Sabit Mesafe Poligonu,100,8.06,0.293,LAZER
2026-09-24 20:03:35,Atıcı 1,1. Sabit Mesafe Poligonu,100,5.83,0.292,LAZER
2026-09-24 20:03:36,Atıcı 1,1. Sabit Mesafe Poligonu,0,119.62,0.336,LAZER
2026-09-24 20:03:36,Atıcı 1,1. Sabit Mesafe Poligonu,100,5.83,0.667,LAZER
2026-09-24 20:03:37,Atıcı 1,1. Sabit Mesafe Poligonu,0,120.83,0.423,LAZER
2026-09-24 20:03:37,Atıcı 1,1. Sabit Mesafe Poligonu,100,4.24,0.798,LAZER
2026-09-24 20:03:37,Atıcı 1,1. Sabit Mesafe Poligonu,100,2.24,0.54,LAZER
2026-09-24 20:03:38,Atıcı 1,1. Sabit Mesafe Poligonu,0,123.57,0.871,LAZER
2026-09-24 20:03:39,Atıcı 1,1. Sabit Mesafe Poligonu,0,295.27,1.75,LAZER
2026-09-24 20:03:39,Atıcı 1,1. Sabit Mesafe Poligonu,0,129.03,2.043,LAZER
2026-09-24 20:03:40,Atıcı 1,1. Sabit Mesafe Poligonu,25,43.1,2.375,LAZER
2026-09-24 20:03:41,Atıcı 1,1. Sabit Mesafe Poligonu,0,130.78,0.829,LAZER
2026-09-24 20:03:41,Atıcı 1,1. Sabit Mesafe Poligonu,0,296.08,1.207,LAZER
2026-09-24 20:03:42,Atıcı 1,1. Sabit Mesafe Poligonu,0,133.42,1.873,LAZER
2026-09-24 20:03:44,Atıcı 1,1. Sabit Mesafe Poligonu,0,107.71,3.758,LAZER
2026-09-24 20:03:45,Atıcı 1,1. Sabit Mesafe Poligonu,0,124.04,5.061,LAZER
2026-09-24 20:03:46,Atıcı 1,1. Sabit Mesafe Poligonu,0,115.45,5.938,LAZER
2026-09-24 20:03:46,Atıcı 1,1. Sabit Mesafe Poligonu,0,113.22,6.245,LAZER
2026-09-24 20:03:47,Atıcı 1,1. Sabit Mesafe Poligonu,0,101.97,6.988,LAZER
2026-09-24 20:03:47,Atıcı 1,1. Sabit Mesafe Poligonu,0,114.63,7.294,LAZER
2026-09-24 20:03:48,Atıcı 1,1. Sabit Mesafe Poligonu,0,110.92,7.731,LAZER
2026-09-24 20:03:48,Atıcı 1,1. Sabit Mesafe Poligonu,0,106.44,8.153,LAZER
2026-09-24 20:03:49,Atıcı 1,1. Sabit Mesafe Poligonu,0,294.93,8.697,LAZER
2026-09-24 20:03:49,Atıcı 1,1. Sabit Mesafe Poligonu,0,303.21,9.653,LAZER
2026-09-24 20:03:50,Atıcı 1,1. Sabit Mesafe Poligonu,0,291.43,9.939,LAZER
2026-09-24 20:03:50,Atıcı 1,1. Sabit Mesafe Poligonu,0,165.61,10.635,LAZER
2026-09-24 20:03:51,Atıcı 1,1. Sabit Mesafe Poligonu,0,113.3,10.927,LAZER
2026-09-24 20:03:51,Atıcı 1,1. Sabit Mesafe Poligonu,50,24.17,11.303,LAZER
2026-09-24 20:03:51,Atıcı 1,1. Sabit Mesafe Poligonu,50,31.78,0.295,LAZER
2026-09-24 20:03:52,Atıcı 1,1. Sabit Mesafe Poligonu,50,32.65,0.578,LAZER
2026-09-24 20:03:52,Atıcı 1,1. Sabit Mesafe Poligonu,50,31.78,0.292,LAZER
2026-09-24 20:03:53,Atıcı 1,1. Sabit Mesafe Poligonu,50,34.54,0.293,LAZER
2026-09-24 20:03:53,Atıcı 1,1. Sabit Mesafe Poligonu,50,36.4,0.294,LAZER
2026-09-24 20:03:53,Atıcı 1,1. Sabit Mesafe Poligonu,50,27.2,0.374,LAZER
2026-09-24 20:03:54,Atıcı 1,1. Sabit Mesafe Poligonu,50,30.02,0.3,LAZER
2026-09-24 20:03:54,Atıcı 1,1. Sabit Mesafe Poligonu,0,46.65,0.294,LAZER
2026-09-24 20:03:54,Atıcı 1,1. Sabit Mesafe Poligonu,0,46.52,0.669,LAZER
2026-09-24 20:03:55,Atıcı 1,1. Sabit Mesafe Poligonu,25,39.62,1.129,LAZER
2026-09-24 20:03:55,Atıcı 1,1. Sabit Mesafe Poligonu,25,40.05,0.333,LAZER
2026-09-24 20:03:55,Atıcı 1,1. Sabit Mesafe Poligonu,25,39.12,0.335,LAZER
2026-09-24 20:03:56,Atıcı 1,1. Sabit Mesafe Poligonu,0,48.6,0.29,LAZER
2026-09-24 20:03:56,Atıcı 1,1. Sabit Mesafe Poligonu,0,47.17,0.707,LAZER
2026-09-24 20:03:56,Atıcı 1,1. Sabit Mesafe Poligonu,0,51.48,1.124,LAZER
2026-09-24 20:03:57,Atıcı 1,1. Sabit Mesafe Poligonu,50,24.74,1.501,LAZER
2026-09-24 20:03:57,Atıcı 1,1. Sabit Mesafe Poligonu,50,33.54,0.331,LAZER
2026-09-24 20:03:58,Atıcı 1,1. Sabit Mesafe Poligonu,25,39.62,0.375,LAZER
2026-09-24 20:03:58,Atıcı 1,1. Sabit Mesafe Poligonu,0,83.24,0.331,LAZER
2026-09-24 20:03:59,Atıcı 1,1. Sabit Mesafe Poligonu,0,135.62,1.203,LAZER
2026-09-24 20:03:59,Atıcı 1,1. Sabit Mesafe Poligonu,25,42.15,1.621,LAZER
2026-09-24 20:04:00,Atıcı 1,1. Sabit Mesafe Poligonu,0,66.37,0.375,LAZER
2026-09-24 20:04:00,Atıcı 1,1. Sabit Mesafe Poligonu,0,135.92,1.281,LAZER
2026-09-24 20:04:01,Atıcı 1,1. Sabit Mesafe Poligonu,0,132.42,1.617,LAZER
2026-09-24 20:04:01,Atıcı 1,1. Sabit Mesafe Poligonu,0,142.62,2.204,LAZER
2026-09-24 20:04:02,Atıcı 1,1. Sabit Mesafe Poligonu,0,145.46,2.497,LAZER
2026-09-24 20:04:02,Atıcı 1,1. Sabit Mesafe Poligonu,0,148.93,2.79,LAZER
2026-09-24 20:04:02,Atıcı 1,1. Sabit Mesafe Poligonu,0,150.99,3.238,LAZER
2026-09-24 20:04:03,Atıcı 1,1. Sabit Mesafe Poligonu,0,155.08,4.102,LAZER
2026-09-24 20:04:04,Atıcı 1,1. Sabit Mesafe Poligonu,0,155.24,4.399,LAZER
2026-09-24 20:04:04,Atıcı 1,1. Sabit Mesafe Poligonu,0,156.37,4.913,LAZER
2026-09-24 20:04:04,Atıcı 1,1. Sabit Mesafe Poligonu,0,154.51,5.253,LAZER
2026-09-24 20:04:05,Atıcı 1,1. Sabit Mesafe Poligonu,0,173.9,5.713,LAZER
2026-09-24 20:04:05,Atıcı 1,1. Sabit Mesafe Poligonu,0,176.41,6.004,LAZER
2026-09-24 20:04:06,Atıcı 1,1. Sabit Mesafe Poligonu,0,183.58,6.339,LAZER
2026-09-24 20:04:06,Atıcı 1,1. Sabit Mesafe Poligonu,0,148.56,6.879,LAZER
2026-09-24 20:04:06,Atıcı 1,1. Sabit Mesafe Poligonu,0,160.88,7.217,LAZER
2026-09-24 20:04:07,Atıcı 1,1. Sabit Mesafe Poligonu,0,125.73,7.796,LAZER
2026-09-24 20:04:07,Atıcı 1,1. Sabit Mesafe Poligonu,0,115.52,8.25,LAZER
2026-09-24 20:04:08,Atıcı 1,1. Sabit Mesafe Poligonu,0,148.19,8.704,LAZER
2026-09-24 20:04:08,Atıcı 1,1. Sabit Mesafe Poligonu,0,148.19,8.998,LAZER
2026-09-24 20:04:09,Atıcı 1,1. Sabit Mesafe Poligonu,0,93.04,9.952,LAZER
2026-09-24 20:04:10,Atıcı 1,1. Sabit Mesafe Poligonu,0,296.9,10.494,LAZER
2026-09-24 20:04:11,Atıcı 1,1. Sabit Mesafe Poligonu,0,53.41,11.924,LAZER
2026-09-24 20:04:12,Atıcı 1,1. Sabit Mesafe Poligonu,25,44.78,12.551,LAZER
2026-09-24 20:04:12,Atıcı 1,1. Sabit Mesafe Poligonu,0,295.27,0.334,LAZER
2026-09-24 20:04:13,Atıcı 1,1. Sabit Mesafe Poligonu,75,19.21,0.914,LAZER
2026-09-24 20:04:13,Atıcı 1,1. Sabit Mesafe Poligonu,75,12.21,0.289,LAZER
2026-09-24 20:04:13,Atıcı 1,1. Sabit Mesafe Poligonu,75,17.03,0.374,LAZER
2026-09-24 20:04:14,Atıcı 1,1. Sabit Mesafe Poligonu,75,11.05,0.745,LAZER
2026-09-24 20:04:15,Atıcı 1,1. Sabit Mesafe Poligonu,0,60.41,0.581,LAZER
2026-09-24 20:04:15,Atıcı 1,1. Sabit Mesafe Poligonu,0,295.27,1.034,LAZER
2026-09-24 20:04:15,Atıcı 1,1. Sabit Mesafe Poligonu,0,103.08,1.41,LAZER
2026-09-24 20:04:17,Atıcı 1,7. Gece Görüş & Taktik Fener,0,152.5,0.375,LAZER
2026-09-24 20:04:17,Atıcı 1,7. Gece Görüş & Taktik Fener,0,165.52,0.813,LAZER
2026-09-24 20:04:17,Atıcı 1,7. Gece Görüş & Taktik Fener,150,24.76,1.109,LAZER
2026-09-24 20:04:18,Atıcı 1,7. Gece Görüş & Taktik Fener,0,174.91,0.394,LAZER
2026-09-24 20:04:18,Atıcı 1,7. Gece Görüş & Taktik Fener,0,99.46,0.886,LAZER
2026-09-24 20:04:19,Atıcı 1,7. Gece Görüş & Taktik Fener,0,185.05,2.115,LAZER
2026-09-24 20:04:20,Atıcı 1,7. Gece Görüş & Taktik Fener,0,192.77,2.407,LAZER
2026-09-24 20:04:20,Atıcı 1,7. Gece Görüş & Taktik Fener,0,197.71,2.694,LAZER
2026-09-24 20:04:20,Atıcı 1,7. Gece Görüş & Taktik Fener,0,190.92,3.079,LAZER
2026-09-24 20:04:21,Atıcı 1,7. Gece Görüş & Taktik Fener,0,186.55,3.54,LAZER
2026-09-24 20:04:21,Atıcı 1,7. Gece Görüş & Taktik Fener,150,19.0,3.83,LAZER
2026-09-24 20:04:22,Atıcı 1,7. Gece Görüş & Taktik Fener,0,226.01,1.052,LAZER
2026-09-24 20:04:23,Atıcı 1,7. Gece Görüş & Taktik Fener,0,278.2,1.535,LAZER
2026-09-24 20:04:23,Atıcı 1,7. Gece Görüş & Taktik Fener,0,278.17,2.262,LAZER
2026-09-24 20:04:24,Atıcı 1,7. Gece Görüş & Taktik Fener,0,117.14,2.564,LAZER
2026-09-24 20:04:24,Atıcı 1,7. Gece Görüş & Taktik Fener,0,244.23,2.856,LAZER
2026-09-24 20:04:24,Atıcı 1,7. Gece Görüş & Taktik Fener,0,86.02,3.14,LAZER
2026-09-24 20:04:25,Atıcı 1,6. Düşen Çelik Plakalar (Plate Rack),0,80.08,0.248,LAZER
2026-09-24 20:04:25,Atıcı 1,6. Düşen Çelik Plakalar (Plate Rack),0,83.93,0.537,LAZER
2026-09-24 20:04:26,Atıcı 1,6. Düşen Çelik Plakalar (Plate Rack),0,34.44,1.327,LAZER
2026-09-24 20:04:26,Atıcı 1,6. Düşen Çelik Plakalar (Plate Rack),0,88.53,1.622,LAZER
2026-09-24 20:04:26,Atıcı 1,6. Düşen Çelik Plakalar (Plate Rack),0,34.99,1.936,LAZER
2026-09-24 20:04:27,Atıcı 1,6. Düşen Çelik Plakalar (Plate Rack),100,12.53,2.813,LAZER
2026-09-24 20:04:28,Atıcı 1,6. Düşen Çelik Plakalar (Plate Rack),0,105.21,3.312,LAZER
2026-09-24 20:04:28,Atıcı 1,6. Düşen Çelik Plakalar (Plate Rack),0,104.4,3.597,LAZER
2026-09-24 20:04:28,Atıcı 1,6. Düşen Çelik Plakalar (Plate Rack),0,107.65,3.977,LAZER
2026-09-24 20:04:29,Atıcı 1,6. Düşen Çelik Plakalar (Plate Rack),0,109.04,4.327,LAZER
2026-09-24 20:04:29,Atıcı 1,6. Düşen Çelik Plakalar (Plate Rack),100,21.02,4.896,LAZER
2026-09-24 20:04:30,Atıcı 1,6. Düşen Çelik Plakalar (Plate Rack),0,131.71,5.201,LAZER
2026-09-24 20:04:30,Atıcı 1,6. Düşen Çelik Plakalar (Plate Rack),0,131.71,5.536,LAZER
2026-09-24 20:04:31,Atıcı 1,6. Düşen Çelik Plakalar (Plate Rack),0,143.56,6.166,LAZER
2026-09-24 20:04:31,Atıcı 1,6. Düşen Çelik Plakalar (Plate Rack),0,131.24,7.075,LAZER
2026-09-24 20:04:32,Atıcı 1,6. Düşen Çelik Plakalar (Plate Rack),100,7.28,7.447,LAZER
2026-09-24 20:04:32,Atıcı 1,6. Düşen Çelik Plakalar (Plate Rack),0,116.28,7.754,LAZER
2026-09-24 20:04:33,Atıcı 1,6. Düşen Çelik Plakalar (Plate Rack),0,145.66,9.153,LAZER
2026-09-24 20:04:34,Atıcı 1,6. Düşen Çelik Plakalar (Plate Rack),0,59.41,9.45,LAZER
2026-09-24 20:04:34,Atıcı 1,6. Düşen Çelik Plakalar (Plate Rack),0,86.21,9.738,LAZER
2026-09-24 20:04:34,Atıcı 1,6. Düşen Çelik Plakalar (Plate Rack),0,137.93,10.032,LAZER
2026-09-24 20:04:35,Atıcı 1,6. Düşen Çelik Plakalar (Plate Rack),0,146.6,10.375,LAZER
2026-09-24 20:04:35,Atıcı 1,6. Düşen Çelik Plakalar (Plate Rack),0,137.93,10.752,LAZER
2026-09-24 20:04:35,Atıcı 1,6. Düşen Çelik Plakalar (Plate Rack),0,64.03,11.113,LAZER
2026-09-24 20:04:36,Atıcı 1,6. Düşen Çelik Plakalar (Plate Rack),0,62.51,11.454,LAZER
2026-09-24 20:04:36,Atıcı 1,6. Düşen Çelik Plakalar (Plate Rack),0,96.51,11.753,LAZER
2026-09-24 20:04:37,Atıcı 1,6. Düşen Çelik Plakalar (Plate Rack),0,51.55,12.571,LAZER
2026-09-24 20:04:37,Atıcı 1,6. Düşen Çelik Plakalar (Plate Rack),0,134.83,13.031,LAZER
2026-09-24 20:04:38,Atıcı 1,6. Düşen Çelik Plakalar (Plate Rack),100,11.7,13.32,LAZER
2026-09-24 20:04:38,Atıcı 1,6. Düşen Çelik Plakalar (Plate Rack),0,305.01,13.774,LAZER
2026-09-24 20:04:38,Atıcı 1,6. Düşen Çelik Plakalar (Plate Rack),0,270.09,14.075,LAZER
2026-09-24 20:04:39,Atıcı 1,6. Düşen Çelik Plakalar (Plate Rack),0,172.19,14.37,LAZER
2026-09-24 20:04:40,Atıcı 1,6. Düşen Çelik Plakalar (Plate Rack),0,147.67,16.083,LAZER
2026-09-24 20:04:41,Atıcı 1,6. Düşen Çelik Plakalar (Plate Rack),0,146.86,16.605,LAZER
2026-09-24 20:04:42,Atıcı 1,6. Düşen Çelik Plakalar (Plate Rack),0,247.89,17.397,LAZER
2026-09-24 20:04:42,Atıcı 1,6. Düşen Çelik Plakalar (Plate Rack),0,217.56,17.733,LAZER
2026-09-24 20:04:42,Atıcı 1,6. Düşen Çelik Plakalar (Plate Rack),0,266.81,18.023,LAZER
2026-09-24 20:04:43,Atıcı 1,6. Düşen Çelik Plakalar (Plate Rack),0,209.0,18.314,LAZER
2026-09-24 20:04:43,Atıcı 1,6. Düşen Çelik Plakalar (Plate Rack),0,226.72,18.625,LAZER
2026-09-24 20:04:43,Atıcı 1,6. Düşen Çelik Plakalar (Plate Rack),0,208.54,19.005,LAZER
2026-09-24 20:04:44,Atıcı 1,6. Düşen Çelik Plakalar (Plate Rack),0,152.98,19.717,LAZER
2026-09-24 20:04:45,Atıcı 1,6. Düşen Çelik Plakalar (Plate Rack),0,140.91,20.287,LAZER
2026-09-24 20:04:45,Atıcı 1,6. Düşen Çelik Plakalar (Plate Rack),0,111.02,20.601,LAZER
2026-09-24 20:04:45,Atıcı 1,6. Düşen Çelik Plakalar (Plate Rack),0,95.77,20.897,LAZER
2026-09-24 20:04:46,Atıcı 1,6. Düşen Çelik Plakalar (Plate Rack),0,83.26,21.199,LAZER
2026-09-24 20:04:47,Atıcı 1,8. Taktik Halka Hedef (HUD),50,73.59,0.569,LAZER
2026-09-24 20:04:47,Atıcı 1,8. Taktik Halka Hedef (HUD),30,86.45,0.893,LAZER
2026-09-24 20:04:48,Atıcı 1,8. Taktik Halka Hedef (HUD),30,89.69,1.213,LAZER
2026-09-24 20:04:49,Atıcı 1,8. Taktik Halka Hedef (HUD),0,101.53,2.215,LAZER
2026-09-24 20:04:49,Atıcı 1,8. Taktik Halka Hedef (HUD),0,101.53,2.517,LAZER
2026-09-24 20:04:49,Atıcı 1,8. Taktik Halka Hedef (HUD),0,97.2,2.913,LAZER
2026-09-24 20:04:50,Atıcı 1,8. Taktik Halka Hedef (HUD),0,101.83,3.31,LAZER
2026-09-24 20:04:50,Atıcı 1,8. Taktik Halka Hedef (HUD),30,88.6,3.922,LAZER
2026-09-24 20:04:51,Atıcı 1,8. Taktik Halka Hedef (HUD),0,99.25,4.773,LAZER
2026-09-24 20:04:52,Atıcı 1,8. Taktik Halka Hedef (HUD),60,53.71,5.054,LAZER
2026-09-24 20:04:53,Atıcı 1,8. Taktik Halka Hedef (HUD),60,58.55,6.04,LAZER
2026-09-24 20:04:53,Atıcı 1,8. Taktik Halka Hedef (HUD),80,34.21,6.807,LAZER
2026-09-24 20:04:54,Atıcı 1,8. Taktik Halka Hedef (HUD),0,98.08,7.492,LAZER
2026-09-24 20:04:55,Atıcı 1,8. Taktik Halka Hedef (HUD),90,16.0,8.201,LAZER
2026-09-24 20:04:56,Atıcı 1,8. Taktik Halka Hedef (HUD),70,50.01,9.644,LAZER
2026-09-24 20:04:57,Atıcı 1,8. Taktik Halka Hedef (HUD),30,88.09,10.075,LAZER
2026-09-24 20:04:57,Atıcı 1,8. Taktik Halka Hedef (HUD),0,102.61,10.414,LAZER
2026-09-24 20:04:58,Atıcı 1,8. Taktik Halka Hedef (HUD),0,105.8,11.055,LAZER
2026-09-24 20:04:58,Atıcı 1,8. Taktik Halka Hedef (HUD),30,89.0,11.649,LAZER
2026-09-24 20:04:59,Atıcı 1,8. Taktik Halka Hedef (HUD),0,108.19,12.274,LAZER
2026-09-24 20:04:59,Atıcı 1,8. Taktik Halka Hedef (HUD),50,76.66,12.743,LAZER
2026-09-24 20:05:00,Atıcı 1,8. Taktik Halka Hedef (HUD),60,64.13,13.026,LAZER
2026-09-24 20:05:00,Atıcı 1,8. Taktik Halka Hedef (HUD),30,80.99,13.332,LAZER
2026-09-24 20:05:00,Atıcı 1,8. Taktik Halka Hedef (HUD),90,15.3,13.639,LAZER
2026-09-24 20:05:00,Atıcı 1,8. Taktik Halka Hedef (HUD),60,58.31,13.987,LAZER
2026-09-24 20:05:01,Atıcı 1,8. Taktik Halka Hedef (HUD),80,36.01,14.381,LAZER
2026-09-24 20:05:01,Atıcı 1,8. Taktik Halka Hedef (HUD),70,38.6,14.688,LAZER
2026-09-24 20:05:01,Atıcı 1,8. Taktik Halka Hedef (HUD),80,24.02,14.995,LAZER
2026-09-24 20:05:02,Atıcı 1,8. Taktik Halka Hedef (HUD),50,65.12,15.988,LAZER
2026-09-24 20:05:03,Atıcı 1,8. Taktik Halka Hedef (HUD),30,85.28,16.862,LAZER
2026-09-24 20:05:04,Atıcı 1,8. Taktik Halka Hedef (HUD),0,93.38,17.253,LAZER
2026-09-24 20:05:04,Atıcı 1,8. Taktik Halka Hedef (HUD),50,76.54,17.603,LAZER
2026-09-24 20:05:04,Atıcı 1,8. Taktik Halka Hedef (HUD),0,102.62,17.913,LAZER
2026-09-24 20:05:05,Atıcı 1,8. Taktik Halka Hedef (HUD),0,107.65,18.219,LAZER
2026-09-24 20:05:05,Atıcı 1,8. Taktik Halka Hedef (HUD),0,96.66,18.53,LAZER
2026-09-24 20:05:06,Atıcı 1,8. Taktik Halka Hedef (HUD),70,36.89,19.801,PARMAK
2026-09-24 20:05:07,Atıcı 1,8. Taktik Halka Hedef (HUD),0,93.64,20.373,PARMAK
2026-09-24 20:05:08,Atıcı 1,8. Taktik Halka Hedef (HUD),90,22.47,21.045,PARMAK
2026-09-24 20:05:08,Atıcı 1,8. Taktik Halka Hedef (HUD),100,6.0,21.918,PARMAK
2026-09-24 20:05:09,Atıcı 1,8. Taktik Halka Hedef (HUD),70,49.98,22.404,PARMAK
2026-09-24 20:05:11,Atıcı 1,KAGIT_1. Taktik ,10,10,203.94,MOUSE
2026-09-24 20:05:11,Atıcı 1,KAGIT_1. Taktik ,10,10,204.15,MOUSE
2026-09-24 20:05:12,Atıcı 1,KAGIT_1. Taktik ,4,10,204.99,PARMAK
2026-09-24 20:05:17,Atıcı 1,KAGIT_1. Taktik ,6,10,210.56,MOUSE
2026-09-24 20:05:18,Atıcı 1,KAGIT_1. Taktik ,6,10,210.79,MOUSE
2026-09-24 20:05:18,Atıcı 1,KAGIT_1. Taktik ,3,10,211.33,MOUSE
2026-09-24 20:05:18,Atıcı 1,KAGIT_1. Taktik ,3,10,211.55,MOUSE
2026-09-24 20:05:20,Atıcı 1,KAGIT_2. ISSF Ol,6,10,0.57,MOUSE
2026-09-24 20:05:20,Atıcı 1,KAGIT_2. ISSF Ol,6,10,0.8,MOUSE
2026-09-24 20:05:21,Atıcı 1,KAGIT_2. ISSF Ol,9,10,1.41,MOUSE
2026-09-24 20:05:21,Atıcı 1,KAGIT_2. ISSF Ol,9,10,1.62,MOUSE
2026-09-24 20:05:22,Atıcı 1,KAGIT_2. ISSF Ol,9,10,2.02,MOUSE
2026-09-24 20:05:22,Atıcı 1,KAGIT_2. ISSF Ol,9,10,2.23,MOUSE
2026-09-24 20:05:23,Atıcı 1,KAGIT_2. ISSF Ol,5,10,2.97,MOUSE
2026-09-24 20:05:23,Atıcı 1,KAGIT_2. ISSF Ol,5,10,3.19,MOUSE
2026-09-24 20:05:26,Atıcı 1,KAGIT_2. ISSF Ol,9,10,6.1,FPS_SERBEST
2026-09-24 20:05:27,Atıcı 1,KAGIT_2. ISSF Ol,10,10,7.85,FPS_ZOOM
2026-09-24 20:05:28,Atıcı 1,KAGIT_2. ISSF Ol,6,10,8.6,FPS_ZOOM
2026-09-24 20:05:29,Atıcı 1,KAGIT_2. ISSF Ol,8,10,9.19,PARMAK
2026-09-24 20:05:38,Atıcı 1,KAGIT_2. ISSF Ol,1,10,18.96,PARMAK
2026-09-24 20:05:52,Atıcı 1,KAGIT_2. ISSF Ol,8,10,32.77,PARMAK
2026-09-24 20:06:22,Atıcı 1,KAGIT_2. ISSF Ol,7,10,62.87,PARMAK
2026-09-24 20:06:23,Atıcı 1,KAGIT_2. ISSF Ol,4,10,63.06,PARMAK
2026-09-24 20:06:42,Atıcı 1,KAGIT_2. ISSF Ol,2,10,82.4,PARMAK
2026-09-24 20:06:42,Atıcı 1,KAGIT_2. ISSF Ol,2,10,82.66,PARMAK
2026-09-24 20:06:43,Atıcı 1,KAGIT_2. ISSF Ol,2,10,83.39,PARMAK
2026-09-24 20:06:43,Atıcı 1,KAGIT_2. ISSF Ol,0,10,83.6,PARMAK
2026-09-24 20:06:44,Atıcı 1,KAGIT_2. ISSF Ol,0,10,84.04,PARMAK
2026-09-24 20:06:44,Atıcı 1,KAGIT_2. ISSF Ol,0,10,84.3,PARMAK
2026-09-24 20:06:44,Atıcı 1,KAGIT_2. ISSF Ol,0,10,84.51,PARMAK
2026-09-24 20:06:46,Atıcı 1,KAGIT_2. ISSF Ol,1,10,86.94,PARMAK
2026-09-24 20:06:48,Atıcı 1,KAGIT_2. ISSF Ol,2,10,88.2,PARMAK
2026-09-24 20:06:52,Atıcı 1,KAGIT_2. ISSF Ol,0,10,92.84,PARMAK
2026-09-24 20:06:58,Atıcı 1,KAGIT_2. ISSF Ol,0,10,98.5,PARMAK
2026-09-24 20:07:02,Atıcı 1,KAGIT_2. ISSF Ol,1,10,102.16,PARMAK
2026-09-24 20:07:02,Atıcı 1,KAGIT_2. ISSF Ol,2,10,102.46,PARMAK
2026-09-24 20:07:02,Atıcı 1,KAGIT_2. ISSF Ol,0,10,102.76,PARMAK
2026-09-24 20:07:11,Atıcı 1,KAGIT_2. ISSF Ol,0,10,111.26,PARMAK
2026-09-24 20:07:14,Atıcı 1,KAGIT_2. ISSF Ol,0,10,113.99,PARMAK
2026-09-24 20:07:14,Atıcı 1,KAGIT_2. ISSF Ol,1,10,114.36,PARMAK
2026-09-24 20:07:22,Atıcı 1,KAGIT_2. ISSF Ol,0,10,122.27,PARMAK
2026-09-24 20:07:41,Atıcı 1,KAGIT_2. ISSF Ol,2,10,141.07,PARMAK
2026-09-24 20:07:42,Atıcı 1,KAGIT_2. ISSF Ol,0,10,142.45,PARMAK
2026-09-24 20:07:50,Atıcı 1,KAGIT_2. ISSF Ol,0,10,150.23,PARMAK
2026-09-24 20:08:12,Atıcı 1,KAGIT_2. ISSF Ol,0,10,172.7,PARMAK
2026-09-24 20:08:14,Atıcı 1,KAGIT_2. ISSF Ol,0,10,174.62,PARMAK
2026-09-24 20:08:15,Atıcı 1,KAGIT_2. ISSF Ol,0,10,175.35,PARMAK
2026-09-24 20:08:16,Atıcı 1,KAGIT_2. ISSF Ol,0,10,176.27,PARMAK
2026-09-24 20:08:16,Atıcı 1,KAGIT_2. ISSF Ol,0,10,176.48,PARMAK
2026-09-24 20:08:42,Atıcı 1,KAGIT_2. ISSF Ol,0,10,202.74,PARMAK
2026-09-24 20:08:44,Atıcı 1,KAGIT_2. ISSF Ol,2,10,204.35,PARMAK
2026-09-24 20:08:47,Atıcı 1,KAGIT_2. ISSF Ol,0,10,207.68,PARMAK
2026-09-24 20:08:48,Atıcı 1,KAGIT_2. ISSF Ol,0,10,208.95,PARMAK
2026-09-24 20:08:49,Atıcı 1,KAGIT_2. ISSF Ol,0,10,209.17,PARMAK
2026-09-24 20:08:50,Atıcı 1,KAGIT_2. ISSF Ol,0,10,210.55,PARMAK
2026-09-24 20:09:10,Atıcı 1,KAGIT_2. ISSF Ol,0,10,230.16,PARMAK
2026-09-24 20:09:12,Atıcı 1,KAGIT_2. ISSF Ol,0,10,232.12,PARMAK
2026-09-24 20:09:14,Atıcı 1,KAGIT_2. ISSF Ol,0,10,233.98,PARMAK
2026-09-24 20:09:14,Atıcı 1,KAGIT_2. ISSF Ol,0,10,234.16,PARMAK
2026-09-24 20:09:14,Atıcı 1,KAGIT_2. ISSF Ol,0,10,234.95,PARMAK
2026-09-24 20:09:16,Atıcı 1,KAGIT_2. ISSF Ol,0,10,236.08,PARMAK
2026-09-24 20:09:17,Atıcı 1,KAGIT_2. ISSF Ol,0,10,237.14,PARMAK
2026-09-24 20:09:19,Atıcı 1,KAGIT_2. ISSF Ol,0,10,239.83,PARMAK
2026-09-24 20:09:20,Atıcı 1,KAGIT_2. ISSF Ol,0,10,240.62,PARMAK
2026-09-24 20:09:21,Atıcı 1,KAGIT_2. ISSF Ol,0,10,241.18,PARMAK
2026-09-24 20:09:22,Atıcı 1,KAGIT_2. ISSF Ol,0,10,242.27,PARMAK
2026-09-24 20:09:22,Atıcı 1,KAGIT_2. ISSF Ol,0,10,242.81,PARMAK
2026-09-24 20:09:23,Atıcı 1,KAGIT_2. ISSF Ol,0,10,243.11,PARMAK
2026-09-24 20:09:23,Atıcı 1,KAGIT_2. ISSF Ol,0,10,243.39,PARMAK
2026-09-24 20:09:23,Atıcı 1,KAGIT_2. ISSF Ol,0,10,243.65,PARMAK
2026-09-24 20:09:24,Atıcı 1,KAGIT_2. ISSF Ol,0,10,243.98,PARMAK
2026-09-24 20:09:26,Atıcı 1,KAGIT_2. ISSF Ol,0,10,246.63,PARMAK
2026-09-24 20:09:31,Atıcı 1,KAGIT_2. ISSF Ol,0,10,251.22,PARMAK
2026-09-24 20:09:34,Atıcı 1,KAGIT_2. ISSF Ol,0,10,254.01,PARMAK
2026-09-24 20:09:34,Atıcı 1,KAGIT_2. ISSF Ol,0,10,254.73,PARMAK
2026-09-24 20:09:37,Atıcı 1,KAGIT_2. ISSF Ol,0,10,257.27,PARMAK
2026-09-24 20:09:37,Atıcı 1,KAGIT_2. ISSF Ol,0,10,257.61,PARMAK
2026-09-24 20:09:38,Atıcı 1,KAGIT_2. ISSF Ol,0,10,258.54,PARMAK
2026-09-24 20:09:44,Atıcı 1,KAGIT_2. ISSF Ol,0,10,264.03,PARMAK
2026-09-24 20:09:44,Atıcı 1,KAGIT_2. ISSF Ol,0,10,264.32,PARMAK
2026-09-24 20:09:45,Atıcı 1,KAGIT_2. ISSF Ol,0,10,265.7,PARMAK
2026-09-24 20:09:46,Atıcı 1,KAGIT_2. ISSF Ol,0,10,266.93,PARMAK
2026-09-24 20:09:50,Atıcı 1,KAGIT_2. ISSF Ol,0,10,270.22,PARMAK
2026-09-24 20:09:51,Atıcı 1,KAGIT_2. ISSF Ol,0,10,271.07,PARMAK
2026-09-24 20:19:01,Atıcı 1,1. Sabit Mesafe Poligonu,0,175.93,473.19,LAZER
2026-09-24 20:19:01,Atıcı 1,1. Sabit Mesafe Poligonu,0,236.86,473.903,LAZER
2026-09-24 20:19:02,Atıcı 1,1. Sabit Mesafe Poligonu,0,237.54,474.517,LAZER
2026-09-24 20:19:02,Atıcı 1,1. Sabit Mesafe Poligonu,0,258.32,474.827,LAZER
2026-09-24 20:19:03,Atıcı 1,1. Sabit Mesafe Poligonu,0,329.85,475.449,LAZER
2026-09-24 20:19:04,Atıcı 1,1. Sabit Mesafe Poligonu,0,274.4,476.639,LAZER
2026-09-24 20:19:05,Atıcı 1,1. Sabit Mesafe Poligonu,0,220.04,476.997,LAZER
2026-09-24 20:19:14,Atıcı 1,1. Sabit Mesafe Poligonu,0,162.61,486.612,LAZER
2026-09-24 20:19:15,Atıcı 1,1. Sabit Mesafe Poligonu,0,239.35,487.7,LAZER
2026-09-24 20:19:16,Atıcı 1,1. Sabit Mesafe Poligonu,0,147.27,488.03,LAZER
2026-09-24 20:19:20,Atıcı 1,1. Sabit Mesafe Poligonu,0,96.25,492.61,LAZER
2026-09-24 20:19:20,Atıcı 1,1. Sabit Mesafe Poligonu,0,72.01,492.903,LAZER
2026-09-24 20:19:24,Atıcı 1,1. Sabit Mesafe Poligonu,0,105.48,496.423,LAZER
2026-09-24 20:19:24,Atıcı 1,1. Sabit Mesafe Poligonu,0,127.14,496.893,LAZER
2026-09-24 20:19:25,Atıcı 1,1. Sabit Mesafe Poligonu,0,116.02,497.211,LAZER
2026-09-24 20:19:26,Atıcı 1,1. Sabit Mesafe Poligonu,0,300.95,498.278,LAZER
2026-09-24 20:19:26,Atıcı 1,1. Sabit Mesafe Poligonu,0,101.13,498.639,LAZER
2026-09-24 20:19:27,Atıcı 1,1. Sabit Mesafe Poligonu,0,272.92,498.947,LAZER
2026-09-24 20:19:28,Atıcı 1,1. Sabit Mesafe Poligonu,0,274.46,500.766,LAZER
2026-09-24 20:19:29,Atıcı 1,1. Sabit Mesafe Poligonu,0,207.53,501.216,LAZER
2026-09-24 20:19:29,Atıcı 1,1. Sabit Mesafe Poligonu,0,294.46,501.508,LAZER
2026-09-24 20:19:29,Atıcı 1,1. Sabit Mesafe Poligonu,0,56.89,501.882,LAZER
2026-09-24 20:19:30,Atıcı 1,1. Sabit Mesafe Poligonu,0,56.36,502.185,LAZER
2026-09-24 20:19:30,Atıcı 1,1. Sabit Mesafe Poligonu,0,52.15,502.789,LAZER
2026-09-24 20:19:31,Atıcı 1,1. Sabit Mesafe Poligonu,25,41.18,503.368,LAZER
2026-09-24 20:19:31,Atıcı 1,1. Sabit Mesafe Poligonu,0,46.96,0.302,LAZER
2026-09-24 20:19:32,Atıcı 1,1. Sabit Mesafe Poligonu,0,50.29,0.592,LAZER
2026-09-24 20:19:32,Atıcı 1,1. Sabit Mesafe Poligonu,0,52.81,0.889,LAZER
2026-09-24 20:19:32,Atıcı 1,1. Sabit Mesafe Poligonu,0,51.26,1.178,LAZER
2026-09-24 20:19:33,Atıcı 1,1. Sabit Mesafe Poligonu,0,46.82,1.75,LAZER
2026-09-24 20:19:33,Atıcı 1,1. Sabit Mesafe Poligonu,0,46.24,2.442,LAZER
2026-09-24 20:19:34,Atıcı 1,1. Sabit Mesafe Poligonu,0,162.51,2.725,LAZER
2026-09-24 20:19:35,Atıcı 1,1. Sabit Mesafe Poligonu,0,139.03,3.714,LAZER
2026-09-24 20:19:37,Atıcı 1,1. Sabit Mesafe Poligonu,0,127.01,5.582,LAZER
2026-09-24 20:19:40,Atıcı 1,1. Sabit Mesafe Poligonu,0,50.09,8.959,LAZER
2026-09-24 20:19:40,Atıcı 1,1. Sabit Mesafe Poligonu,25,44.72,9.42,LAZER
2026-09-24 20:19:41,Atıcı 1,1. Sabit Mesafe Poligonu,0,54.92,0.578,LAZER
2026-09-24 20:19:41,Atıcı 1,1. Sabit Mesafe Poligonu,0,55.58,0.953,LAZER
2026-09-24 20:19:42,Atıcı 1,1. Sabit Mesafe Poligonu,0,69.12,1.256,LAZER
2026-09-24 20:19:43,Atıcı 1,1. Sabit Mesafe Poligonu,0,294.46,2.317,LAZER
2026-09-24 20:19:43,Atıcı 1,1. Sabit Mesafe Poligonu,0,296.08,2.808,LAZER
2026-09-24 20:19:44,Atıcı 1,1. Sabit Mesafe Poligonu,0,296.08,3.259,LAZER
2026-09-24 20:19:44,Atıcı 1,1. Sabit Mesafe Poligonu,0,56.92,3.625,LAZER
2026-09-24 20:19:44,Atıcı 1,1. Sabit Mesafe Poligonu,0,294.46,3.921,LAZER
2026-09-24 20:19:46,Atıcı 1,1. Sabit Mesafe Poligonu,0,60.73,5.168,LAZER
2026-09-24 20:19:46,Atıcı 1,1. Sabit Mesafe Poligonu,0,63.16,5.459,LAZER
2026-09-24 20:19:49,Atıcı 1,1. Sabit Mesafe Poligonu,0,61.33,8.628,LAZER
2026-09-24 20:19:49,Atıcı 1,1. Sabit Mesafe Poligonu,0,61.47,8.921,LAZER
2026-09-24 20:19:50,Atıcı 1,1. Sabit Mesafe Poligonu,0,62.1,9.289,LAZER
2026-09-24 20:19:50,Atıcı 1,1. Sabit Mesafe Poligonu,0,66.85,9.622,LAZER
2026-09-24 20:19:50,Atıcı 1,1. Sabit Mesafe Poligonu,0,66.85,9.957,LAZER
2026-09-24 20:19:51,Atıcı 1,1. Sabit Mesafe Poligonu,0,64.29,10.26,LAZER
2026-09-24 20:19:51,Atıcı 1,1. Sabit Mesafe Poligonu,0,88.53,10.914,LAZER
2026-09-24 20:19:52,Atıcı 1,1. Sabit Mesafe Poligonu,0,296.08,11.782,LAZER
2026-09-24 20:19:53,Atıcı 1,1. Sabit Mesafe Poligonu,0,296.9,12.694,LAZER
2026-09-24 20:19:54,Atıcı 1,1. Sabit Mesafe Poligonu,75,21.93,13.281,LAZER
2026-09-24 20:20:01,Atıcı 1,1. Sabit Mesafe Poligonu,100,3.61,7.266,LAZER
2026-09-24 20:20:01,Atıcı 1,1. Sabit Mesafe Poligonu,75,9.43,0.285,LAZER
2026-09-24 20:20:05,Atıcı 1,1. Sabit Mesafe Poligonu,0,167.87,3.96,LAZER
2026-09-24 20:20:06,Atıcı 1,1. Sabit Mesafe Poligonu,0,315.37,4.551,LAZER
2026-09-24 20:20:06,Atıcı 1,1. Sabit Mesafe Poligonu,0,116.36,4.968,LAZER
2026-09-24 20:20:07,Atıcı 1,1. Sabit Mesafe Poligonu,0,120.33,5.332,LAZER
2026-09-24 20:20:07,Atıcı 1,1. Sabit Mesafe Poligonu,0,112.92,5.62,LAZER
2026-09-24 20:20:07,Atıcı 1,1. Sabit Mesafe Poligonu,0,105.85,6.162,LAZER
2026-09-24 20:20:11,Atıcı 1,1. Sabit Mesafe Poligonu,0,98.49,9.761,LAZER
2026-09-24 20:20:12,Atıcı 1,1. Sabit Mesafe Poligonu,0,96.46,10.5,LAZER
2026-09-24 20:20:12,Atıcı 1,1. Sabit Mesafe Poligonu,0,106.9,10.933,LAZER
2026-09-24 20:20:13,Atıcı 1,1. Sabit Mesafe Poligonu,0,99.04,11.687,LAZER
2026-09-24 20:20:13,Atıcı 1,1. Sabit Mesafe Poligonu,0,124.91,12.018,LAZER
2026-09-24 20:20:14,Atıcı 1,1. Sabit Mesafe Poligonu,0,132.44,12.491,LAZER
2026-09-24 20:20:14,Atıcı 1,1. Sabit Mesafe Poligonu,0,127.2,12.893,LAZER
2026-09-24 20:20:14,Atıcı 1,1. Sabit Mesafe Poligonu,0,103.09,13.262,LAZER
2026-09-24 20:20:15,Atıcı 1,1. Sabit Mesafe Poligonu,0,100.32,13.735,LAZER
2026-09-24 20:20:17,Atıcı 1,1. Sabit Mesafe Poligonu,0,91.68,15.722,LAZER
2026-09-24 20:20:18,Atıcı 1,1. Sabit Mesafe Poligonu,0,93.47,16.527,LAZER
2026-09-24 20:20:19,Atıcı 1,1. Sabit Mesafe Poligonu,0,176.78,17.347,LAZER
2026-09-24 20:20:19,Atıcı 1,1. Sabit Mesafe Poligonu,0,66.12,17.645,LAZER
2026-09-24 20:20:39,Atıcı 1,1. Sabit Mesafe Poligonu,0,142.84,37.738,LAZER
2026-09-24 20:20:48,Atıcı 1,1. Sabit Mesafe Poligonu,0,343.21,46.602,LAZER
2026-09-24 20:20:48,Atıcı 1,1. Sabit Mesafe Poligonu,25,43.6,46.911,LAZER
2026-09-24 20:20:49,Atıcı 1,1. Sabit Mesafe Poligonu,0,167.34,0.537,LAZER
2026-09-24 20:20:49,Atıcı 1,1. Sabit Mesafe Poligonu,0,244.6,0.826,LAZER
2026-09-24 20:20:49,Atıcı 1,1. Sabit Mesafe Poligonu,0,261.85,1.113,LAZER
2026-09-24 20:20:50,Atıcı 1,1. Sabit Mesafe Poligonu,50,27.31,1.413,LAZER
2026-09-24 20:20:56,Atıcı 1,1. Sabit Mesafe Poligonu,0,94.54,6.779,LAZER
2026-09-24 20:20:57,Atıcı 1,1. Sabit Mesafe Poligonu,0,51.86,7.695,LAZER
2026-09-24 20:20:58,Atıcı 1,1. Sabit Mesafe Poligonu,0,294.46,8.07,LAZER
2026-09-24 20:20:58,Atıcı 1,1. Sabit Mesafe Poligonu,0,295.27,8.421,LAZER
2026-09-24 20:20:58,Atıcı 1,1. Sabit Mesafe Poligonu,0,294.87,8.926,LAZER
2026-09-24 20:21:00,Atıcı 1,1. Sabit Mesafe Poligonu,0,294.46,10.215,LAZER
2026-09-24 20:21:00,Atıcı 1,1. Sabit Mesafe Poligonu,0,295.27,10.571,LAZER
2026-09-24 20:21:01,Atıcı 1,1. Sabit Mesafe Poligonu,0,296.08,11.157,LAZER
2026-09-24 20:21:02,Atıcı 1,1. Sabit Mesafe Poligonu,0,62.03,12.249,LAZER
2026-09-24 20:21:02,Atıcı 1,1. Sabit Mesafe Poligonu,0,65.07,12.577,LAZER
2026-09-24 20:21:02,Atıcı 1,1. Sabit Mesafe Poligonu,0,68.18,12.865,LAZER
2026-09-24 20:21:03,Atıcı 1,1. Sabit Mesafe Poligonu,0,68.01,13.267,LAZER
2026-09-24 20:21:03,Atıcı 1,1. Sabit Mesafe Poligonu,0,68.01,13.735,LAZER
2026-09-24 20:21:04,Atıcı 1,1. Sabit Mesafe Poligonu,0,68.01,14.028,LAZER
2026-09-24 20:21:04,Atıcı 1,1. Sabit Mesafe Poligonu,0,68.03,14.46,LAZER
2026-09-24 20:21:05,Atıcı 1,1. Sabit Mesafe Poligonu,0,68.01,15.218,LAZER
2026-09-24 20:21:05,Atıcı 1,1. Sabit Mesafe Poligonu,0,68.0,15.783,LAZER
2026-09-24 20:21:06,Atıcı 1,1. Sabit Mesafe Poligonu,0,68.01,16.134,LAZER
2026-09-24 20:21:06,Atıcı 1,1. Sabit Mesafe Poligonu,0,64.12,16.79,LAZER
2026-09-24 20:21:07,Atıcı 1,1. Sabit Mesafe Poligonu,0,64.07,17.153,LAZER
2026-09-24 20:21:08,Atıcı 1,1. Sabit Mesafe Poligonu,0,66.0,18.206,LAZER
2026-09-24 20:21:09,Atıcı 1,1. Sabit Mesafe Poligonu,0,296.08,19.367,LAZER
2026-09-24 20:21:11,Atıcı 1,1. Sabit Mesafe Poligonu,0,62.13,21.05,LAZER
2026-09-24 20:21:12,Atıcı 1,1. Sabit Mesafe Poligonu,0,66.0,22.15,LAZER
2026-09-24 20:21:15,Atıcı 1,1. Sabit Mesafe Poligonu,0,66.01,24.987,LAZER
2026-09-24 20:21:18,Atıcı 1,1. Sabit Mesafe Poligonu,0,46.17,28.324,LAZER
2026-09-24 20:21:18,Atıcı 1,1. Sabit Mesafe Poligonu,0,46.01,28.787,LAZER
2026-09-24 20:21:19,Atıcı 1,1. Sabit Mesafe Poligonu,0,47.01,29.07,LAZER
2026-09-24 20:21:19,Atıcı 1,1. Sabit Mesafe Poligonu,0,50.96,29.352,LAZER
2026-09-24 20:21:19,Atıcı 1,1. Sabit Mesafe Poligonu,0,52.01,29.637,LAZER
2026-09-24 20:21:20,Atıcı 1,1. Sabit Mesafe Poligonu,0,52.01,30.166,LAZER
2026-09-24 20:21:21,Atıcı 1,1. Sabit Mesafe Poligonu,50,35.74,31.957,LAZER
2026-09-24 20:21:22,Atıcı 1,1. Sabit Mesafe Poligonu,50,36.06,0.873,LAZER
2026-09-24 20:21:23,Atıcı 1,1. Sabit Mesafe Poligonu,25,38.12,0.395,LAZER
2026-09-24 20:21:23,Atıcı 1,1. Sabit Mesafe Poligonu,25,37.36,0.298,LAZER
2026-09-24 20:21:24,Atıcı 1,1. Sabit Mesafe Poligonu,50,36.12,1.036,LAZER
2026-09-24 20:21:25,Atıcı 1,1. Sabit Mesafe Poligonu,25,38.21,0.621,LAZER
2026-09-24 20:21:25,Atıcı 1,1. Sabit Mesafe Poligonu,25,38.01,0.291,LAZER
2026-09-24 20:21:25,Atıcı 1,1. Sabit Mesafe Poligonu,25,38.28,0.392,LAZER
2026-09-24 20:21:26,Atıcı 1,1. Sabit Mesafe Poligonu,50,33.06,0.289,LAZER
2026-09-24 20:21:26,Atıcı 1,1. Sabit Mesafe Poligonu,50,26.31,0.358,LAZER
2026-09-24 20:21:26,Atıcı 1,1. Sabit Mesafe Poligonu,50,28.64,0.287,LAZER
2026-09-24 20:21:27,Atıcı 1,1. Sabit Mesafe Poligonu,50,28.44,0.397,LAZER
2026-09-24 20:21:27,Atıcı 1,1. Sabit Mesafe Poligonu,50,26.31,0.396,LAZER
2026-09-24 20:21:27,Atıcı 1,1. Sabit Mesafe Poligonu,50,26.17,0.329,LAZER
2026-09-24 20:21:28,Atıcı 1,1. Sabit Mesafe Poligonu,50,26.08,0.284,LAZER
2026-09-24 20:21:28,Atıcı 1,1. Sabit Mesafe Poligonu,50,28.64,0.305,LAZER
2026-09-24 20:21:28,Atıcı 1,1. Sabit Mesafe Poligonu,0,48.33,0.323,LAZER
2026-09-24 20:21:29,Atıcı 1,1. Sabit Mesafe Poligonu,0,126.18,0.718,LAZER
2026-09-24 20:21:29,Atıcı 1,1. Sabit Mesafe Poligonu,0,78.45,1.191,LAZER
2026-09-24 20:21:30,Atıcı 1,1. Sabit Mesafe Poligonu,0,73.68,1.847,LAZER
2026-09-24 20:21:31,Atıcı 1,1. Sabit Mesafe Poligonu,0,66.61,2.741,LAZER
2026-09-24 20:21:31,Atıcı 1,1. Sabit Mesafe Poligonu,0,74.28,3.025,LAZER
2026-09-24 20:21:31,Atıcı 1,1. Sabit Mesafe Poligonu,0,85.15,3.361,LAZER
2026-09-24 20:21:32,Atıcı 1,1. Sabit Mesafe Poligonu,0,55.73,3.648,LAZER
2026-09-24 20:21:32,Atıcı 1,1. Sabit Mesafe Poligonu,0,56.04,4.116,LAZER
2026-09-24 20:21:34,Atıcı 1,1. Sabit Mesafe Poligonu,0,156.78,6.003,LAZER
2026-09-24 20:21:35,Atıcı 1,1. Sabit Mesafe Poligonu,0,262.94,7.324,LAZER
2026-09-24 20:21:38,Atıcı 1,1. Sabit Mesafe Poligonu,0,296.9,9.66,LAZER
2026-09-24 20:21:39,Atıcı 1,1. Sabit Mesafe Poligonu,0,296.66,10.792,LAZER
2026-09-24 20:21:40,Atıcı 1,1. Sabit Mesafe Poligonu,0,62.65,12.427,LAZER
2026-09-24 20:21:41,Atıcı 1,1. Sabit Mesafe Poligonu,0,62.13,13.012,LAZER
2026-09-24 20:21:41,Atıcı 1,1. Sabit Mesafe Poligonu,0,62.13,13.301,LAZER
2026-09-24 20:21:42,Atıcı 1,1. Sabit Mesafe Poligonu,0,62.51,13.741,LAZER
2026-09-24 20:21:42,Atıcı 1,1. Sabit Mesafe Poligonu,0,61.29,14.101,LAZER
2026-09-24 20:21:43,Atıcı 1,1. Sabit Mesafe Poligonu,0,64.5,14.502,LAZER
2026-09-24 20:21:44,Atıcı 1,1. Sabit Mesafe Poligonu,0,60.13,16.176,LAZER
2026-09-24 20:21:45,Atıcı 1,1. Sabit Mesafe Poligonu,0,64.5,16.98,LAZER
2026-09-24 20:21:45,Atıcı 1,1. Sabit Mesafe Poligonu,0,66.48,17.377,LAZER
2026-09-24 20:21:46,Atıcı 1,1. Sabit Mesafe Poligonu,0,64.63,17.812,LAZER
2026-09-24 20:21:47,Atıcı 1,1. Sabit Mesafe Poligonu,0,64.03,18.611,LAZER
2026-09-24 20:21:48,Atıcı 1,1. Sabit Mesafe Poligonu,0,295.27,19.741,LAZER
2026-09-24 20:21:49,Atıcı 1,1. Sabit Mesafe Poligonu,0,60.3,20.478,LAZER
2026-09-24 20:21:49,Atıcı 1,1. Sabit Mesafe Poligonu,0,62.03,20.941,LAZER
2026-09-24 20:21:50,Atıcı 1,1. Sabit Mesafe Poligonu,0,64.38,21.48,LAZER
2026-09-24 20:21:50,Atıcı 1,1. Sabit Mesafe Poligonu,0,66.48,21.88,LAZER
2026-09-24 20:21:51,Atıcı 1,1. Sabit Mesafe Poligonu,0,66.12,22.542,LAZER
2026-09-24 20:21:51,Atıcı 1,1. Sabit Mesafe Poligonu,0,68.36,22.823,LAZER
2026-09-24 20:21:53,Atıcı 1,1. Sabit Mesafe Poligonu,0,55.08,25.083,LAZER
2026-09-24 20:21:53,Atıcı 1,1. Sabit Mesafe Poligonu,0,61.03,25.445,LAZER
2026-09-24 20:21:54,Atıcı 1,1. Sabit Mesafe Poligonu,0,64.03,25.832,LAZER
2026-09-24 20:21:54,Atıcı 1,1. Sabit Mesafe Poligonu,0,68.18,26.262,LAZER
2026-09-24 20:21:56,Atıcı 1,1. Sabit Mesafe Poligonu,0,63.13,28.248,LAZER
2026-09-24 20:21:57,Atıcı 1,1. Sabit Mesafe Poligonu,0,62.03,29.32,LAZER
2026-09-24 20:21:58,Atıcı 1,1. Sabit Mesafe Poligonu,0,65.28,29.674,LAZER
2026-09-24 20:21:58,Atıcı 1,1. Sabit Mesafe Poligonu,0,67.48,29.96,LAZER
2026-09-24 20:21:59,Atıcı 1,1. Sabit Mesafe Poligonu,0,64.63,30.876,LAZER
2026-09-24 20:22:01,Atıcı 1,1. Sabit Mesafe Poligonu,0,66.27,33.098,LAZER
2026-09-24 20:22:01,Atıcı 1,1. Sabit Mesafe Poligonu,0,88.84,33.412,LAZER
2026-09-24 20:22:03,Atıcı 1,1. Sabit Mesafe Poligonu,0,111.02,35.065,LAZER
2026-09-24 20:22:03,Atıcı 1,1. Sabit Mesafe Poligonu,0,110.72,35.414,LAZER
2026-09-24 20:22:05,Atıcı 1,1. Sabit Mesafe Poligonu,0,119.87,36.794,LAZER
2026-09-24 20:22:05,Atıcı 1,1. Sabit Mesafe Poligonu,0,113.84,37.117,LAZER
2026-09-24 20:22:06,Atıcı 1,1. Sabit Mesafe Poligonu,0,119.87,37.917,LAZER
2026-09-24 20:22:09,Atıcı 1,1. Sabit Mesafe Poligonu,0,330.65,41.184,LAZER
2026-09-24 20:22:16,Atıcı 1,1. Sabit Mesafe Poligonu,0,79.25,47.777,LAZER
2026-09-24 20:22:16,Atıcı 1,1. Sabit Mesafe Poligonu,0,76.69,48.216,LAZER
2026-09-24 20:22:18,Atıcı 1,1. Sabit Mesafe Poligonu,0,70.46,50.027,LAZER
2026-09-24 20:22:19,Atıcı 1,1. Sabit Mesafe Poligonu,0,76.53,50.862,LAZER
2026-09-24 20:22:21,Atıcı 1,1. Sabit Mesafe Poligonu,0,294.46,52.792,LAZER
2026-09-24 20:22:22,Atıcı 1,1. Sabit Mesafe Poligonu,0,66.48,53.819,LAZER
2026-09-24 20:22:22,Atıcı 1,1. Sabit Mesafe Poligonu,0,66.0,54.35,LAZER
2026-09-24 20:22:23,Atıcı 1,1. Sabit Mesafe Poligonu,0,70.86,55.265,LAZER
2026-09-24 20:22:24,Atıcı 1,1. Sabit Mesafe Poligonu,0,66.48,56.424,LAZER
2026-09-24 20:22:25,Atıcı 1,1. Sabit Mesafe Poligonu,0,67.12,56.928,LAZER
2026-09-24 20:22:25,Atıcı 1,1. Sabit Mesafe Poligonu,0,66.12,57.253,LAZER
2026-09-24 20:22:26,Atıcı 1,1. Sabit Mesafe Poligonu,0,72.44,58.353,LAZER
2026-09-24 20:22:27,Atıcı 1,1. Sabit Mesafe Poligonu,0,72.11,59.222,LAZER
2026-09-24 20:22:28,Atıcı 1,1. Sabit Mesafe Poligonu,0,70.26,59.696,LAZER
2026-09-24 20:22:29,Atıcı 1,1. Sabit Mesafe Poligonu,0,72.69,61.016,LAZER
2026-09-24 20:22:31,Atıcı 1,1. Sabit Mesafe Poligonu,0,76.48,62.838,LAZER
2026-09-24 20:22:31,Atıcı 1,1. Sabit Mesafe Poligonu,0,62.51,63.188,LAZER
2026-09-24 20:22:32,Atıcı 1,1. Sabit Mesafe Poligonu,0,66.37,63.654,LAZER
2026-09-24 20:22:34,Atıcı 1,1. Sabit Mesafe Poligonu,0,66.0,66.06,LAZER
2026-09-24 20:22:34,Atıcı 1,1. Sabit Mesafe Poligonu,0,77.39,66.426,LAZER
2026-09-24 20:22:35,Atıcı 1,1. Sabit Mesafe Poligonu,0,66.0,66.978,LAZER
2026-09-24 20:22:40,Atıcı 1,1. Sabit Mesafe Poligonu,0,74.06,72.025,LAZER
2026-09-24 20:22:42,Atıcı 1,1. Sabit Mesafe Poligonu,0,74.11,73.518,LAZER
2026-09-24 20:22:42,Atıcı 1,1. Sabit Mesafe Poligonu,0,76.16,73.812,LAZER
2026-09-24 20:22:43,Atıcı 1,1. Sabit Mesafe Poligonu,0,69.03,74.525,LAZER
2026-09-24 20:22:45,Atıcı 1,1. Sabit Mesafe Poligonu,0,72.17,77.341,LAZER
2026-09-24 20:22:49,Atıcı 1,1. Sabit Mesafe Poligonu,0,70.46,81.227,LAZER
2026-09-24 20:22:50,Atıcı 1,1. Sabit Mesafe Poligonu,0,72.25,81.95,LAZER
2026-09-24 20:22:51,Atıcı 1,1. Sabit Mesafe Poligonu,0,78.16,83.116,LAZER
2026-09-24 20:22:52,Atıcı 1,1. Sabit Mesafe Poligonu,0,76.01,83.964,LAZER
2026-09-24 20:22:53,Atıcı 1,1. Sabit Mesafe Poligonu,0,70.35,84.647,LAZER
2026-09-24 20:22:59,Atıcı 1,1. Sabit Mesafe Poligonu,0,47.42,90.647,LAZER
2026-09-24 20:22:59,Atıcı 1,1. Sabit Mesafe Poligonu,25,43.38,91.225,LAZER
2026-09-24 20:23:00,Atıcı 1,1. Sabit Mesafe Poligonu,0,51.62,0.401,LAZER
2026-09-24 20:23:00,Atıcı 1,1. Sabit Mesafe Poligonu,0,56.04,0.692,LAZER
2026-09-24 20:23:00,Atıcı 1,1. Sabit Mesafe Poligonu,0,52.01,1.024,LAZER
2026-09-24 20:23:01,Atıcı 1,1. Sabit Mesafe Poligonu,0,49.73,2.117,LAZER
2026-09-24 20:23:02,Atıcı 1,1. Sabit Mesafe Poligonu,0,48.08,2.49,LAZER
2026-09-24 20:23:02,Atıcı 1,1. Sabit Mesafe Poligonu,0,48.17,2.82,LAZER
2026-09-24 20:23:02,Atıcı 1,1. Sabit Mesafe Poligonu,0,51.92,3.209,LAZER
2026-09-24 20:23:03,Atıcı 1,1. Sabit Mesafe Poligonu,0,53.6,3.563,LAZER
2026-09-24 20:23:03,Atıcı 1,1. Sabit Mesafe Poligonu,0,55.54,3.859,LAZER
2026-09-24 20:23:03,Atıcı 1,1. Sabit Mesafe Poligonu,0,57.72,4.152,LAZER
2026-09-24 20:23:04,Atıcı 1,1. Sabit Mesafe Poligonu,0,61.19,4.624,LAZER
2026-09-24 20:23:04,Atıcı 1,1. Sabit Mesafe Poligonu,0,60.83,4.953,LAZER
2026-09-24 20:23:05,Atıcı 1,1. Sabit Mesafe Poligonu,0,58.46,5.925,LAZER
2026-09-24 20:23:06,Atıcı 1,1. Sabit Mesafe Poligonu,0,103.81,6.267,LAZER
2026-09-24 20:23:06,Atıcı 1,1. Sabit Mesafe Poligonu,0,128.08,6.566,LAZER
2026-09-24 20:23:07,Atıcı 1,1. Sabit Mesafe Poligonu,0,137.74,7.798,LAZER
2026-09-24 20:23:07,Atıcı 1,1. Sabit Mesafe Poligonu,0,217.22,8.114,LAZER
2026-09-24 20:23:08,Atıcı 1,1. Sabit Mesafe Poligonu,0,235.08,8.516,LAZER
2026-09-24 20:23:08,Atıcı 1,1. Sabit Mesafe Poligonu,0,141.95,8.816,LAZER
2026-09-24 20:23:11,Atıcı 1,1. Sabit Mesafe Poligonu,0,191.67,12.136,LAZER
2026-09-24 20:23:14,Atıcı 1,1. Sabit Mesafe Poligonu,0,119.22,15.084,LAZER
2026-09-24 20:23:15,Atıcı 1,1. Sabit Mesafe Poligonu,0,119.02,15.41,LAZER
2026-09-24 20:23:16,Atıcı 1,1. Sabit Mesafe Poligonu,0,194.74,16.604,LAZER
2026-09-24 20:23:24,Atıcı 1,1. Sabit Mesafe Poligonu,0,184.62,24.715,LAZER
2026-09-24 20:23:37,Atıcı 1,1. Sabit Mesafe Poligonu,0,182.99,38.144,LAZER
2026-09-24 20:23:38,Atıcı 1,1. Sabit Mesafe Poligonu,0,182.15,38.456,LAZER
2026-09-24 20:23:39,Atıcı 1,1. Sabit Mesafe Poligonu,0,187.01,39.625,LAZER
2026-09-24 20:23:40,Atıcı 1,1. Sabit Mesafe Poligonu,0,187.54,40.264,LAZER
2026-09-24 20:23:47,Atıcı 1,1. Sabit Mesafe Poligonu,0,184.82,48.083,LAZER
2026-09-24 20:23:52,Atıcı 1,1. Sabit Mesafe Poligonu,0,188.3,52.556,LAZER
2026-09-24 20:23:53,Atıcı 1,1. Sabit Mesafe Poligonu,0,145.33,54.008,LAZER
2026-09-24 20:23:54,Atıcı 1,1. Sabit Mesafe Poligonu,0,86.56,54.366,LAZER
2026-09-24 20:23:55,Atıcı 1,1. Sabit Mesafe Poligonu,0,145.77,55.493,LAZER
2026-09-24 20:24:13,Atıcı 1,1. Sabit Mesafe Poligonu,0,228.12,73.961,LAZER
2026-09-24 20:24:14,Atıcı 1,1. Sabit Mesafe Poligonu,0,179.37,74.247,LAZER
2026-09-24 20:24:14,Atıcı 1,1. Sabit Mesafe Poligonu,0,96.17,74.735,LAZER
2026-09-24 20:24:14,Atıcı 1,1. Sabit Mesafe Poligonu,0,94.25,75.134,LAZER
2026-09-24 20:24:15,Atıcı 1,1. Sabit Mesafe Poligonu,0,101.19,75.436,LAZER
2026-09-24 20:24:15,Atıcı 1,1. Sabit Mesafe Poligonu,0,103.74,75.719,LAZER
2026-09-24 20:24:15,Atıcı 1,1. Sabit Mesafe Poligonu,0,108.81,76.044,LAZER
2026-09-24 20:24:16,Atıcı 1,1. Sabit Mesafe Poligonu,0,107.69,76.368,LAZER
2026-09-24 20:24:16,Atıcı 1,1. Sabit Mesafe Poligonu,0,92.76,77.217,LAZER
2026-09-24 20:24:17,Atıcı 1,1. Sabit Mesafe Poligonu,0,108.52,77.501,LAZER
2026-09-24 20:24:17,Atıcı 1,1. Sabit Mesafe Poligonu,0,111.09,77.787,LAZER
2026-09-24 20:24:18,Atıcı 1,1. Sabit Mesafe Poligonu,0,99.62,78.792,LAZER
2026-09-24 20:24:19,Atıcı 1,1. Sabit Mesafe Poligonu,0,71.55,79.306,LAZER
2026-09-24 20:24:20,Atıcı 1,1. Sabit Mesafe Poligonu,0,69.66,80.893,LAZER
2026-09-24 20:24:21,Atıcı 1,1. Sabit Mesafe Poligonu,0,71.69,81.693,LAZER
2026-09-24 20:24:21,Atıcı 1,1. Sabit Mesafe Poligonu,0,83.24,82.018,LAZER
2026-09-24 20:24:22,Atıcı 1,1. Sabit Mesafe Poligonu,0,84.97,82.299,LAZER
2026-09-24 20:24:22,Atıcı 1,1. Sabit Mesafe Poligonu,0,87.66,82.625,LAZER
2026-09-24 20:24:23,Atıcı 1,1. Sabit Mesafe Poligonu,0,83.55,83.237,LAZER
2026-09-24 20:24:23,Atıcı 1,1. Sabit Mesafe Poligonu,0,87.36,83.718,LAZER
2026-09-24 20:24:24,Atıcı 1,1. Sabit Mesafe Poligonu,0,86.33,84.475,LAZER
2026-09-24 20:24:24,Atıcı 1,1. Sabit Mesafe Poligonu,0,86.65,84.768,LAZER
2026-09-24 20:24:24,Atıcı 1,1. Sabit Mesafe Poligonu,0,86.93,85.202,LAZER
2026-09-24 20:24:25,Atıcı 1,1. Sabit Mesafe Poligonu,0,91.24,85.565,LAZER
2026-09-24 20:24:26,Atıcı 1,1. Sabit Mesafe Poligonu,0,77.79,86.625,LAZER
2026-09-24 20:24:26,Atıcı 1,1. Sabit Mesafe Poligonu,0,172.53,86.926,LAZER
2026-09-24 20:24:26,Atıcı 1,1. Sabit Mesafe Poligonu,0,120.8,87.21,LAZER
2026-09-24 20:24:27,Atıcı 1,1. Sabit Mesafe Poligonu,0,121.66,87.973,LAZER
2026-09-24 20:24:28,Atıcı 1,1. Sabit Mesafe Poligonu,0,123.24,88.916,LAZER
2026-09-24 20:24:29,Atıcı 1,1. Sabit Mesafe Poligonu,0,125.5,89.236,LAZER
2026-09-24 20:24:29,Atıcı 1,1. Sabit Mesafe Poligonu,0,205.19,89.555,LAZER
2026-09-24 20:24:31,Atıcı 1,1. Sabit Mesafe Poligonu,0,104.85,91.279,LAZER
2026-09-24 20:24:31,Atıcı 1,1. Sabit Mesafe Poligonu,0,66.48,91.606,LAZER
2026-09-24 20:24:31,Atıcı 1,1. Sabit Mesafe Poligonu,0,100.96,92.117,LAZER
2026-09-24 20:24:32,Atıcı 1,1. Sabit Mesafe Poligonu,0,97.65,92.607,LAZER
2026-09-24 20:24:32,Atıcı 1,1. Sabit Mesafe Poligonu,0,103.25,92.902,LAZER
2026-09-24 20:24:33,Atıcı 1,1. Sabit Mesafe Poligonu,0,92.63,93.571,LAZER
2026-09-24 20:24:33,Atıcı 1,1. Sabit Mesafe Poligonu,0,85.63,93.967,LAZER
2026-09-24 20:24:34,Atıcı 1,1. Sabit Mesafe Poligonu,0,79.03,94.305,LAZER
2026-09-24 20:24:35,Atıcı 1,1. Sabit Mesafe Poligonu,0,79.2,96.138,LAZER
2026-09-24 20:24:36,Atıcı 1,1. Sabit Mesafe Poligonu,0,93.72,96.502,LAZER
2026-09-24 20:24:36,Atıcı 1,1. Sabit Mesafe Poligonu,0,92.96,96.791,LAZER
2026-09-24 20:24:37,Atıcı 1,1. Sabit Mesafe Poligonu,0,116.5,97.788,LAZER
2026-09-24 20:24:38,Atıcı 1,1. Sabit Mesafe Poligonu,0,108.17,98.262,LAZER
2026-09-24 20:24:38,Atıcı 1,1. Sabit Mesafe Poligonu,0,114.02,98.589,LAZER
2026-09-24 20:24:38,Atıcı 1,1. Sabit Mesafe Poligonu,0,98.41,99.148,LAZER
2026-09-24 20:24:39,Atıcı 1,1. Sabit Mesafe Poligonu,0,87.21,99.44,LAZER
2026-09-24 20:24:40,Atıcı 1,1. Sabit Mesafe Poligonu,0,92.65,100.855,LAZER
2026-09-24 20:24:40,Atıcı 1,1. Sabit Mesafe Poligonu,0,198.08,101.14,LAZER
2026-09-24 20:25:01,Atıcı 1,1. Sabit Mesafe Poligonu,0,151.03,121.351,LAZER
2026-09-24 20:25:01,Atıcı 1,1. Sabit Mesafe Poligonu,0,192.51,121.645,LAZER
2026-09-24 20:25:13,Atıcı 1,1. Sabit Mesafe Poligonu,0,162.86,133.953,LAZER
2026-09-24 20:26:38,Atıcı 1,1. Sabit Mesafe Poligonu,0,168.07,218.412,LAZER
2026-09-24 20:26:38,Atıcı 1,1. Sabit Mesafe Poligonu,0,162.02,218.706,LAZER
2026-09-24 20:26:38,Atıcı 1,1. Sabit Mesafe Poligonu,0,158.24,218.994,LAZER
2026-09-24 20:26:39,Atıcı 1,1. Sabit Mesafe Poligonu,0,168.57,219.323,LAZER
2026-09-24 20:26:39,Atıcı 1,1. Sabit Mesafe Poligonu,0,186.53,219.621,LAZER
2026-09-24 20:26:39,Atıcı 1,1. Sabit Mesafe Poligonu,0,173.12,219.951,LAZER
2026-09-24 20:26:40,Atıcı 1,1. Sabit Mesafe Poligonu,0,169.33,220.41,LAZER
2026-09-24 20:26:40,Atıcı 1,1. Sabit Mesafe Poligonu,0,190.17,220.783,LAZER
2026-09-24 20:26:40,Atıcı 1,1. Sabit Mesafe Poligonu,0,171.83,221.068,LAZER
2026-09-24 20:26:41,Atıcı 1,1. Sabit Mesafe Poligonu,0,171.69,221.487,LAZER
2026-09-24 20:26:41,Atıcı 1,1. Sabit Mesafe Poligonu,0,170.3,221.779,LAZER
2026-09-24 20:26:41,Atıcı 1,1. Sabit Mesafe Poligonu,0,190.13,222.07,LAZER
2026-09-24 20:26:42,Atıcı 1,1. Sabit Mesafe Poligonu,0,166.82,222.647,LAZER
2026-09-24 20:26:43,Atıcı 1,1. Sabit Mesafe Poligonu,0,170.84,223.551,LAZER
2026-09-24 20:26:43,Atıcı 1,1. Sabit Mesafe Poligonu,0,172.53,224.05,LAZER
2026-09-24 20:26:46,Atıcı 1,1. Sabit Mesafe Poligonu,0,171.68,226.671,LAZER
2026-09-24 20:26:52,Atıcı 1,1. Sabit Mesafe Poligonu,0,173.0,232.663,LAZER
2026-09-24 20:26:55,Atıcı 1,1. Sabit Mesafe Poligonu,0,169.62,235.665,LAZER
2026-09-24 20:26:58,Atıcı 1,1. Sabit Mesafe Poligonu,0,176.18,238.287,LAZER
2026-09-24 20:26:58,Atıcı 1,1. Sabit Mesafe Poligonu,0,179.45,238.585,LAZER
2026-09-24 20:27:05,Atıcı 1,1. Sabit Mesafe Poligonu,0,176.34,245.283,LAZER
2026-09-24 20:27:05,Atıcı 1,1. Sabit Mesafe Poligonu,0,177.41,245.695,LAZER
2026-09-24 20:27:05,Atıcı 1,1. Sabit Mesafe Poligonu,0,177.34,246.027,LAZER
2026-09-24 20:27:06,Atıcı 1,1. Sabit Mesafe Poligonu,0,179.14,246.319,LAZER
2026-09-24 20:27:09,Atıcı 1,1. Sabit Mesafe Poligonu,0,175.24,249.605,LAZER
2026-09-24 20:27:10,Atıcı 1,1. Sabit Mesafe Poligonu,0,174.29,251.208,LAZER
2026-09-24 20:27:12,Atıcı 1,1. Sabit Mesafe Poligonu,0,177.73,252.724,LAZER
2026-09-24 20:27:13,Atıcı 1,1. Sabit Mesafe Poligonu,0,182.1,253.461,LAZER
2026-09-24 20:27:14,Atıcı 1,1. Sabit Mesafe Poligonu,0,174.77,254.66,LAZER
2026-09-24 20:27:15,Atıcı 1,1. Sabit Mesafe Poligonu,0,186.02,255.284,LAZER
2026-09-24 20:27:32,Atıcı 1,1. Sabit Mesafe Poligonu,0,187.2,272.338,LAZER
2026-09-24 20:27:32,Atıcı 1,1. Sabit Mesafe Poligonu,0,173.42,272.626,LAZER
2026-09-24 20:27:32,Atıcı 1,1. Sabit Mesafe Poligonu,0,188.22,272.962,LAZER
2026-09-24 20:27:33,Atıcı 1,1. Sabit Mesafe Poligonu,0,189.2,273.253,LAZER
2026-09-24 20:27:33,Atıcı 1,1. Sabit Mesafe Poligonu,0,185.27,273.544,LAZER
2026-09-24 20:27:34,Atıcı 1,1. Sabit Mesafe Poligonu,0,189.28,274.906,LAZER
2026-09-24 20:27:36,Atıcı 1,1. Sabit Mesafe Poligonu,0,189.81,277.002,LAZER
2026-09-24 20:27:37,Atıcı 1,1. Sabit Mesafe Poligonu,0,194.13,277.299,LAZER
2026-09-24 20:27:37,Atıcı 1,1. Sabit Mesafe Poligonu,0,184.29,277.835,LAZER
2026-09-24 20:27:38,Atıcı 1,1. Sabit Mesafe Poligonu,0,194.49,279.032,LAZER
2026-09-24 20:27:39,Atıcı 1,1. Sabit Mesafe Poligonu,0,204.96,279.611,LAZER
2026-09-24 20:27:41,Atıcı 1,1. Sabit Mesafe Poligonu,0,219.35,282.007,LAZER
2026-09-24 20:27:42,Atıcı 1,1. Sabit Mesafe Poligonu,0,183.7,282.3,LAZER
2026-09-24 20:27:58,Atıcı 1,1. Sabit Mesafe Poligonu,0,170.48,299.136,LAZER
2026-09-24 20:27:59,Atıcı 1,1. Sabit Mesafe Poligonu,0,182.62,299.437,LAZER
2026-09-24 20:28:00,Atıcı 1,1. Sabit Mesafe Poligonu,0,106.92,300.523,LAZER
2026-09-24 20:28:00,Atıcı 1,1. Sabit Mesafe Poligonu,0,185.1,300.812,LAZER
2026-09-24 20:28:01,Atıcı 1,1. Sabit Mesafe Poligonu,0,127.58,302.122,LAZER
2026-09-24 20:28:03,Atıcı 1,1. Sabit Mesafe Poligonu,0,161.9,303.401,LAZER
2026-09-24 20:28:03,Atıcı 1,1. Sabit Mesafe Poligonu,0,162.12,303.703,LAZER
2026-09-24 20:28:03,Atıcı 1,1. Sabit Mesafe Poligonu,0,162.0,304.038,LAZER
2026-09-24 20:28:04,Atıcı 1,1. Sabit Mesafe Poligonu,0,162.12,304.331,LAZER
2026-09-24 20:28:04,Atıcı 1,1. Sabit Mesafe Poligonu,0,152.33,304.617,LAZER
2026-09-24 20:28:05,Atıcı 1,1. Sabit Mesafe Poligonu,0,158.27,305.253,LAZER
2026-09-24 20:28:06,Atıcı 1,1. Sabit Mesafe Poligonu,0,124.9,306.33,LAZER
2026-09-24 20:28:06,Atıcı 1,1. Sabit Mesafe Poligonu,0,131.47,307.006,LAZER
2026-09-24 20:28:07,Atıcı 1,1. Sabit Mesafe Poligonu,0,178.04,307.306,LAZER
2026-09-24 20:28:10,Atıcı 1,1. Sabit Mesafe Poligonu,0,87.37,311.061,LAZER
2026-09-24 20:28:11,Atıcı 1,1. Sabit Mesafe Poligonu,0,82.0,311.754,LAZER
2026-09-24 20:28:11,Atıcı 1,1. Sabit Mesafe Poligonu,0,131.58,312.04,LAZER
2026-09-24 20:28:12,Atıcı 1,1. Sabit Mesafe Poligonu,0,83.95,312.353,LAZER
2026-09-24 20:28:12,Atıcı 1,1. Sabit Mesafe Poligonu,0,110.14,312.633,LAZER
2026-09-24 20:36:31,Atıcı 1,1. Sabit Mesafe Poligonu,50,32.06,468.745,LAZER
2026-09-24 20:36:32,Atıcı 1,1. Sabit Mesafe Poligonu,50,34.13,0.3,LAZER
2026-09-24 20:36:33,Atıcı 1,1. Sabit Mesafe Poligonu,75,13.0,0.88,LAZER
2026-09-24 20:36:34,Atıcı 1,1. Sabit Mesafe Poligonu,75,10.0,0.868,LAZER
2026-09-24 20:36:35,Atıcı 1,1. Sabit Mesafe Poligonu,50,31.38,1.531,LAZER
2026-09-24 20:36:36,Atıcı 1,1. Sabit Mesafe Poligonu,50,27.46,1.169,LAZER
2026-09-24 20:36:37,Atıcı 1,1. Sabit Mesafe Poligonu,75,19.7,1.119,LAZER
2026-09-24 20:36:40,Atıcı 1,1. Sabit Mesafe Poligonu,0,50.93,2.197,LAZER
2026-09-24 20:36:43,Atıcı 1,3. Pop-Up Hızlı Reaksiyon,0,114.06,1.13,LAZER
2026-09-24 20:36:44,Atıcı 1,3. Pop-Up Hızlı Reaksiyon,0,134.2,1.672,LAZER
2026-09-24 20:36:45,Atıcı 1,3. Pop-Up Hızlı Reaksiyon,116,17.46,0.496,LAZER
2026-09-24 20:36:46,Atıcı 1,3. Pop-Up Hızlı Reaksiyon,84,31.4,0.881,LAZER
2026-09-24 20:36:48,Atıcı 1,3. Pop-Up Hızlı Reaksiyon,95,20.88,1.627,LAZER
2026-09-24 20:36:49,Atıcı 1,3. Pop-Up Hızlı Reaksiyon,79,33.06,1.157,LAZER
2026-09-24 20:36:50,Atıcı 1,3. Pop-Up Hızlı Reaksiyon,133,6.08,0.911,LAZER
2026-09-24 20:36:54,Atıcı 1,6. Düşen Çelik Plakalar (Plate Rack),100,8.94,2.215,LAZER
2026-09-24 20:36:56,Atıcı 1,6. Düşen Çelik Plakalar (Plate Rack),100,6.08,3.659,LAZER
2026-09-24 20:36:57,Atıcı 1,6. Düşen Çelik Plakalar (Plate Rack),100,3.16,4.935,LAZER
2026-09-24 20:36:58,Atıcı 1,6. Düşen Çelik Plakalar (Plate Rack),100,7.81,6.293,LAZER
2026-09-24 20:37:03,Atıcı 1,7. Gece Görüş & Taktik Fener,150,1.8,1.991,LAZER
2026-09-24 20:37:04,Atıcı 1,7. Gece Görüş & Taktik Fener,150,14.43,0.771,LAZER
2026-09-24 20:37:05,Atıcı 1,7. Gece Görüş & Taktik Fener,150,18.03,1.101,LAZER
2026-09-24 20:37:06,Atıcı 1,7. Gece Görüş & Taktik Fener,0,42.19,1.286,LAZER
2026-09-24 20:37:07,Atıcı 1,7. Gece Görüş & Taktik Fener,0,39.01,1.878,LAZER
2026-09-24 20:37:08,Atıcı 1,7. Gece Görüş & Taktik Fener,150,28.32,3.488,LAZER
2026-09-24 20:37:09,Atıcı 1,7. Gece Görüş & Taktik Fener,150,11.4,0.995,LAZER
2026-09-24 20:37:17,Atıcı 1,7. Gece Görüş & Taktik Fener,0,119.6,7.053,PARMAK
2026-09-24 20:37:17,Atıcı 1,7. Gece Görüş & Taktik Fener,0,86.03,7.77,PARMAK
2026-09-24 20:37:17,Atıcı 1,7. Gece Görüş & Taktik Fener,0,60.21,7.971,PARMAK
2026-09-24 20:37:19,Atıcı 1,7. Gece Görüş & Taktik Fener,150,31.06,9.855,PARMAK
2026-09-24 20:37:25,Atıcı 1,7. Gece Görüş & Taktik Fener,0,58.42,5.229,PARMAK
2026-09-24 20:37:27,Atıcı 1,7. Gece Görüş & Taktik Fener,150,9.22,8.114,PARMAK
2026-09-24 20:37:29,Atıcı 1,7. Gece Görüş & Taktik Fener,150,24.08,1.968,PARMAK
2026-09-24 20:37:34,Atıcı 1,8. Taktik Halka Hedef (HUD),60,58.26,1.507,PARMAK
2026-09-24 20:37:34,Atıcı 1,8. Taktik Halka Hedef (HUD),80,25.5,2.241,PARMAK
2026-09-24 20:37:35,Atıcı 1,8. Taktik Halka Hedef (HUD),90,17.89,2.934,PARMAK
2026-09-24 20:37:36,Atıcı 1,8. Taktik Halka Hedef (HUD),60,54.01,3.673,PARMAK
2026-09-24 20:37:36,Atıcı 1,8. Taktik Halka Hedef (HUD),50,72.62,4.324,PARMAK
2026-09-24 20:37:44,Atıcı 1,8. Taktik Halka Hedef (HUD),90,22.36,11.761,LAZER
2026-09-24 20:37:46,Atıcı 1,8. Taktik Halka Hedef (HUD),80,31.4,14.3,LAZER
2026-09-24 20:37:47,Atıcı 1,8. Taktik Halka Hedef (HUD),60,50.61,15.408,LAZER
2026-09-24 20:37:49,Atıcı 1,8. Taktik Halka Hedef (HUD),50,76.49,17.046,LAZER
2026-09-24 20:37:50,Atıcı 1,8. Taktik Halka Hedef (HUD),0,95.44,17.732,LAZER
2026-09-24 20:37:51,Atıcı 1,8. Taktik Halka Hedef (HUD),0,127.78,18.504,LAZER
2026-09-24 20:37:55,Atıcı 1,KAGIT_1. Taktik ,10,10,572.43,MOUSE
2026-09-24 20:37:56,Atıcı 1,KAGIT_1. Taktik ,10,10,572.65,MOUSE
2026-09-24 20:37:59,Atıcı 1,KAGIT_2. ISSF Ol,5,10,0.47,MOUSE
2026-09-24 20:37:59,Atıcı 1,KAGIT_2. ISSF Ol,5,10,0.69,MOUSE
2026-09-24 20:38:00,Atıcı 1,KAGIT_2. ISSF Ol,8,10,1.62,MOUSE
2026-09-24 20:38:00,Atıcı 1,KAGIT_2. ISSF Ol,8,10,1.83,MOUSE
2026-09-24 20:38:02,Atıcı 1,KAGIT_3. B27 Tak,9,10,0.61,MOUSE
2026-09-24 20:38:02,Atıcı 1,KAGIT_3. B27 Tak,9,10,0.83,MOUSE
2026-09-24 20:39:33,Atıcı 1,KAGIT_3. B27 Tak,5,10,91.2,LAZER
2026-09-24 20:47:39,Atıcı 1,KAGIT_3. B27 Tak,7,10,577.68,LAZER
2026-09-24 20:53:40,Atıcı 1,KAGIT_3. B27 Tak,0,10,937.92,LAZER
2026-09-24 20:55:11,Atıcı 1,KAGIT_3. B27 Tak,5,10,1029.21,LAZER
2026-09-24 20:56:07,Atıcı 1,KAGIT_3. B27 Tak,7,10,1085.58,LAZER
2026-09-24 20:56:15,Atıcı 1,KAGIT_3. B27 Tak,7,10,1093.61,LAZER
2026-09-24 21:03:01,Atıcı 1,KAGIT_3. B27 Tak,7,10,1499.25,LAZER
2026-09-24 21:03:02,Atıcı 1,KAGIT_3. B27 Tak,7,10,1500.41,LAZER
2026-09-24 21:03:02,Atıcı 1,KAGIT_3. B27 Tak,7,10,1500.67,LAZER
2026-09-24 21:03:03,Atıcı 1,KAGIT_3. B27 Tak,7,10,1501.02,LAZER
2026-09-24 21:03:03,Atıcı 1,KAGIT_3. B27 Tak,7,10,1501.32,LAZER
2026-09-24 21:03:03,Atıcı 1,KAGIT_3. B27 Tak,7,10,1501.72,LAZER
2026-09-24 21:03:33,Atıcı 1,KAGIT_3. B27 Tak,7,10,1531.46,LAZER
2026-09-24 21:03:37,Atıcı 1,KAGIT_3. B27 Tak,5,10,1534.99,LAZER
2026-09-24 21:04:12,Atıcı 1,KAGIT_3. B27 Tak,8,10,1570.41,LAZER
2026-09-24 21:04:15,Atıcı 1,KAGIT_3. B27 Tak,5,10,1573.28,LAZER
2026-09-24 21:07:58,Atıcı 1,KAGIT_3. B27 Tak,0,10,1795.9,LAZER
2026-09-24 21:08:27,Atıcı 1,KAGIT_3. B27 Tak,5,10,1825.57,LAZER
2026-09-24 21:08:27,Atıcı 1,KAGIT_3. B27 Tak,5,10,1825.82,LAZER
2026-09-24 21:08:28,Atıcı 1,KAGIT_3. B27 Tak,8,10,1826.4,LAZER
2026-09-24 21:08:29,Atıcı 1,KAGIT_3. B27 Tak,8,10,1827.11,LAZER
2026-09-24 21:08:32,Atıcı 1,KAGIT_3. B27 Tak,8,10,1829.92,LAZER
2026-09-24 21:09:36,Atıcı 1,KAGIT_3. B27 Tak,5,10,1894.02,LAZER
2026-09-24 21:13:38,Atıcı 1,KAGIT_3. B27 Tak,8,10,2136.86,LAZER
2026-09-24 21:14:15,Atıcı 1,KAGIT_3. B27 Tak,7,10,2173.27,LAZER
2026-09-24 21:36:26,Atıcı 1,KAGIT_3. B27 Tak,7,10,3504.58,LAZER
2026-09-24 21:38:28,Atıcı 1,KAGIT_3. B27 Tak,8,10,3626.87,LAZER
2026-09-24 21:38:31,Atıcı 1,KAGIT_3. B27 Tak,5,10,3629.4,LAZER
2026-09-25 00:43:09,Atıcı 1,1. Sabit Mesafe Poligonu,0,50.29,7.221,PARMAK
2026-09-25 00:43:09,Atıcı 1,1. Sabit Mesafe Poligonu,25,44.94,7.255,PARMAK
2026-09-25 00:43:10,Atıcı 1,1. Sabit Mesafe Poligonu,75,21.02,0.625,PARMAK
2026-09-25 00:43:10,Atıcı 1,1. Sabit Mesafe Poligonu,75,15.62,8.039,PARMAK
2026-09-25 00:43:11,Atıcı 1,1. Sabit Mesafe Poligonu,50,24.84,1.295,PARMAK
2026-09-25 00:43:11,Atıcı 1,1. Sabit Mesafe Poligonu,50,30.53,1.472,PARMAK
2026-09-25 00:43:12,Atıcı 1,1. Sabit Mesafe Poligonu,75,13.15,0.432,PARMAK
2026-09-25 00:43:12,Atıcı 1,1. Sabit Mesafe Poligonu,75,16.16,0.48,PARMAK
2026-09-25 00:43:12,Atıcı 1,1. Sabit Mesafe Poligonu,75,23.0,0.432,PARMAK
2026-09-25 00:43:12,Atıcı 1,1. Sabit Mesafe Poligonu,75,19.03,0.496,PARMAK
2026-09-25 00:43:12,Atıcı 1,1. Sabit Mesafe Poligonu,75,12.53,0.465,PARMAK
2026-09-25 00:43:13,Atıcı 1,1. Sabit Mesafe Poligonu,75,16.55,0.47,PARMAK
2026-09-25 00:43:13,Atıcı 1,1. Sabit Mesafe Poligonu,75,13.93,0.393,PARMAK
2026-09-25 00:43:13,Atıcı 1,1. Sabit Mesafe Poligonu,75,14.87,0.464,PARMAK
2026-09-25 00:43:13,Atıcı 1,1. Sabit Mesafe Poligonu,100,4.12,0.559,PARMAK
2026-09-25 00:43:14,Atıcı 1,1. Sabit Mesafe Poligonu,75,10.82,0.443,PARMAK
2026-09-25 00:43:16,Atıcı 1,1. Sabit Mesafe Poligonu,50,31.91,2.048,PARMAK
2026-09-25 00:43:16,Atıcı 1,1. Sabit Mesafe Poligonu,50,26.48,1.979,PARMAK
2026-09-25 00:43:16,Atıcı 1,1. Sabit Mesafe Poligonu,75,16.12,0.485,PARMAK
2026-09-25 00:43:16,Atıcı 1,1. Sabit Mesafe Poligonu,50,30.07,0.308,PARMAK
2026-09-25 00:43:16,Atıcı 1,1. Sabit Mesafe Poligonu,50,26.17,0.428,PARMAK
2026-09-25 00:43:17,Atıcı 1,1. Sabit Mesafe Poligonu,75,22.36,0.597,PARMAK
2026-09-25 00:43:17,Atıcı 1,1. Sabit Mesafe Poligonu,100,6.4,0.389,PARMAK
2026-09-25 00:43:17,Atıcı 1,1. Sabit Mesafe Poligonu,100,4.12,0.996,PARMAK
2026-09-25 00:43:18,Atıcı 1,1. Sabit Mesafe Poligonu,75,13.34,0.181,PARMAK
2026-09-25 00:43:18,Atıcı 1,1. Sabit Mesafe Poligonu,75,13.34,0.182,PARMAK
2026-09-25 00:43:18,Atıcı 1,1. Sabit Mesafe Poligonu,75,17.46,0.19,PARMAK
2026-09-25 00:43:19,Atıcı 1,1. Sabit Mesafe Poligonu,0,68.6,1.301,PARMAK
2026-09-25 00:43:21,Atıcı 1,1. Sabit Mesafe Poligonu,0,215.15,3.425,PARMAK
2026-09-25 00:43:21,Atıcı 1,1. Sabit Mesafe Poligonu,0,141.17,3.632,PARMAK
2026-09-25 00:43:21,Atıcı 1,1. Sabit Mesafe Poligonu,0,93.15,3.982,PARMAK
2026-09-25 00:43:22,Atıcı 1,1. Sabit Mesafe Poligonu,25,40.0,4.737,PARMAK
2026-09-25 00:43:22,Atıcı 1,1. Sabit Mesafe Poligonu,50,29.61,0.221,PARMAK
2026-09-25 00:43:22,Atıcı 1,1. Sabit Mesafe Poligonu,50,29.61,0.221,PARMAK
2026-09-25 00:43:23,Atıcı 1,1. Sabit Mesafe Poligonu,50,23.85,0.18,PARMAK
2026-09-25 00:43:23,Atıcı 1,1. Sabit Mesafe Poligonu,50,23.85,0.18,PARMAK
2026-09-25 00:43:23,Atıcı 1,1. Sabit Mesafe Poligonu,50,23.26,0.189,PARMAK
2026-09-25 00:43:23,Atıcı 1,1. Sabit Mesafe Poligonu,50,26.57,0.22,PARMAK
2026-09-25 00:44:09,Atıcı 1,1. Sabit Mesafe Poligonu,0,114.16,46.559,PARMAK
2026-09-25 00:44:09,Atıcı 1,1. Sabit Mesafe Poligonu,0,104.4,46.623,PARMAK
2026-09-25 00:44:10,Atıcı 1,1. Sabit Mesafe Poligonu,0,166.11,46.752,PARMAK
2026-09-25 00:44:17,Atıcı 1,1. Sabit Mesafe Poligonu,0,86.59,54.086,PARMAK
2026-09-25 00:44:17,Atıcı 1,1. Sabit Mesafe Poligonu,0,99.92,54.169,PARMAK
2026-09-25 00:44:19,Atıcı 1,1. Sabit Mesafe Poligonu,0,119.97,55.675,PARMAK
2026-09-25 00:44:19,Atıcı 1,1. Sabit Mesafe Poligonu,0,134.71,56.56,PARMAK
2026-09-25 00:44:19,Atıcı 1,1. Sabit Mesafe Poligonu,0,136.52,56.625,PARMAK
2026-09-25 00:44:21,Atıcı 1,1. Sabit Mesafe Poligonu,0,101.24,58.291,PARMAK
2026-09-25 00:44:22,Atıcı 1,1. Sabit Mesafe Poligonu,0,137.99,59.583,PARMAK
2026-09-25 00:44:22,Atıcı 1,1. Sabit Mesafe Poligonu,0,138.93,59.665,PARMAK
2026-09-25 00:44:27,Atıcı 1,1. Sabit Mesafe Poligonu,0,132.65,63.727,PARMAK
2026-09-25 00:44:27,Atıcı 1,1. Sabit Mesafe Poligonu,0,143.09,63.791,PARMAK
2026-09-25 00:44:27,Atıcı 1,1. Sabit Mesafe Poligonu,0,131.47,64.353,PARMAK
2026-09-25 00:44:28,Atıcı 1,1. Sabit Mesafe Poligonu,0,237.7,65.149,PARMAK
2026-09-25 00:44:28,Atıcı 1,1. Sabit Mesafe Poligonu,0,218.24,65.27,PARMAK
2026-09-25 00:44:29,Atıcı 1,1. Sabit Mesafe Poligonu,0,192.35,66.158,PARMAK
2026-09-25 00:44:29,Atıcı 1,1. Sabit Mesafe Poligonu,0,190.28,66.159,PARMAK
2026-09-25 00:44:30,Atıcı 1,1. Sabit Mesafe Poligonu,0,159.73,66.73,PARMAK
2026-09-25 00:44:30,Atıcı 1,1. Sabit Mesafe Poligonu,0,159.73,66.762,PARMAK
2026-09-25 00:44:30,Atıcı 1,1. Sabit Mesafe Poligonu,0,170.85,67.36,PARMAK
2026-09-25 00:44:30,Atıcı 1,1. Sabit Mesafe Poligonu,0,174.64,67.488,PARMAK
2026-09-25 00:44:31,Atıcı 1,1. Sabit Mesafe Poligonu,0,138.4,68.285,PARMAK
2026-09-25 00:44:31,Atıcı 1,1. Sabit Mesafe Poligonu,0,140.77,68.29,PARMAK
2026-09-25 00:44:32,Atıcı 1,1. Sabit Mesafe Poligonu,0,149.88,69.117,PARMAK
2026-09-25 00:44:32,Atıcı 1,1. Sabit Mesafe Poligonu,0,158.23,69.185,PARMAK
2026-09-25 00:44:32,Atıcı 1,1. Sabit Mesafe Poligonu,0,153.01,69.453,PARMAK
2026-09-25 00:44:34,Atıcı 1,1. Sabit Mesafe Poligonu,0,163.13,70.864,PARMAK
2026-09-25 00:44:34,Atıcı 1,1. Sabit Mesafe Poligonu,0,162.6,70.833,PARMAK
2026-09-25 00:44:35,Atıcı 1,1. Sabit Mesafe Poligonu,0,202.27,72.521,PARMAK
2026-09-25 00:44:35,Atıcı 1,1. Sabit Mesafe Poligonu,0,200.53,72.538,PARMAK
2026-09-25 00:44:49,Atıcı 1,1. Sabit Mesafe Poligonu,0,209.66,86.286,PARMAK
2026-09-25 00:44:50,Atıcı 1,1. Sabit Mesafe Poligonu,0,201.26,86.834,PARMAK
2026-09-25 00:44:50,Atıcı 1,1. Sabit Mesafe Poligonu,0,156.92,87.234,PARMAK
2026-09-25 00:44:50,Atıcı 1,1. Sabit Mesafe Poligonu,0,156.92,87.265,PARMAK
2026-09-25 00:44:51,Atıcı 1,1. Sabit Mesafe Poligonu,0,219.99,87.763,PARMAK
2026-09-25 00:44:55,Atıcı 1,1. Sabit Mesafe Poligonu,0,167.3,91.823,PARMAK
2026-09-25 00:45:15,Atıcı 1,1. Sabit Mesafe Poligonu,0,196.73,111.952,PARMAK
2026-09-25 00:45:15,Atıcı 1,1. Sabit Mesafe Poligonu,0,199.22,111.951,PARMAK
2026-09-25 00:45:15,Atıcı 1,1. Sabit Mesafe Poligonu,0,197.14,112.555,PARMAK
2026-09-25 00:45:15,Atıcı 1,1. Sabit Mesafe Poligonu,0,208.32,112.564,PARMAK
2026-09-25 00:45:26,Atıcı 1,1. Sabit Mesafe Poligonu,0,211.8,123.489,PARMAK
2026-09-25 00:45:27,Atıcı 1,1. Sabit Mesafe Poligonu,0,185.57,123.673,PARMAK
2026-09-25 00:45:27,Atıcı 1,1. Sabit Mesafe Poligonu,0,193.64,123.732,PARMAK
2026-09-25 00:45:27,Atıcı 1,1. Sabit Mesafe Poligonu,0,167.16,124.434,PARMAK
2026-09-25 00:45:27,Atıcı 1,1. Sabit Mesafe Poligonu,0,167.16,124.465,PARMAK
2026-09-25 00:45:28,Atıcı 1,1. Sabit Mesafe Poligonu,0,195.17,124.719,PARMAK
2026-09-25 00:45:28,Atıcı 1,1. Sabit Mesafe Poligonu,0,198.7,124.719,PARMAK
2026-09-25 00:45:36,Atıcı 1,1. Sabit Mesafe Poligonu,0,225.44,133.024,PARMAK
2026-09-25 00:45:36,Atıcı 1,1. Sabit Mesafe Poligonu,0,227.32,133.024,PARMAK
2026-09-25 00:45:53,Atıcı 1,1. Sabit Mesafe Poligonu,0,250.93,150.073,PARMAK
2026-09-25 00:45:53,Atıcı 1,1. Sabit Mesafe Poligonu,0,259.33,150.128,PARMAK
2026-09-25 00:45:54,Atıcı 1,1. Sabit Mesafe Poligonu,0,281.09,151.025,PARMAK
2026-09-25 00:45:54,Atıcı 1,1. Sabit Mesafe Poligonu,0,283.47,151.089,PARMAK
2026-09-25 00:45:54,Atıcı 1,1. Sabit Mesafe Poligonu,0,276.99,151.556,PARMAK
2026-09-25 00:45:55,Atıcı 1,1. Sabit Mesafe Poligonu,0,224.56,151.888,PARMAK
2026-09-25 00:45:55,Atıcı 1,1. Sabit Mesafe Poligonu,0,274.76,152.353,PARMAK
2026-09-25 00:45:55,Atıcı 1,1. Sabit Mesafe Poligonu,0,241.54,152.56,PARMAK
2026-09-25 00:45:56,Atıcı 1,1. Sabit Mesafe Poligonu,0,264.32,152.833,PARMAK
2026-09-25 00:45:57,Atıcı 1,1. Sabit Mesafe Poligonu,0,259.49,154.035,PARMAK
2026-09-25 00:45:57,Atıcı 1,1. Sabit Mesafe Poligonu,0,278.0,154.522,PARMAK
2026-09-25 00:45:57,Atıcı 1,1. Sabit Mesafe Poligonu,0,278.51,154.584,PARMAK
2026-09-25 00:45:58,Atıcı 1,1. Sabit Mesafe Poligonu,0,258.66,155.481,PARMAK
2026-09-25 00:45:58,Atıcı 1,1. Sabit Mesafe Poligonu,0,261.71,155.547,PARMAK
2026-09-25 00:46:00,Atıcı 1,1. Sabit Mesafe Poligonu,0,253.58,157.392,PARMAK
2026-09-25 00:46:00,Atıcı 1,1. Sabit Mesafe Poligonu,0,255.81,157.584,PARMAK
2026-09-25 00:46:00,Atıcı 1,1. Sabit Mesafe Poligonu,0,252.68,157.583,PARMAK
2026-09-25 00:46:19,Atıcı 1,1. Sabit Mesafe Poligonu,0,215.82,176.295,PARMAK
2026-09-25 00:46:19,Atıcı 1,1. Sabit Mesafe Poligonu,0,201.36,176.355,PARMAK
2026-09-25 00:46:36,Atıcı 1,1. Sabit Mesafe Poligonu,0,218.11,193.076,PARMAK
2026-09-25 00:46:36,Atıcı 1,1. Sabit Mesafe Poligonu,0,218.11,193.045,PARMAK
2026-09-25 00:47:03,Atıcı 1,1. Sabit Mesafe Poligonu,0,191.51,220.077,PARMAK
2026-09-25 00:47:03,Atıcı 1,1. Sabit Mesafe Poligonu,0,191.51,220.059,PARMAK
2026-09-25 00:47:03,Atıcı 1,1. Sabit Mesafe Poligonu,0,106.04,220.291,PARMAK
2026-09-25 00:47:03,Atıcı 1,1. Sabit Mesafe Poligonu,0,113.0,220.26,PARMAK
2026-09-25 00:47:04,Atıcı 1,1. Sabit Mesafe Poligonu,0,133.0,220.973,PARMAK
2026-09-25 00:47:04,Atıcı 1,1. Sabit Mesafe Poligonu,0,133.02,220.972,PARMAK
2026-09-25 00:47:07,Atıcı 1,1. Sabit Mesafe Poligonu,0,136.33,223.973,PARMAK
2026-09-25 00:47:07,Atıcı 1,1. Sabit Mesafe Poligonu,0,136.47,224.025,PARMAK
2026-09-25 00:47:56,Atıcı 1,1. Sabit Mesafe Poligonu,0,267.68,273.617,PARMAK
2026-09-25 00:47:56,Atıcı 1,1. Sabit Mesafe Poligonu,0,260.77,273.635,PARMAK
2026-09-25 00:47:57,Atıcı 1,1. Sabit Mesafe Poligonu,0,241.18,274.128,PARMAK
2026-09-25 00:47:57,Atıcı 1,1. Sabit Mesafe Poligonu,0,260.31,274.191,PARMAK
2026-09-25 00:47:57,Atıcı 1,1. Sabit Mesafe Poligonu,0,209.7,274.464,PARMAK
2026-09-25 00:47:57,Atıcı 1,1. Sabit Mesafe Poligonu,0,209.7,274.434,PARMAK
2026-09-25 00:48:00,Atıcı 1,1. Sabit Mesafe Poligonu,0,239.3,277.36,PARMAK
2026-09-25 00:48:00,Atıcı 1,1. Sabit Mesafe Poligonu,0,239.08,277.424,PARMAK
2026-09-25 00:48:01,Atıcı 1,1. Sabit Mesafe Poligonu,0,234.94,278.126,PARMAK
2026-09-25 00:48:01,Atıcı 1,1. Sabit Mesafe Poligonu,0,236.85,278.127,PARMAK
2026-09-25 00:48:02,Atıcı 1,1. Sabit Mesafe Poligonu,0,217.23,278.655,PARMAK
2026-09-25 00:48:02,Atıcı 1,1. Sabit Mesafe Poligonu,0,216.08,278.719,PARMAK
2026-09-25 00:48:03,Atıcı 1,1. Sabit Mesafe Poligonu,0,163.03,280.419,PARMAK
2026-09-25 00:48:03,Atıcı 1,1. Sabit Mesafe Poligonu,0,194.74,280.436,PARMAK
2026-09-25 00:48:16,Atıcı 1,1. Sabit Mesafe Poligonu,0,206.61,292.687,PARMAK
2026-09-25 00:48:16,Atıcı 1,1. Sabit Mesafe Poligonu,0,168.01,292.926,PARMAK
2026-09-25 00:48:16,Atıcı 1,1. Sabit Mesafe Poligonu,0,161.01,292.99,PARMAK
2026-09-25 00:48:18,Atıcı 1,1. Sabit Mesafe Poligonu,0,193.66,294.959,PARMAK
2026-09-25 00:48:18,Atıcı 1,1. Sabit Mesafe Poligonu,0,180.75,295.027,PARMAK
2026-09-25 00:48:19,Atıcı 1,1. Sabit Mesafe Poligonu,0,221.82,295.705,PARMAK
2026-09-25 00:48:19,Atıcı 1,1. Sabit Mesafe Poligonu,0,213.32,295.696,PARMAK
2026-09-25 00:48:19,Atıcı 1,1. Sabit Mesafe Poligonu,0,157.7,296.076,PARMAK
2026-09-25 00:48:19,Atıcı 1,1. Sabit Mesafe Poligonu,0,151.83,296.127,PARMAK
2026-09-25 00:48:22,Atıcı 1,1. Sabit Mesafe Poligonu,0,116.09,298.898,PARMAK
2026-09-25 00:48:34,Atıcı 1,1. Sabit Mesafe Poligonu,0,107.91,311.184,PARMAK
2026-09-25 00:48:45,Atıcı 1,1. Sabit Mesafe Poligonu,0,81.27,322.16,PARMAK
2026-09-25 00:48:47,Atıcı 1,1. Sabit Mesafe Poligonu,0,290.33,324.517,PARMAK
2026-09-25 00:48:47,Atıcı 1,1. Sabit Mesafe Poligonu,0,277.79,324.56,PARMAK
2026-09-25 00:48:48,Atıcı 1,1. Sabit Mesafe Poligonu,0,195.21,324.751,PARMAK
2026-09-25 00:48:48,Atıcı 1,1. Sabit Mesafe Poligonu,0,189.17,324.752,PARMAK
2026-09-25 00:48:48,Atıcı 1,1. Sabit Mesafe Poligonu,0,160.01,324.976,PARMAK
2026-09-25 00:48:48,Atıcı 1,1. Sabit Mesafe Poligonu,0,184.72,325.219,PARMAK
2026-09-25 00:48:48,Atıcı 1,1. Sabit Mesafe Poligonu,0,183.41,325.237,PARMAK
2026-09-25 00:48:48,Atıcı 1,1. Sabit Mesafe Poligonu,0,184.72,325.418,PARMAK
2026-09-25 00:48:48,Atıcı 1,1. Sabit Mesafe Poligonu,0,183.81,325.481,PARMAK
2026-09-25 00:48:52,Atıcı 1,1. Sabit Mesafe Poligonu,0,214.16,328.682,PARMAK
2026-09-25 00:48:52,Atıcı 1,1. Sabit Mesafe Poligonu,0,207.62,328.744,PARMAK
2026-09-25 00:48:52,Atıcı 1,1. Sabit Mesafe Poligonu,0,214.89,329.048,PARMAK
2026-09-25 00:48:55,Atıcı 1,1. Sabit Mesafe Poligonu,0,293.02,331.711,PARMAK
2026-09-25 00:48:55,Atıcı 1,1. Sabit Mesafe Poligonu,0,293.02,331.744,PARMAK
2026-09-25 00:48:56,Atıcı 1,1. Sabit Mesafe Poligonu,0,186.78,332.64,PARMAK
2026-09-25 00:48:56,Atıcı 1,1. Sabit Mesafe Poligonu,0,190.68,332.687,PARMAK
2026-09-25 00:50:24,Atıcı 1,1. Sabit Mesafe Poligonu,0,229.2,421.023,PARMAK
2026-09-25 00:50:24,Atıcı 1,1. Sabit Mesafe Poligonu,0,230.23,421.235,PARMAK
2026-09-25 00:50:24,Atıcı 1,1. Sabit Mesafe Poligonu,0,224.24,421.423,PARMAK
2026-09-25 00:50:26,Atıcı 1,1. Sabit Mesafe Poligonu,0,174.66,423.4,PARMAK
2026-09-25 00:50:26,Atıcı 1,1. Sabit Mesafe Poligonu,0,174.66,423.432,PARMAK
2026-09-25 00:50:26,Atıcı 1,1. Sabit Mesafe Poligonu,0,170.11,423.621,PARMAK
2026-09-25 00:50:27,Atıcı 1,1. Sabit Mesafe Poligonu,0,181.54,424.159,PARMAK
2026-09-25 00:50:30,Atıcı 1,1. Sabit Mesafe Poligonu,0,165.03,426.789,PARMAK
2026-09-25 00:50:30,Atıcı 1,1. Sabit Mesafe Poligonu,0,164.0,426.854,PARMAK
2026-09-25 00:50:31,Atıcı 1,1. Sabit Mesafe Poligonu,0,178.47,428.053,PARMAK
2026-09-25 00:50:37,Atıcı 1,1. Sabit Mesafe Poligonu,0,129.27,434.528,PARMAK
2026-09-25 00:50:38,Atıcı 1,1. Sabit Mesafe Poligonu,0,93.3,435.614,PARMAK
2026-09-25 00:50:38,Atıcı 1,1. Sabit Mesafe Poligonu,0,95.19,435.632,PARMAK
2026-09-25 00:50:46,Atıcı 1,1. Sabit Mesafe Poligonu,75,15.52,443.216,PARMAK
2026-09-25 00:50:46,Atıcı 1,1. Sabit Mesafe Poligonu,75,14.87,443.275,PARMAK
2026-09-25 00:50:46,Atıcı 1,1. Sabit Mesafe Poligonu,50,25.5,0.182,PARMAK
2026-09-25 00:50:47,Atıcı 1,1. Sabit Mesafe Poligonu,75,13.93,0.514,PARMAK
2026-09-25 00:50:47,Atıcı 1,1. Sabit Mesafe Poligonu,75,13.93,0.786,PARMAK
2026-09-25 00:50:56,Atıcı 1,1. Sabit Mesafe Poligonu,0,70.84,9.02,PARMAK
2026-09-25 00:51:05,Atıcı 1,1. Sabit Mesafe Poligonu,0,135.45,18.557,PARMAK
2026-09-25 00:51:05,Atıcı 1,1. Sabit Mesafe Poligonu,0,138.71,18.588,PARMAK
2026-09-25 00:51:07,Atıcı 1,1. Sabit Mesafe Poligonu,0,321.96,20.588,PARMAK
2026-09-25 00:51:08,Atıcı 1,1. Sabit Mesafe Poligonu,0,231.4,21.323,PARMAK
2026-09-25 00:51:08,Atıcı 1,1. Sabit Mesafe Poligonu,0,231.4,21.356,PARMAK
2026-09-25 00:51:09,Atıcı 1,1. Sabit Mesafe Poligonu,0,327.47,22.38,PARMAK
2026-09-25 00:51:09,Atıcı 1,1. Sabit Mesafe Poligonu,0,329.95,22.547,PARMAK
2026-09-25 00:51:09,Atıcı 1,1. Sabit Mesafe Poligonu,0,329.21,22.591,PARMAK
2026-09-25 00:51:10,Atıcı 1,1. Sabit Mesafe Poligonu,0,314.8,23.068,PARMAK
2026-09-25 00:51:10,Atıcı 1,1. Sabit Mesafe Poligonu,0,314.8,23.068,PARMAK
2026-09-25 00:51:10,Atıcı 1,1. Sabit Mesafe Poligonu,0,306.1,23.282,PARMAK
2026-09-25 00:51:10,Atıcı 1,1. Sabit Mesafe Poligonu,0,306.1,23.283,PARMAK
2026-09-25 00:51:10,Atıcı 1,1. Sabit Mesafe Poligonu,0,253.24,23.543,PARMAK
2026-09-25 00:51:10,Atıcı 1,1. Sabit Mesafe Poligonu,0,253.24,23.544,PARMAK
2026-09-25 00:51:11,Atıcı 1,1. Sabit Mesafe Poligonu,0,202.51,23.799,PARMAK
2026-09-25 00:51:11,Atıcı 1,1. Sabit Mesafe Poligonu,0,202.51,23.799,PARMAK
2026-09-25 00:51:11,Atıcı 1,1. Sabit Mesafe Poligonu,0,155.23,24.055,PARMAK
2026-09-25 00:51:11,Atıcı 1,1. Sabit Mesafe Poligonu,0,158.52,24.067,PARMAK
2026-09-25 00:51:11,Atıcı 1,1. Sabit Mesafe Poligonu,0,142.23,24.328,PARMAK
2026-09-25 00:51:11,Atıcı 1,1. Sabit Mesafe Poligonu,0,141.65,24.59,PARMAK
2026-09-25 00:51:11,Atıcı 1,1. Sabit Mesafe Poligonu,0,141.65,24.59,PARMAK
2026-09-25 00:51:12,Atıcı 1,1. Sabit Mesafe Poligonu,0,112.93,25.142,PARMAK
2026-09-25 00:51:12,Atıcı 1,1. Sabit Mesafe Poligonu,0,110.6,25.175,PARMAK
2026-09-25 00:51:13,Atıcı 1,1. Sabit Mesafe Poligonu,0,220.06,25.744,PARMAK
2026-09-25 00:51:13,Atıcı 1,1. Sabit Mesafe Poligonu,0,244.03,25.81,PARMAK
2026-09-25 00:51:13,Atıcı 1,1. Sabit Mesafe Poligonu,0,278.69,25.985,PARMAK
2026-09-25 00:51:13,Atıcı 1,1. Sabit Mesafe Poligonu,0,284.61,26.012,PARMAK
2026-09-25 00:51:21,Atıcı 1,1. Sabit Mesafe Poligonu,0,261.45,34.638,PARMAK
2026-09-25 00:51:22,Atıcı 1,1. Sabit Mesafe Poligonu,0,261.71,34.875,PARMAK
2026-09-25 00:51:34,Atıcı 1,1. Sabit Mesafe Poligonu,0,231.1,46.684,PARMAK
2026-09-25 00:51:34,Atıcı 1,1. Sabit Mesafe Poligonu,0,188.56,46.767,PARMAK
2026-09-25 00:51:34,Atıcı 1,1. Sabit Mesafe Poligonu,0,187.07,46.927,PARMAK
2026-09-25 00:51:34,Atıcı 1,1. Sabit Mesafe Poligonu,0,182.16,46.951,PARMAK
2026-09-25 00:51:34,Atıcı 1,1. Sabit Mesafe Poligonu,0,223.08,47.296,PARMAK
2026-09-25 00:51:34,Atıcı 1,1. Sabit Mesafe Poligonu,0,227.56,47.324,PARMAK
2026-09-25 00:51:35,Atıcı 1,1. Sabit Mesafe Poligonu,0,224.04,47.885,PARMAK
2026-09-25 00:51:35,Atıcı 1,1. Sabit Mesafe Poligonu,0,230.08,47.969,PARMAK
2026-09-25 00:51:35,Atıcı 1,1. Sabit Mesafe Poligonu,0,228.27,48.189,PARMAK
2026-09-25 00:51:36,Atıcı 1,1. Sabit Mesafe Poligonu,0,229.24,49.326,PARMAK
2026-09-25 00:51:36,Atıcı 1,1. Sabit Mesafe Poligonu,0,225.34,49.421,PARMAK
2026-09-25 00:51:37,Atıcı 1,1. Sabit Mesafe Poligonu,0,224.56,49.732,PARMAK
2026-09-25 00:51:37,Atıcı 1,1. Sabit Mesafe Poligonu,0,224.76,49.823,PARMAK
2026-09-25 00:51:37,Atıcı 1,1. Sabit Mesafe Poligonu,0,227.69,50.007,PARMAK
2026-09-25 00:51:37,Atıcı 1,1. Sabit Mesafe Poligonu,0,224.76,50.188,PARMAK
2026-09-25 00:51:37,Atıcı 1,1. Sabit Mesafe Poligonu,0,226.72,50.409,PARMAK
2026-09-25 00:51:37,Atıcı 1,1. Sabit Mesafe Poligonu,0,226.15,50.452,PARMAK
2026-09-25 00:51:37,Atıcı 1,1. Sabit Mesafe Poligonu,0,225.94,50.591,PARMAK
2026-09-25 00:51:38,Atıcı 1,1. Sabit Mesafe Poligonu,0,224.2,50.811,PARMAK
2026-09-25 00:51:38,Atıcı 1,1. Sabit Mesafe Poligonu,0,224.2,50.957,PARMAK
2026-09-25 00:51:38,Atıcı 1,1. Sabit Mesafe Poligonu,0,225.39,51.117,PARMAK
2026-09-25 00:51:38,Atıcı 1,1. Sabit Mesafe Poligonu,0,225.39,51.168,PARMAK
2026-09-25 00:51:38,Atıcı 1,1. Sabit Mesafe Poligonu,0,225.83,51.324,PARMAK
2026-09-25 00:51:38,Atıcı 1,1. Sabit Mesafe Poligonu,0,228.76,51.358,PARMAK
2026-09-25 00:51:38,Atıcı 1,1. Sabit Mesafe Poligonu,0,228.71,51.65,PARMAK
2026-09-25 00:51:39,Atıcı 1,1. Sabit Mesafe Poligonu,0,228.32,51.928,PARMAK
2026-09-25 00:51:39,Atıcı 1,1. Sabit Mesafe Poligonu,0,242.84,52.077,PARMAK
2026-09-25 00:51:43,Atıcı 1,1. Sabit Mesafe Poligonu,0,179.75,56.284,PARMAK
2026-09-25 00:51:43,Atıcı 1,1. Sabit Mesafe Poligonu,0,170.03,56.317,PARMAK
2026-09-25 00:51:43,Atıcı 1,1. Sabit Mesafe Poligonu,0,222.28,56.501,PARMAK
2026-09-25 00:51:43,Atıcı 1,1. Sabit Mesafe Poligonu,0,222.28,56.502,PARMAK
2026-09-25 00:51:44,Atıcı 1,1. Sabit Mesafe Poligonu,0,240.26,56.983,PARMAK
2026-09-25 00:51:45,Atıcı 1,1. Sabit Mesafe Poligonu,0,255.36,57.756,PARMAK
2026-09-25 00:51:46,Atıcı 1,1. Sabit Mesafe Poligonu,0,259.85,59.26,PARMAK
2026-09-25 00:51:46,Atıcı 1,1. Sabit Mesafe Poligonu,0,258.05,59.294,PARMAK
2026-09-25 00:51:47,Atıcı 1,1. Sabit Mesafe Poligonu,0,249.58,59.759,PARMAK
2026-09-25 00:51:47,Atıcı 1,1. Sabit Mesafe Poligonu,0,252.68,59.965,PARMAK
2026-09-25 00:51:48,Atıcı 1,1. Sabit Mesafe Poligonu,0,220.06,60.844,PARMAK
2026-09-25 00:51:48,Atıcı 1,1. Sabit Mesafe Poligonu,0,210.22,61.04,PARMAK
2026-09-25 00:51:48,Atıcı 1,1. Sabit Mesafe Poligonu,0,208.57,61.041,PARMAK
2026-09-25 00:51:49,Atıcı 1,1. Sabit Mesafe Poligonu,0,178.85,61.76,PARMAK
2026-09-25 00:51:51,Atıcı 1,1. Sabit Mesafe Poligonu,0,197.49,63.847,PARMAK
2026-09-25 00:51:51,Atıcı 1,1. Sabit Mesafe Poligonu,0,197.49,63.848,PARMAK
2026-09-25 00:51:52,Atıcı 1,1. Sabit Mesafe Poligonu,0,207.15,64.81,PARMAK
2026-09-25 00:51:54,Atıcı 1,1. Sabit Mesafe Poligonu,0,235.3,67.182,PARMAK
2026-09-25 00:51:54,Atıcı 1,1. Sabit Mesafe Poligonu,0,224.52,67.216,PARMAK
2026-09-25 00:52:04,Atıcı 1,1. Sabit Mesafe Poligonu,50,23.09,77.643,PARMAK
2026-09-25 00:52:05,Atıcı 1,1. Sabit Mesafe Poligonu,75,21.02,77.677,PARMAK
2026-09-25 00:52:05,Atıcı 1,1. Sabit Mesafe Poligonu,50,25.55,0.21,PARMAK
2026-09-25 00:52:47,Atıcı 1,1. Sabit Mesafe Poligonu,0,227.4,42.404,PARMAK
2026-09-25 00:52:48,Atıcı 1,1. Sabit Mesafe Poligonu,0,347.61,43.137,PARMAK
2026-09-25 00:52:48,Atıcı 1,1. Sabit Mesafe Poligonu,0,344.38,42.996,PARMAK
2026-09-25 00:52:49,Atıcı 1,1. Sabit Mesafe Poligonu,0,191.07,44.745,PARMAK
2026-09-25 00:52:51,Atıcı 1,1. Sabit Mesafe Poligonu,0,48.84,46.16,PARMAK
2026-09-25 00:52:51,Atıcı 1,1. Sabit Mesafe Poligonu,25,39.29,46.367,PARMAK
2026-09-25 00:52:51,Atıcı 1,1. Sabit Mesafe Poligonu,75,21.47,46.368,PARMAK
2026-09-25 00:52:51,Atıcı 1,1. Sabit Mesafe Poligonu,0,75.89,0.432,PARMAK
2026-09-25 00:52:52,Atıcı 1,1. Sabit Mesafe Poligonu,0,91.55,0.704,PARMAK
2026-09-25 00:52:52,Atıcı 1,1. Sabit Mesafe Poligonu,0,98.9,0.623,PARMAK
2026-09-25 00:53:04,Atıcı 1,1. Sabit Mesafe Poligonu,0,309.54,13.424,PARMAK
2026-09-25 00:53:05,Atıcı 1,1. Sabit Mesafe Poligonu,0,244.5,13.604,PARMAK
2026-09-25 00:53:05,Atıcı 1,1. Sabit Mesafe Poligonu,0,254.05,13.803,PARMAK
2026-09-25 00:53:05,Atıcı 1,1. Sabit Mesafe Poligonu,0,313.94,14.051,PARMAK
2026-09-25 00:53:05,Atıcı 1,1. Sabit Mesafe Poligonu,0,313.94,13.874,PARMAK
2026-09-25 00:53:05,Atıcı 1,1. Sabit Mesafe Poligonu,0,288.29,14.064,PARMAK
2026-09-25 00:53:11,Atıcı 1,1. Sabit Mesafe Poligonu,0,182.7,19.711,PARMAK
2026-09-25 00:53:11,Atıcı 1,1. Sabit Mesafe Poligonu,0,177.23,19.567,PARMAK
2026-09-25 00:53:35,Atıcı 1,1. Sabit Mesafe Poligonu,0,126.37,44.211,PARMAK
2026-09-25 00:53:35,Atıcı 1,1. Sabit Mesafe Poligonu,0,131.05,44.066,PARMAK
2026-09-25 00:53:38,Atıcı 1,1. Sabit Mesafe Poligonu,0,121.08,47.316,PARMAK
2026-09-25 00:53:38,Atıcı 1,1. Sabit Mesafe Poligonu,0,121.08,47.58,PARMAK
2026-09-25 00:53:39,Atıcı 1,1. Sabit Mesafe Poligonu,0,120.22,47.546,PARMAK
2026-09-25 00:53:39,Atıcı 1,1. Sabit Mesafe Poligonu,0,121.79,47.798,PARMAK
2026-09-25 00:53:39,Atıcı 1,1. Sabit Mesafe Poligonu,0,159.24,48.406,PARMAK
2026-09-25 00:53:39,Atıcı 1,1. Sabit Mesafe Poligonu,0,175.28,48.276,PARMAK
2026-09-25 00:54:36,Atıcı 1,1. Sabit Mesafe Poligonu,0,132.82,105.169,PARMAK
2026-09-25 00:54:36,Atıcı 1,1. Sabit Mesafe Poligonu,0,123.0,105.072,PARMAK
2026-09-25 00:54:36,Atıcı 1,1. Sabit Mesafe Poligonu,0,133.84,105.378,PARMAK
2026-09-25 00:54:39,Atıcı 1,1. Sabit Mesafe Poligonu,0,123.18,107.986,PARMAK
2026-09-25 00:54:39,Atıcı 1,1. Sabit Mesafe Poligonu,0,123.18,108.163,PARMAK
2026-09-25 00:54:44,Atıcı 1,1. Sabit Mesafe Poligonu,0,205.42,112.612,PARMAK
2026-09-25 00:54:44,Atıcı 1,1. Sabit Mesafe Poligonu,0,191.4,112.85,PARMAK
2026-09-25 00:54:44,Atıcı 1,1. Sabit Mesafe Poligonu,0,179.25,113.039,PARMAK
2026-09-25 00:54:48,Atıcı 1,1. Sabit Mesafe Poligonu,0,161.94,116.992,PARMAK
2026-09-25 00:54:48,Atıcı 1,1. Sabit Mesafe Poligonu,0,85.56,117.291,PARMAK
2026-09-25 00:54:48,Atıcı 1,1. Sabit Mesafe Poligonu,0,69.34,117.199,PARMAK
2026-09-25 00:54:50,Atıcı 1,1. Sabit Mesafe Poligonu,0,86.95,118.863,PARMAK
2026-09-25 00:54:50,Atıcı 1,1. Sabit Mesafe Poligonu,0,101.02,119.137,PARMAK
2026-09-25 00:58:23,Atıcı 1,1. Sabit Mesafe Poligonu,50,26.25,52.803,PARMAK
2026-09-25 00:58:24,Atıcı 1,1. Sabit Mesafe Poligonu,50,23.43,52.835,PARMAK
2026-09-25 00:59:07,Atıcı 1,1. Sabit Mesafe Poligonu,0,192.67,43.297,PARMAK
2026-09-25 00:59:07,Atıcı 1,1. Sabit Mesafe Poligonu,0,183.99,43.382,PARMAK
2026-09-25 00:59:07,Atıcı 1,1. Sabit Mesafe Poligonu,0,93.23,43.793,PARMAK
2026-09-25 00:59:07,Atıcı 1,1. Sabit Mesafe Poligonu,0,89.69,43.912,PARMAK
2026-09-25 00:59:09,Atıcı 1,1. Sabit Mesafe Poligonu,0,75.45,45.168,PARMAK
2026-09-25 00:59:09,Atıcı 1,1. Sabit Mesafe Poligonu,0,74.4,45.299,PARMAK
2026-09-25 00:59:10,Atıcı 1,1. Sabit Mesafe Poligonu,0,361.86,46.257,PARMAK
2026-09-25 00:59:10,Atıcı 1,1. Sabit Mesafe Poligonu,0,361.86,46.291,PARMAK
2026-09-25 00:59:10,Atıcı 1,1. Sabit Mesafe Poligonu,0,180.94,46.559,PARMAK
2026-09-25 00:59:10,Atıcı 1,1. Sabit Mesafe Poligonu,0,196.47,46.624,PARMAK
2026-09-25 00:59:11,Atıcı 1,1. Sabit Mesafe Poligonu,0,169.28,47.745,PARMAK
2026-09-25 00:59:11,Atıcı 1,1. Sabit Mesafe Poligonu,0,169.28,47.713,PARMAK
2026-09-25 00:59:11,Atıcı 1,1. Sabit Mesafe Poligonu,0,120.7,47.964,PARMAK
2026-09-25 01:00:00,Atıcı 1,1. Sabit Mesafe Poligonu,0,304.6,96.897,PARMAK
2026-09-25 01:00:00,Atıcı 1,1. Sabit Mesafe Poligonu,0,303.95,96.965,PARMAK
2026-09-25 01:00:01,Atıcı 1,1. Sabit Mesafe Poligonu,0,206.3,97.171,PARMAK
2026-09-25 01:00:02,Atıcı 1,1. Sabit Mesafe Poligonu,0,155.86,98.034,PARMAK
2026-09-25 01:00:02,Atıcı 1,1. Sabit Mesafe Poligonu,0,151.65,98.096,PARMAK
2026-09-25 01:00:03,Atıcı 1,1. Sabit Mesafe Poligonu,0,95.85,99.388,PARMAK
2026-09-25 01:00:03,Atıcı 1,1. Sabit Mesafe Poligonu,0,100.72,99.604,PARMAK
2026-09-25 01:00:03,Atıcı 1,1. Sabit Mesafe Poligonu,0,104.64,99.856,PARMAK
2026-09-25 01:00:03,Atıcı 1,1. Sabit Mesafe Poligonu,0,104.64,99.92,PARMAK
2026-09-25 01:00:04,Atıcı 1,1. Sabit Mesafe Poligonu,0,99.04,100.691,PARMAK
2026-09-25 01:00:04,Atıcı 1,1. Sabit Mesafe Poligonu,0,99.04,100.688,PARMAK
2026-09-25 01:00:05,Atıcı 1,1. Sabit Mesafe Poligonu,0,115.31,101.456,PARMAK
2026-09-25 01:00:05,Atıcı 1,1. Sabit Mesafe Poligonu,0,174.77,101.612,PARMAK
2026-09-25 01:00:46,Atıcı 1,1. Sabit Mesafe Poligonu,0,179.14,142.721,PARMAK
2026-09-25 01:00:46,Atıcı 1,1. Sabit Mesafe Poligonu,0,182.02,142.72,PARMAK
2026-09-25 01:01:02,Atıcı 1,1. Sabit Mesafe Poligonu,0,102.49,158.16,PARMAK
2026-09-25 01:01:03,Atıcı 1,1. Sabit Mesafe Poligonu,0,94.43,159.552,PARMAK
2026-09-25 01:01:03,Atıcı 1,1. Sabit Mesafe Poligonu,0,161.06,159.856,PARMAK
2026-09-25 01:01:03,Atıcı 1,1. Sabit Mesafe Poligonu,0,137.3,159.921,PARMAK
2026-09-25 01:01:07,Atıcı 1,1. Sabit Mesafe Poligonu,0,140.68,163.087,PARMAK
2026-09-25 01:01:07,Atıcı 1,1. Sabit Mesafe Poligonu,0,99.05,163.456,PARMAK
2026-09-25 01:01:07,Atıcı 1,1. Sabit Mesafe Poligonu,0,97.08,163.66,PARMAK
2026-09-25 01:01:07,Atıcı 1,1. Sabit Mesafe Poligonu,0,105.76,163.732,PARMAK
2026-09-25 01:01:22,Atıcı 1,1. Sabit Mesafe Poligonu,0,264.17,178.369,PARMAK
2026-09-25 01:01:27,Atıcı 1,1. Sabit Mesafe Poligonu,0,208.56,183.677,PARMAK
2026-09-25 01:01:27,Atıcı 1,1. Sabit Mesafe Poligonu,0,205.99,183.73,PARMAK
2026-09-25 01:01:29,Atıcı 1,1. Sabit Mesafe Poligonu,0,147.65,185.12,PARMAK
2026-09-25 01:01:29,Atıcı 1,1. Sabit Mesafe Poligonu,0,144.25,185.393,PARMAK
2026-09-25 01:01:29,Atıcı 1,1. Sabit Mesafe Poligonu,0,170.14,185.521,PARMAK
2026-09-25 01:01:29,Atıcı 1,1. Sabit Mesafe Poligonu,0,165.5,185.602,PARMAK
2026-09-25 01:02:14,Atıcı 1,1. Sabit Mesafe Poligonu,0,170.02,230.896,PARMAK
2026-09-25 01:02:14,Atıcı 1,1. Sabit Mesafe Poligonu,0,155.47,230.898,PARMAK
2026-09-25 01:02:26,Atıcı 1,1. Sabit Mesafe Poligonu,0,153.83,242.655,PARMAK
2026-09-25 01:02:26,Atıcı 1,1. Sabit Mesafe Poligonu,0,153.06,242.721,PARMAK
2026-09-25 01:02:34,Atıcı 1,1. Sabit Mesafe Poligonu,0,150.08,250.591,PARMAK
2026-09-25 01:02:34,Atıcı 1,1. Sabit Mesafe Poligonu,0,146.65,250.658,PARMAK
2026-09-25 01:02:35,Atıcı 1,1. Sabit Mesafe Poligonu,0,168.66,251.024,PARMAK
2026-09-25 01:08:33,Atıcı 1,1. Sabit Mesafe Poligonu,0,215.34,43.053,PARMAK
2026-09-25 01:08:33,Atıcı 1,1. Sabit Mesafe Poligonu,0,201.8,43.085,PARMAK
2026-09-25 01:08:34,Atıcı 1,1. Sabit Mesafe Poligonu,0,123.43,43.743,PARMAK
2026-09-25 01:08:37,Atıcı 1,1. Sabit Mesafe Poligonu,0,153.38,46.476,PARMAK
2026-09-25 01:08:37,Atıcı 1,1. Sabit Mesafe Poligonu,0,139.13,47.21,PARMAK
2026-09-25 01:08:37,Atıcı 1,1. Sabit Mesafe Poligonu,0,164.14,47.245,PARMAK
2026-09-25 01:08:38,Atıcı 1,1. Sabit Mesafe Poligonu,0,238.4,48.191,PARMAK
2026-09-25 01:08:38,Atıcı 1,1. Sabit Mesafe Poligonu,0,238.4,48.192,PARMAK
2026-09-25 01:08:38,Atıcı 1,1. Sabit Mesafe Poligonu,0,245.18,48.372,PARMAK
2026-09-25 01:14:26,Atıcı 1,1. Sabit Mesafe Poligonu,0,234.56,395.548,PARMAK
2026-09-25 01:14:26,Atıcı 1,1. Sabit Mesafe Poligonu,0,230.46,395.579,PARMAK
2026-09-25 01:14:26,Atıcı 1,1. Sabit Mesafe Poligonu,0,165.02,395.852,PARMAK
2026-09-25 01:14:30,Atıcı 1,1. Sabit Mesafe Poligonu,0,166.03,399.707,PARMAK
2026-09-25 01:14:30,Atıcı 1,1. Sabit Mesafe Poligonu,0,174.77,399.744,PARMAK
2026-09-25 01:14:33,Atıcı 1,1. Sabit Mesafe Poligonu,0,187.0,402.811,PARMAK
2026-09-25 01:14:33,Atıcı 1,1. Sabit Mesafe Poligonu,0,151.35,403.093,PARMAK
2026-09-25 01:14:33,Atıcı 1,1. Sabit Mesafe Poligonu,0,159.42,403.18,PARMAK
2026-09-25 01:14:35,Atıcı 1,1. Sabit Mesafe Poligonu,0,125.24,404.57,PARMAK
2026-09-25 01:14:35,Atıcı 1,1. Sabit Mesafe Poligonu,0,130.61,404.603,PARMAK
2026-09-25 01:14:38,Atıcı 1,1. Sabit Mesafe Poligonu,0,130.0,407.643,PARMAK
2026-09-25 01:14:38,Atıcı 1,1. Sabit Mesafe Poligonu,0,161.64,407.676,PARMAK
2026-09-25 01:14:38,Atıcı 1,1. Sabit Mesafe Poligonu,0,133.0,408.107,PARMAK
2026-09-25 01:15:49,Atıcı 1,1. Sabit Mesafe Poligonu,0,176.71,479.306,PARMAK
2026-09-25 01:15:49,Atıcı 1,1. Sabit Mesafe Poligonu,0,165.02,479.34,PARMAK
2026-09-25 01:15:52,Atıcı 1,1. Sabit Mesafe Poligonu,0,92.31,481.481,PARMAK
2026-09-25 01:16:33,Atıcı 1,1. Sabit Mesafe Poligonu,0,130.91,522.601,PARMAK
2026-09-25 01:16:33,Atıcı 1,1. Sabit Mesafe Poligonu,0,164.6,522.788,PARMAK
2026-09-25 01:16:33,Atıcı 1,1. Sabit Mesafe Poligonu,0,166.41,522.831,PARMAK
2026-09-25 01:16:33,Atıcı 1,1. Sabit Mesafe Poligonu,0,142.64,523.029,PARMAK
2026-09-25 01:16:34,Atıcı 1,1. Sabit Mesafe Poligonu,0,171.19,524.261,PARMAK
2026-09-25 01:16:35,Atıcı 1,1. Sabit Mesafe Poligonu,0,169.2,525.093,PARMAK
2026-09-25 01:16:36,Atıcı 1,1. Sabit Mesafe Poligonu,0,159.01,526.355,PARMAK
2026-09-25 01:16:36,Atıcı 1,1. Sabit Mesafe Poligonu,0,178.9,526.452,PARMAK
2026-09-25 01:16:37,Atıcı 1,1. Sabit Mesafe Poligonu,0,157.21,526.762,PARMAK
2026-09-25 01:16:37,Atıcı 1,1. Sabit Mesafe Poligonu,0,173.97,527.038,PARMAK
2026-09-25 01:16:37,Atıcı 1,1. Sabit Mesafe Poligonu,0,156.34,527.302,PARMAK
2026-09-25 01:16:37,Atıcı 1,1. Sabit Mesafe Poligonu,0,173.97,527.375,PARMAK
2026-09-25 01:16:38,Atıcı 1,1. Sabit Mesafe Poligonu,0,167.28,527.534,PARMAK
2026-09-25 01:16:38,Atıcı 1,1. Sabit Mesafe Poligonu,0,164.64,527.622,PARMAK
2026-09-25 01:17:00,Atıcı 1,1. Sabit Mesafe Poligonu,0,135.25,550.171,PARMAK
2026-09-25 01:17:00,Atıcı 1,1. Sabit Mesafe Poligonu,0,137.23,550.202,PARMAK
2026-09-25 01:17:24,Atıcı 1,1. Sabit Mesafe Poligonu,0,107.2,574.138,PARMAK
2026-09-25 01:17:24,Atıcı 1,1. Sabit Mesafe Poligonu,0,108.93,574.189,PARMAK
2026-09-25 01:17:41,Atıcı 1,1. Sabit Mesafe Poligonu,0,96.93,590.908,PARMAK
2026-09-25 01:17:41,Atıcı 1,1. Sabit Mesafe Poligonu,0,89.69,590.948,PARMAK
2026-09-25 01:17:41,Atıcı 1,1. Sabit Mesafe Poligonu,0,95.29,591.237,PARMAK
2026-09-25 01:17:58,Atıcı 1,1. Sabit Mesafe Poligonu,0,142.71,608.143,PARMAK
2026-09-25 01:17:58,Atıcı 1,1. Sabit Mesafe Poligonu,0,116.5,608.299,PARMAK
2026-09-25 01:17:58,Atıcı 1,1. Sabit Mesafe Poligonu,0,111.83,608.344,PARMAK
2026-09-25 01:17:59,Atıcı 1,1. Sabit Mesafe Poligonu,0,145.87,608.889,PARMAK
2026-09-25 01:17:59,Atıcı 1,1. Sabit Mesafe Poligonu,0,146.01,609.099,PARMAK
2026-09-25 01:17:59,Atıcı 1,1. Sabit Mesafe Poligonu,0,153.81,609.286,PARMAK
2026-09-25 01:18:00,Atıcı 1,1. Sabit Mesafe Poligonu,0,154.26,609.498,PARMAK
2026-09-25 01:18:00,Atıcı 1,1. Sabit Mesafe Poligonu,0,152.27,609.594,PARMAK
2026-09-25 01:18:01,Atıcı 1,1. Sabit Mesafe Poligonu,0,160.03,611.197,PARMAK
2026-09-25 01:18:03,Atıcı 1,1. Sabit Mesafe Poligonu,0,162.25,612.943,PARMAK
2026-09-25 01:18:03,Atıcı 1,1. Sabit Mesafe Poligonu,0,162.25,613.065,PARMAK
2026-09-25 01:18:06,Atıcı 1,1. Sabit Mesafe Poligonu,0,149.4,616.234,PARMAK
2026-09-25 01:18:06,Atıcı 1,1. Sabit Mesafe Poligonu,0,148.81,616.265,PARMAK
2026-09-25 01:18:07,Atıcı 1,1. Sabit Mesafe Poligonu,0,149.26,616.763,PARMAK
2026-09-25 01:18:07,Atıcı 1,1. Sabit Mesafe Poligonu,0,149.62,616.888,PARMAK
2026-09-25 01:18:07,Atıcı 1,1. Sabit Mesafe Poligonu,0,151.6,617.165,PARMAK
2026-09-25 01:18:10,Atıcı 1,1. Sabit Mesafe Poligonu,0,152.05,619.643,PARMAK
2026-09-25 01:18:14,Atıcı 1,1. Sabit Mesafe Poligonu,0,145.8,624.265,PARMAK
2026-09-25 01:18:15,Atıcı 1,1. Sabit Mesafe Poligonu,0,145.0,624.601,PARMAK
2026-09-25 01:18:16,Atıcı 1,1. Sabit Mesafe Poligonu,0,143.22,625.594,PARMAK
2026-09-25 01:18:16,Atıcı 1,1. Sabit Mesafe Poligonu,0,145.24,626.202,PARMAK
2026-09-25 01:18:18,Atıcı 1,1. Sabit Mesafe Poligonu,0,142.44,627.645,PARMAK
2026-09-25 01:18:19,Atıcı 1,1. Sabit Mesafe Poligonu,0,143.41,628.508,PARMAK
2026-09-25 01:18:20,Atıcı 1,1. Sabit Mesafe Poligonu,0,151.01,630.267,PARMAK
2026-09-25 01:18:44,Atıcı 1,1. Sabit Mesafe Poligonu,0,152.87,653.682,PARMAK
2026-09-25 01:18:44,Atıcı 1,1. Sabit Mesafe Poligonu,0,152.87,653.706,PARMAK
2026-09-25 01:18:45,Atıcı 1,1. Sabit Mesafe Poligonu,0,147.3,655.286,PARMAK
2026-09-25 01:18:48,Atıcı 1,1. Sabit Mesafe Poligonu,0,146.6,658.043,PARMAK
2026-09-25 01:18:52,Atıcı 1,1. Sabit Mesafe Poligonu,0,156.98,661.929,PARMAK
2026-09-25 01:18:52,Atıcı 1,1. Sabit Mesafe Poligonu,0,118.19,662.043,PARMAK
2026-09-25 01:18:52,Atıcı 1,1. Sabit Mesafe Poligonu,0,144.36,662.234,PARMAK
2026-09-25 01:18:52,Atıcı 1,1. Sabit Mesafe Poligonu,0,142.86,662.265,PARMAK
2026-09-25 01:18:53,Atıcı 1,1. Sabit Mesafe Poligonu,0,140.42,662.635,PARMAK
2026-09-25 01:18:54,Atıcı 1,1. Sabit Mesafe Poligonu,0,167.62,663.786,PARMAK
2026-09-25 01:18:54,Atıcı 1,1. Sabit Mesafe Poligonu,0,203.04,663.872,PARMAK
2026-09-25 01:18:54,Atıcı 1,1. Sabit Mesafe Poligonu,0,160.03,664.087,PARMAK
2026-09-25 01:18:54,Atıcı 1,1. Sabit Mesafe Poligonu,0,108.41,664.141,PARMAK
2026-09-25 01:19:03,Atıcı 1,1. Sabit Mesafe Poligonu,0,142.56,672.5,PARMAK
2026-09-25 01:19:05,Atıcı 1,1. Sabit Mesafe Poligonu,0,141.17,674.659,PARMAK
2026-09-25 01:19:06,Atıcı 1,1. Sabit Mesafe Poligonu,0,140.62,675.558,PARMAK
2026-09-25 01:19:06,Atıcı 1,1. Sabit Mesafe Poligonu,0,140.9,675.64,PARMAK
2026-09-25 01:19:07,Atıcı 1,1. Sabit Mesafe Poligonu,0,139.23,676.627,PARMAK
2026-09-25 01:19:07,Atıcı 1,1. Sabit Mesafe Poligonu,0,141.17,677.444,PARMAK
2026-09-25 01:19:08,Atıcı 1,1. Sabit Mesafe Poligonu,0,142.56,677.46,PARMAK
2026-09-25 01:19:08,Atıcı 1,1. Sabit Mesafe Poligonu,0,141.45,677.828,PARMAK
2026-09-25 01:19:09,Atıcı 1,1. Sabit Mesafe Poligonu,0,140.35,678.628,PARMAK
2026-09-25 01:19:09,Atıcı 1,1. Sabit Mesafe Poligonu,0,140.91,679.059,PARMAK
2026-09-25 01:19:09,Atıcı 1,1. Sabit Mesafe Poligonu,0,141.74,679.237,PARMAK
2026-09-25 01:19:09,Atıcı 1,1. Sabit Mesafe Poligonu,0,141.45,679.272,PARMAK
2026-09-25 01:19:10,Atıcı 1,1. Sabit Mesafe Poligonu,0,141.45,679.46,PARMAK
2026-09-25 01:19:10,Atıcı 1,1. Sabit Mesafe Poligonu,0,143.22,679.557,PARMAK
2026-09-25 01:20:18,Atıcı 1,1. Sabit Mesafe Poligonu,0,210.01,748.304,PARMAK
2026-09-25 01:20:19,Atıcı 1,1. Sabit Mesafe Poligonu,0,152.3,748.796,PARMAK
2026-09-25 01:20:20,Atıcı 1,1. Sabit Mesafe Poligonu,0,221.14,750.058,PARMAK
2026-09-25 01:20:20,Atıcı 1,1. Sabit Mesafe Poligonu,0,217.2,750.22,PARMAK
2026-09-25 01:20:21,Atıcı 1,1. Sabit Mesafe Poligonu,0,220.23,751.151,PARMAK
2026-09-25 01:20:21,Atıcı 1,1. Sabit Mesafe Poligonu,0,220.23,751.151,PARMAK
2026-09-25 01:20:22,Atıcı 1,1. Sabit Mesafe Poligonu,0,224.47,751.787,PARMAK
2026-09-25 01:20:23,Atıcı 1,1. Sabit Mesafe Poligonu,0,222.91,752.523,PARMAK
2026-09-25 01:20:23,Atıcı 1,1. Sabit Mesafe Poligonu,0,223.66,752.628,PARMAK
2026-09-25 01:20:23,Atıcı 1,1. Sabit Mesafe Poligonu,0,223.21,753.26,PARMAK
2026-09-25 01:20:24,Atıcı 1,1. Sabit Mesafe Poligonu,0,223.66,753.868,PARMAK
2026-09-25 01:20:24,Atıcı 1,1. Sabit Mesafe Poligonu,0,223.66,753.867,PARMAK
2026-09-25 01:20:25,Atıcı 1,1. Sabit Mesafe Poligonu,0,218.66,754.803,PARMAK
2026-09-25 01:20:25,Atıcı 1,1. Sabit Mesafe Poligonu,0,217.85,754.829,PARMAK
2026-09-25 01:20:26,Atıcı 1,1. Sabit Mesafe Poligonu,0,169.43,755.732,PARMAK
2026-09-25 01:20:26,Atıcı 1,1. Sabit Mesafe Poligonu,0,171.03,755.769,PARMAK
2026-09-25 01:20:34,Atıcı 1,1. Sabit Mesafe Poligonu,0,144.17,763.822,PARMAK
2026-09-25 01:20:34,Atıcı 1,1. Sabit Mesafe Poligonu,0,142.2,763.872,PARMAK
2026-09-25 01:20:34,Atıcı 1,1. Sabit Mesafe Poligonu,0,146.45,764.127,PARMAK
2026-09-25 01:20:37,Atıcı 1,1. Sabit Mesafe Poligonu,0,150.86,766.836,PARMAK
2026-09-25 01:21:15,Atıcı 1,1. Sabit Mesafe Poligonu,0,262.02,805.195,PARMAK
2026-09-25 01:21:24,Atıcı 1,1. Sabit Mesafe Poligonu,0,327.96,813.961,PARMAK
2026-09-25 01:21:24,Atıcı 1,1. Sabit Mesafe Poligonu,0,329.46,813.995,PARMAK
2026-09-25 01:21:28,Atıcı 1,1. Sabit Mesafe Poligonu,0,159.89,818.388,PARMAK
2026-09-25 01:21:28,Atıcı 1,1. Sabit Mesafe Poligonu,0,159.89,818.391,PARMAK
2026-09-25 01:21:30,Atıcı 1,1. Sabit Mesafe Poligonu,0,320.13,820.039,PARMAK
2026-09-25 01:21:30,Atıcı 1,1. Sabit Mesafe Poligonu,0,320.13,820.039,PARMAK
2026-09-25 01:21:30,Atıcı 1,1. Sabit Mesafe Poligonu,0,320.04,820.27,PARMAK
2026-09-25 01:21:30,Atıcı 1,1. Sabit Mesafe Poligonu,0,320.01,820.313,PARMAK
2026-09-25 01:21:32,Atıcı 1,1. Sabit Mesafe Poligonu,0,307.98,821.763,PARMAK
2026-09-25 01:21:32,Atıcı 1,1. Sabit Mesafe Poligonu,0,319.56,821.789,PARMAK
2026-09-25 01:21:33,Atıcı 1,1. Sabit Mesafe Poligonu,0,296.44,823.212,PARMAK
2026-09-25 01:21:33,Atıcı 1,1. Sabit Mesafe Poligonu,0,286.67,823.248,PARMAK
2026-09-25 01:21:34,Atıcı 1,1. Sabit Mesafe Poligonu,0,265.6,823.719,PARMAK
2026-09-25 01:21:34,Atıcı 1,1. Sabit Mesafe Poligonu,0,217.9,823.851,PARMAK
2026-09-25 01:21:34,Atıcı 1,1. Sabit Mesafe Poligonu,0,160.46,824.418,PARMAK
2026-09-25 01:21:35,Atıcı 1,1. Sabit Mesafe Poligonu,0,156.22,824.626,PARMAK
2026-09-25 01:21:35,Atıcı 1,1. Sabit Mesafe Poligonu,0,154.98,824.815,PARMAK
2026-09-25 01:21:35,Atıcı 1,1. Sabit Mesafe Poligonu,0,163.37,824.875,PARMAK
2026-09-25 01:21:36,Atıcı 1,1. Sabit Mesafe Poligonu,0,165.6,825.467,PARMAK
2026-09-25 01:21:36,Atıcı 1,1. Sabit Mesafe Poligonu,0,154.54,825.713,PARMAK
2026-09-25 01:21:36,Atıcı 1,1. Sabit Mesafe Poligonu,0,165.6,825.95,PARMAK
2026-09-25 01:21:36,Atıcı 1,1. Sabit Mesafe Poligonu,0,164.18,826.2,PARMAK
2026-09-25 01:21:36,Atıcı 1,1. Sabit Mesafe Poligonu,0,146.32,826.289,PARMAK
2026-09-25 01:21:37,Atıcı 1,1. Sabit Mesafe Poligonu,0,162.89,826.531,PARMAK
2026-09-25 01:21:37,Atıcı 1,1. Sabit Mesafe Poligonu,0,163.27,827.033,PARMAK
2026-09-25 01:21:37,Atıcı 1,1. Sabit Mesafe Poligonu,0,167.59,827.309,PARMAK
2026-09-25 01:21:37,Atıcı 1,1. Sabit Mesafe Poligonu,0,173.93,827.404,PARMAK
2026-09-25 01:21:38,Atıcı 1,1. Sabit Mesafe Poligonu,0,176.01,827.596,PARMAK
2026-09-25 01:21:46,Atıcı 1,1. Sabit Mesafe Poligonu,0,182.36,835.725,PARMAK
2026-09-25 01:21:46,Atıcı 1,1. Sabit Mesafe Poligonu,0,172.33,836.09,PARMAK
2026-09-25 01:21:46,Atıcı 1,1. Sabit Mesafe Poligonu,0,220.62,836.394,PARMAK
2026-09-25 01:21:47,Atıcı 1,1. Sabit Mesafe Poligonu,0,220.69,836.518,PARMAK
2026-09-25 01:21:47,Atıcı 1,1. Sabit Mesafe Poligonu,0,225.59,836.61,PARMAK
2026-09-25 01:21:47,Atıcı 1,1. Sabit Mesafe Poligonu,0,304.61,837.226,PARMAK
2026-09-25 01:21:47,Atıcı 1,1. Sabit Mesafe Poligonu,0,314.27,837.403,PARMAK
2026-09-25 01:21:48,Atıcı 1,1. Sabit Mesafe Poligonu,0,306.54,838.206,PARMAK
2026-09-25 01:21:49,Atıcı 1,1. Sabit Mesafe Poligonu,0,225.14,839.001,PARMAK
2026-09-25 01:21:49,Atıcı 1,1. Sabit Mesafe Poligonu,0,225.14,838.999,PARMAK
2026-09-25 01:31:10,Atıcı 1,1. Sabit Mesafe Poligonu,0,182.61,1399.999,PARMAK
2026-09-25 01:31:10,Atıcı 1,1. Sabit Mesafe Poligonu,0,182.61,1400.001,PARMAK
2026-09-25 01:31:10,Atıcı 1,1. Sabit Mesafe Poligonu,0,191.0,1400.186,PARMAK
2026-09-25 01:31:10,Atıcı 1,1. Sabit Mesafe Poligonu,0,201.59,1400.286,PARMAK
2026-09-25 01:31:10,Atıcı 1,1. Sabit Mesafe Poligonu,0,234.08,1400.396,PARMAK
2026-09-25 01:31:14,Atıcı 1,1. Sabit Mesafe Poligonu,0,328.25,1403.817,PARMAK
2026-09-25 01:31:14,Atıcı 1,1. Sabit Mesafe Poligonu,0,199.32,1403.913,PARMAK
2026-09-25 01:31:14,Atıcı 1,1. Sabit Mesafe Poligonu,0,209.8,1404.314,PARMAK
2026-09-25 01:31:14,Atıcı 1,1. Sabit Mesafe Poligonu,0,207.0,1404.346,PARMAK
2026-09-25 01:31:15,Atıcı 1,1. Sabit Mesafe Poligonu,0,250.14,1404.649,PARMAK
2026-09-25 01:31:15,Atıcı 1,1. Sabit Mesafe Poligonu,0,259.79,1404.683,PARMAK
2026-09-25 01:31:29,Atıcı 1,1. Sabit Mesafe Poligonu,0,190.08,1418.603,PARMAK
2026-09-25 01:31:31,Atıcı 1,1. Sabit Mesafe Poligonu,0,171.29,1420.842,PARMAK
2026-09-25 01:32:10,Atıcı 1,1. Sabit Mesafe Poligonu,0,74.06,1459.496,PARMAK
2026-09-25 01:32:10,Atıcı 1,1. Sabit Mesafe Poligonu,0,73.36,1459.845,PARMAK
2026-09-25 01:32:10,Atıcı 1,1. Sabit Mesafe Poligonu,0,78.89,1459.88,PARMAK
2026-09-25 01:32:54,Atıcı 1,1. Sabit Mesafe Poligonu,0,316.75,1504.366,PARMAK
2026-09-25 01:32:54,Atıcı 1,1. Sabit Mesafe Poligonu,0,316.75,1504.366,PARMAK
2026-09-25 01:32:55,Atıcı 1,1. Sabit Mesafe Poligonu,0,319.83,1505.131,PARMAK
2026-09-25 01:32:56,Atıcı 1,1. Sabit Mesafe Poligonu,0,335.34,1505.658,PARMAK
2026-09-25 01:33:11,Atıcı 1,1. Sabit Mesafe Poligonu,0,236.03,1520.602,PARMAK
2026-09-25 01:33:11,Atıcı 1,1. Sabit Mesafe Poligonu,0,212.01,1520.633,PARMAK
2026-09-25 01:33:11,Atıcı 1,1. Sabit Mesafe Poligonu,0,138.0,1521.091,PARMAK
2026-09-25 01:33:11,Atıcı 1,1. Sabit Mesafe Poligonu,0,135.0,1521.208,PARMAK
2026-09-25 01:33:12,Atıcı 1,1. Sabit Mesafe Poligonu,0,144.47,1522.265,PARMAK
2026-09-25 01:33:12,Atıcı 1,1. Sabit Mesafe Poligonu,0,146.69,1522.298,PARMAK
2026-09-25 01:33:15,Atıcı 1,1. Sabit Mesafe Poligonu,0,106.96,1524.973,PARMAK
2026-09-25 01:33:15,Atıcı 1,1. Sabit Mesafe Poligonu,0,138.01,1525.241,PARMAK
2026-09-25 01:33:18,Atıcı 1,1. Sabit Mesafe Poligonu,0,54.82,1527.499,PARMAK
2026-09-25 01:33:18,Atıcı 1,1. Sabit Mesafe Poligonu,0,221.0,1527.867,PARMAK
2026-09-25 01:33:18,Atıcı 1,1. Sabit Mesafe Poligonu,0,221.73,1527.897,PARMAK
2026-09-25 01:33:18,Atıcı 1,1. Sabit Mesafe Poligonu,0,240.28,1528.169,PARMAK
2026-09-25 01:33:22,Atıcı 1,1. Sabit Mesafe Poligonu,0,213.84,1532.137,PARMAK
2026-09-25 01:33:22,Atıcı 1,1. Sabit Mesafe Poligonu,0,191.13,1532.254,PARMAK
2026-09-25 01:33:23,Atıcı 1,1. Sabit Mesafe Poligonu,0,82.49,1532.721,PARMAK
2026-09-25 01:33:23,Atıcı 1,1. Sabit Mesafe Poligonu,0,78.1,1532.73,PARMAK
2026-09-25 01:33:23,Atıcı 1,1. Sabit Mesafe Poligonu,0,85.7,1533.131,PARMAK
2026-09-25 01:33:24,Atıcı 1,1. Sabit Mesafe Poligonu,0,102.84,1533.754,PARMAK
2026-09-25 01:33:24,Atıcı 1,1. Sabit Mesafe Poligonu,0,104.05,1533.787,PARMAK
2026-09-25 01:33:25,Atıcı 1,1. Sabit Mesafe Poligonu,0,93.01,1534.479,PARMAK
2026-09-25 01:33:25,Atıcı 1,1. Sabit Mesafe Poligonu,0,96.46,1534.512,PARMAK
2026-09-25 01:33:25,Atıcı 1,1. Sabit Mesafe Poligonu,0,107.78,1535.263,PARMAK
2026-09-25 01:33:25,Atıcı 1,1. Sabit Mesafe Poligonu,0,108.23,1535.278,PARMAK
2026-09-25 01:33:26,Atıcı 1,1. Sabit Mesafe Poligonu,0,94.64,1535.593,PARMAK
2026-09-25 01:33:26,Atıcı 1,1. Sabit Mesafe Poligonu,0,97.08,1535.626,PARMAK
2026-09-25 01:33:26,Atıcı 1,1. Sabit Mesafe Poligonu,0,97.27,1535.835,PARMAK
2026-09-25 01:33:29,Atıcı 1,1. Sabit Mesafe Poligonu,0,125.3,1538.493,PARMAK
2026-09-25 01:33:29,Atıcı 1,1. Sabit Mesafe Poligonu,0,127.28,1538.536,PARMAK
2026-09-25 01:33:29,Atıcı 1,1. Sabit Mesafe Poligonu,0,133.2,1538.779,PARMAK
2026-09-25 01:33:29,Atıcı 1,1. Sabit Mesafe Poligonu,0,134.63,1538.955,PARMAK
2026-09-25 01:33:29,Atıcı 1,1. Sabit Mesafe Poligonu,0,133.33,1538.985,PARMAK
2026-09-25 01:33:29,Atıcı 1,1. Sabit Mesafe Poligonu,0,126.19,1539.419,PARMAK
2026-09-25 01:33:29,Atıcı 1,1. Sabit Mesafe Poligonu,0,126.53,1539.42,PARMAK
2026-09-25 01:33:30,Atıcı 1,1. Sabit Mesafe Poligonu,0,129.38,1539.694,PARMAK
2026-09-25 01:33:30,Atıcı 1,1. Sabit Mesafe Poligonu,0,132.23,1539.737,PARMAK
2026-09-25 01:33:30,Atıcı 1,1. Sabit Mesafe Poligonu,0,131.73,1540.377,PARMAK
2026-09-25 01:33:31,Atıcı 1,1. Sabit Mesafe Poligonu,0,162.36,1541.333,PARMAK
2026-09-25 01:33:34,Atıcı 1,1. Sabit Mesafe Poligonu,0,96.77,1544.444,PARMAK
2026-09-25 01:33:35,Atıcı 1,1. Sabit Mesafe Poligonu,0,94.54,1544.492,PARMAK
2026-09-25 01:33:37,Atıcı 1,1. Sabit Mesafe Poligonu,0,124.92,1546.579,PARMAK
2026-09-25 01:33:39,Atıcı 1,1. Sabit Mesafe Poligonu,0,133.38,1549.334,PARMAK
2026-09-25 01:33:39,Atıcı 1,1. Sabit Mesafe Poligonu,0,135.09,1549.356,PARMAK
2026-09-25 01:33:40,Atıcı 1,1. Sabit Mesafe Poligonu,0,128.47,1550.218,PARMAK
2026-09-25 01:33:40,Atıcı 1,1. Sabit Mesafe Poligonu,0,123.26,1550.251,PARMAK
2026-09-25 01:33:41,Atıcı 1,1. Sabit Mesafe Poligonu,0,97.29,1551.115,PARMAK
2026-09-25 01:33:41,Atıcı 1,1. Sabit Mesafe Poligonu,0,98.76,1551.145,PARMAK
2026-09-25 01:33:43,Atıcı 1,1. Sabit Mesafe Poligonu,0,85.33,1553.104,PARMAK
2026-09-25 01:33:43,Atıcı 1,1. Sabit Mesafe Poligonu,0,84.34,1553.135,PARMAK
2026-09-25 01:33:44,Atıcı 1,1. Sabit Mesafe Poligonu,0,79.08,1553.622,PARMAK
2026-09-25 01:33:46,Atıcı 1,1. Sabit Mesafe Poligonu,0,129.28,1555.817,PARMAK
2026-09-25 01:33:46,Atıcı 1,1. Sabit Mesafe Poligonu,0,126.85,1555.852,PARMAK
2026-09-25 01:33:46,Atıcı 1,1. Sabit Mesafe Poligonu,0,128.1,1556.093,PARMAK
2026-09-25 01:33:46,Atıcı 1,1. Sabit Mesafe Poligonu,0,129.54,1556.182,PARMAK
2026-09-25 01:33:47,Atıcı 1,1. Sabit Mesafe Poligonu,0,128.1,1556.682,PARMAK
2026-09-25 01:33:47,Atıcı 1,1. Sabit Mesafe Poligonu,0,129.81,1556.717,PARMAK
2026-09-25 01:33:47,Atıcı 1,1. Sabit Mesafe Poligonu,0,123.49,1557.212,PARMAK
2026-09-25 01:33:47,Atıcı 1,1. Sabit Mesafe Poligonu,0,123.49,1557.355,PARMAK
2026-09-25 01:33:48,Atıcı 1,1. Sabit Mesafe Poligonu,0,122.8,1557.547,PARMAK
2026-09-25 01:33:48,Atıcı 1,1. Sabit Mesafe Poligonu,0,123.76,1557.647,PARMAK
2026-09-25 01:33:48,Atıcı 1,1. Sabit Mesafe Poligonu,0,124.43,1557.827,PARMAK
2026-09-25 01:33:48,Atıcı 1,1. Sabit Mesafe Poligonu,0,123.45,1558.283,PARMAK
2026-09-25 01:33:49,Atıcı 1,1. Sabit Mesafe Poligonu,0,121.04,1559.146,PARMAK
2026-09-25 01:33:50,Atıcı 1,1. Sabit Mesafe Poligonu,0,120.42,1559.486,PARMAK
2026-09-25 01:33:50,Atıcı 1,1. Sabit Mesafe Poligonu,0,114.28,1559.774,PARMAK
2026-09-25 01:33:50,Atıcı 1,1. Sabit Mesafe Poligonu,0,114.21,1559.774,PARMAK
2026-09-25 01:33:51,Atıcı 1,1. Sabit Mesafe Poligonu,0,114.95,1560.553,PARMAK
2026-09-25 01:33:51,Atıcı 1,1. Sabit Mesafe Poligonu,0,124.28,1560.715,PARMAK
2026-09-25 01:33:51,Atıcı 1,1. Sabit Mesafe Poligonu,0,108.47,1560.812,PARMAK
2026-09-25 01:33:53,Atıcı 1,1. Sabit Mesafe Poligonu,0,139.22,1563.334,PARMAK
2026-09-25 01:33:53,Atıcı 1,1. Sabit Mesafe Poligonu,0,136.8,1563.378,PARMAK
2026-09-25 01:33:54,Atıcı 1,1. Sabit Mesafe Poligonu,0,153.12,1564.345,PARMAK
2026-09-25 01:33:55,Atıcı 1,1. Sabit Mesafe Poligonu,0,156.72,1564.682,PARMAK
2026-09-25 01:33:56,Atıcı 1,1. Sabit Mesafe Poligonu,0,130.7,1565.547,PARMAK
2026-09-25 01:33:56,Atıcı 1,1. Sabit Mesafe Poligonu,0,129.07,1565.642,PARMAK
2026-09-25 01:33:57,Atıcı 1,1. Sabit Mesafe Poligonu,0,113.28,1566.716,PARMAK
2026-09-25 01:33:57,Atıcı 1,1. Sabit Mesafe Poligonu,0,114.35,1566.745,PARMAK
2026-09-25 01:34:00,Atıcı 1,1. Sabit Mesafe Poligonu,0,108.26,1569.528,PARMAK
2026-09-25 01:34:00,Atıcı 1,1. Sabit Mesafe Poligonu,0,104.68,1569.851,PARMAK
2026-09-25 01:34:01,Atıcı 1,1. Sabit Mesafe Poligonu,0,155.59,1570.739,PARMAK
2026-09-25 01:34:02,Atıcı 1,1. Sabit Mesafe Poligonu,0,155.0,1571.719,PARMAK
2026-09-25 01:34:02,Atıcı 1,1. Sabit Mesafe Poligonu,0,177.65,1572.34,PARMAK
2026-09-25 01:34:04,Atıcı 1,1. Sabit Mesafe Poligonu,0,172.12,1574.09,PARMAK
2026-09-25 01:34:04,Atıcı 1,1. Sabit Mesafe Poligonu,0,172.12,1574.09,PARMAK
2026-09-25 01:34:05,Atıcı 1,1. Sabit Mesafe Poligonu,0,155.59,1574.494,PARMAK
2026-09-25 01:34:05,Atıcı 1,1. Sabit Mesafe Poligonu,0,152.07,1574.535,PARMAK
2026-09-25 01:34:05,Atıcı 1,1. Sabit Mesafe Poligonu,0,141.32,1574.681,PARMAK
2026-09-25 01:34:05,Atıcı 1,1. Sabit Mesafe Poligonu,0,135.15,1574.778,PARMAK
2026-09-25 01:34:06,Atıcı 1,1. Sabit Mesafe Poligonu,0,129.12,1576.281,PARMAK
2026-09-25 01:34:07,Atıcı 1,1. Sabit Mesafe Poligonu,0,125.69,1576.534,PARMAK
2026-09-25 01:34:07,Atıcı 1,1. Sabit Mesafe Poligonu,0,125.42,1576.533,PARMAK
2026-09-25 01:34:07,Atıcı 1,1. Sabit Mesafe Poligonu,0,159.77,1576.891,PARMAK
2026-09-25 01:34:07,Atıcı 1,1. Sabit Mesafe Poligonu,0,160.31,1576.892,PARMAK
2026-09-25 01:34:07,Atıcı 1,1. Sabit Mesafe Poligonu,0,147.12,1577.146,PARMAK
2026-09-25 01:34:07,Atıcı 1,1. Sabit Mesafe Poligonu,0,148.66,1577.178,PARMAK
2026-09-25 01:34:08,Atıcı 1,1. Sabit Mesafe Poligonu,0,168.63,1577.481,PARMAK
2026-09-25 01:34:09,Atıcı 1,1. Sabit Mesafe Poligonu,0,169.84,1579.449,PARMAK
2026-09-25 01:34:10,Atıcı 1,1. Sabit Mesafe Poligonu,0,169.84,1579.482,PARMAK
2026-09-25 01:34:10,Atıcı 1,1. Sabit Mesafe Poligonu,0,170.65,1579.692,PARMAK
2026-09-25 01:34:11,Atıcı 1,1. Sabit Mesafe Poligonu,0,166.97,1581.242,PARMAK
2026-09-25 01:34:12,Atıcı 1,1. Sabit Mesafe Poligonu,0,164.21,1581.722,PARMAK
2026-09-25 01:34:12,Atıcı 1,1. Sabit Mesafe Poligonu,0,161.15,1582.081,PARMAK
2026-09-25 01:34:12,Atıcı 1,1. Sabit Mesafe Poligonu,0,158.37,1582.081,PARMAK
2026-09-25 01:34:12,Atıcı 1,1. Sabit Mesafe Poligonu,0,166.69,1582.272,PARMAK
2026-09-25 01:34:12,Atıcı 1,1. Sabit Mesafe Poligonu,0,170.88,1582.398,PARMAK
2026-09-25 01:34:13,Atıcı 1,1. Sabit Mesafe Poligonu,0,161.72,1582.593,PARMAK
2026-09-25 01:34:13,Atıcı 1,1. Sabit Mesafe Poligonu,0,165.02,1582.613,PARMAK
2026-09-25 01:34:13,Atıcı 1,1. Sabit Mesafe Poligonu,0,166.98,1582.835,PARMAK
2026-09-25 01:34:13,Atıcı 1,1. Sabit Mesafe Poligonu,0,167.52,1583.245,PARMAK
2026-09-25 01:34:14,Atıcı 1,1. Sabit Mesafe Poligonu,0,162.81,1583.505,PARMAK
2026-09-25 01:34:14,Atıcı 1,1. Sabit Mesafe Poligonu,0,165.3,1583.68,PARMAK
2026-09-25 01:34:14,Atıcı 1,1. Sabit Mesafe Poligonu,0,160.59,1584.03,PARMAK
2026-09-25 01:34:14,Atıcı 1,1. Sabit Mesafe Poligonu,0,161.99,1584.131,PARMAK
2026-09-25 01:34:19,Atıcı 1,1. Sabit Mesafe Poligonu,0,141.4,1588.618,PARMAK
2026-09-25 01:34:19,Atıcı 1,1. Sabit Mesafe Poligonu,0,122.07,1589.054,PARMAK
2026-09-25 01:34:19,Atıcı 1,1. Sabit Mesafe Poligonu,0,125.64,1589.072,PARMAK
2026-09-25 01:34:21,Atıcı 1,1. Sabit Mesafe Poligonu,0,147.22,1591.024,PARMAK
2026-09-25 01:34:21,Atıcı 1,1. Sabit Mesafe Poligonu,0,185.42,1591.178,PARMAK
2026-09-25 01:34:21,Atıcı 1,1. Sabit Mesafe Poligonu,0,183.81,1591.21,PARMAK
2026-09-25 01:34:25,Atıcı 1,1. Sabit Mesafe Poligonu,0,203.34,1594.531,PARMAK
2026-09-25 01:34:25,Atıcı 1,1. Sabit Mesafe Poligonu,0,202.04,1594.555,PARMAK
2026-09-25 01:34:28,Atıcı 1,1. Sabit Mesafe Poligonu,0,205.94,1597.977,PARMAK
2026-09-25 01:34:28,Atıcı 1,1. Sabit Mesafe Poligonu,0,206.49,1598.283,PARMAK
2026-09-25 01:34:30,Atıcı 1,1. Sabit Mesafe Poligonu,0,213.02,1599.896,PARMAK
2026-09-25 01:34:30,Atıcı 1,1. Sabit Mesafe Poligonu,0,212.08,1599.93,PARMAK
2026-09-25 01:34:30,Atıcı 1,1. Sabit Mesafe Poligonu,0,214.67,1600.292,PARMAK
2026-09-25 01:34:31,Atıcı 1,1. Sabit Mesafe Poligonu,0,204.31,1601.376,PARMAK
2026-09-25 01:34:32,Atıcı 1,1. Sabit Mesafe Poligonu,0,177.61,1601.503,PARMAK
2026-09-25 01:34:32,Atıcı 1,1. Sabit Mesafe Poligonu,0,157.0,1601.567,PARMAK
2026-09-25 01:34:33,Atıcı 1,1. Sabit Mesafe Poligonu,0,125.4,1603.211,PARMAK
2026-09-25 01:34:33,Atıcı 1,1. Sabit Mesafe Poligonu,0,119.1,1603.24,PARMAK
2026-09-25 01:34:36,Atıcı 1,1. Sabit Mesafe Poligonu,0,144.55,1606.261,PARMAK
2026-09-25 01:34:36,Atıcı 1,1. Sabit Mesafe Poligonu,0,143.68,1606.282,PARMAK
2026-09-25 01:34:37,Atıcı 1,1. Sabit Mesafe Poligonu,0,152.12,1606.893,PARMAK
2026-09-25 01:34:37,Atıcı 1,1. Sabit Mesafe Poligonu,0,152.98,1606.923,PARMAK
2026-09-25 01:34:38,Atıcı 1,1. Sabit Mesafe Poligonu,0,163.29,1607.511,PARMAK
2026-09-25 01:34:40,Atıcı 1,1. Sabit Mesafe Poligonu,0,179.85,1610.157,PARMAK
2026-09-25 01:34:40,Atıcı 1,1. Sabit Mesafe Poligonu,0,179.43,1610.157,PARMAK
2026-09-25 01:34:41,Atıcı 1,1. Sabit Mesafe Poligonu,0,155.65,1610.892,PARMAK
2026-09-25 01:34:41,Atıcı 1,1. Sabit Mesafe Poligonu,0,115.8,1611.171,PARMAK
2026-09-25 01:34:41,Atıcı 1,1. Sabit Mesafe Poligonu,0,116.36,1611.217,PARMAK
2026-09-25 01:34:42,Atıcı 1,1. Sabit Mesafe Poligonu,0,124.46,1612.187,PARMAK
2026-09-25 01:34:42,Atıcı 1,1. Sabit Mesafe Poligonu,0,123.79,1612.207,PARMAK
2026-09-25 01:34:43,Atıcı 1,1. Sabit Mesafe Poligonu,0,125.45,1613.137,PARMAK
2026-09-25 01:34:43,Atıcı 1,1. Sabit Mesafe Poligonu,0,129.26,1613.375,PARMAK
2026-09-25 01:34:43,Atıcı 1,1. Sabit Mesafe Poligonu,0,129.26,1613.409,PARMAK
2026-09-25 01:34:44,Atıcı 1,1. Sabit Mesafe Poligonu,0,130.98,1613.574,PARMAK
2026-09-25 01:34:44,Atıcı 1,1. Sabit Mesafe Poligonu,0,132.97,1613.618,PARMAK
2026-09-25 01:34:44,Atıcı 1,1. Sabit Mesafe Poligonu,0,140.43,1614.012,PARMAK
2026-09-25 01:34:45,Atıcı 1,1. Sabit Mesafe Poligonu,0,139.59,1614.539,PARMAK
2026-09-25 01:34:45,Atıcı 1,1. Sabit Mesafe Poligonu,0,128.65,1614.623,PARMAK
2026-09-25 01:34:54,Atıcı 1,1. Sabit Mesafe Poligonu,0,152.21,1624.286,PARMAK
2026-09-25 01:34:56,Atıcı 1,1. Sabit Mesafe Poligonu,0,152.32,1626.131,PARMAK
2026-09-25 01:34:56,Atıcı 1,1. Sabit Mesafe Poligonu,0,176.32,1626.345,PARMAK
2026-09-25 01:34:56,Atıcı 1,1. Sabit Mesafe Poligonu,0,169.14,1626.379,PARMAK
2026-09-25 01:34:57,Atıcı 1,1. Sabit Mesafe Poligonu,0,211.15,1627.28,PARMAK
2026-09-25 01:35:13,Atıcı 1,1. Sabit Mesafe Poligonu,0,137.44,1642.491,PARMAK
2026-09-25 01:35:13,Atıcı 1,1. Sabit Mesafe Poligonu,0,130.97,1642.493,PARMAK
2026-09-25 01:35:14,Atıcı 1,1. Sabit Mesafe Poligonu,0,113.9,1643.691,PARMAK
2026-09-25 01:35:15,Atıcı 1,1. Sabit Mesafe Poligonu,0,129.45,1644.747,PARMAK
2026-09-25 01:35:15,Atıcı 1,1. Sabit Mesafe Poligonu,0,133.66,1644.778,PARMAK
2026-09-25 01:35:15,Atıcı 1,1. Sabit Mesafe Poligonu,0,115.41,1644.935,PARMAK
2026-09-25 01:35:17,Atıcı 1,1. Sabit Mesafe Poligonu,0,273.54,1647.337,PARMAK
2026-09-25 01:35:17,Atıcı 1,1. Sabit Mesafe Poligonu,0,249.61,1647.356,PARMAK
2026-09-25 01:35:18,Atıcı 1,1. Sabit Mesafe Poligonu,0,96.9,1648.379,PARMAK
2026-09-25 01:35:18,Atıcı 1,1. Sabit Mesafe Poligonu,0,96.26,1648.411,PARMAK
2026-09-25 01:35:19,Atıcı 1,1. Sabit Mesafe Poligonu,0,108.37,1648.608,PARMAK
2026-09-25 01:35:19,Atıcı 1,1. Sabit Mesafe Poligonu,0,115.8,1649.142,PARMAK
2026-09-25 01:35:19,Atıcı 1,1. Sabit Mesafe Poligonu,0,132.55,1649.14,PARMAK
2026-09-25 01:35:20,Atıcı 1,1. Sabit Mesafe Poligonu,0,102.3,1649.882,PARMAK
2026-09-25 01:35:20,Atıcı 1,1. Sabit Mesafe Poligonu,0,103.59,1649.913,PARMAK
2026-09-25 01:35:22,Atıcı 1,1. Sabit Mesafe Poligonu,0,130.97,1651.785,PARMAK
2026-09-25 01:35:23,Atıcı 1,1. Sabit Mesafe Poligonu,0,147.3,1653.081,PARMAK
2026-09-25 01:35:23,Atıcı 1,1. Sabit Mesafe Poligonu,0,150.59,1653.115,PARMAK
2026-09-25 01:35:25,Atıcı 1,1. Sabit Mesafe Poligonu,0,287.7,1654.98,PARMAK
2026-09-25 01:35:25,Atıcı 1,1. Sabit Mesafe Poligonu,0,286.75,1655.45,PARMAK
2026-09-25 01:35:28,Atıcı 1,1. Sabit Mesafe Poligonu,0,286.57,1657.819,PARMAK
2026-09-25 01:35:30,Atıcı 1,1. Sabit Mesafe Poligonu,0,284.3,1659.818,PARMAK
2026-09-25 01:35:30,Atıcı 1,1. Sabit Mesafe Poligonu,0,270.48,1659.916,PARMAK
2026-09-25 01:35:33,Atıcı 1,1. Sabit Mesafe Poligonu,0,115.97,1662.839,PARMAK
2026-09-25 01:35:33,Atıcı 1,1. Sabit Mesafe Poligonu,0,116.81,1662.844,PARMAK
2026-09-25 01:35:33,Atıcı 1,1. Sabit Mesafe Poligonu,0,120.88,1663.081,PARMAK
2026-09-25 01:35:34,Atıcı 1,1. Sabit Mesafe Poligonu,0,136.49,1663.69,PARMAK
2026-09-25 01:35:34,Atıcı 1,1. Sabit Mesafe Poligonu,0,130.82,1663.691,PARMAK
2026-09-25 01:35:35,Atıcı 1,1. Sabit Mesafe Poligonu,0,172.53,1665.281,PARMAK
2026-09-25 01:35:38,Atıcı 1,1. Sabit Mesafe Poligonu,0,153.83,1667.979,PARMAK
2026-09-25 01:35:38,Atıcı 1,1. Sabit Mesafe Poligonu,0,155.24,1668.01,PARMAK
2026-09-25 01:35:44,Atıcı 1,1. Sabit Mesafe Poligonu,0,152.32,1673.98,PARMAK
2026-09-25 01:35:44,Atıcı 1,1. Sabit Mesafe Poligonu,0,135.07,1674.219,PARMAK
2026-09-25 01:35:44,Atıcı 1,1. Sabit Mesafe Poligonu,0,147.76,1674.249,PARMAK
2026-09-25 01:35:45,Atıcı 1,1. Sabit Mesafe Poligonu,0,113.88,1674.714,PARMAK
2026-09-25 01:35:45,Atıcı 1,1. Sabit Mesafe Poligonu,0,113.02,1674.746,PARMAK
2026-09-25 01:35:47,Atıcı 1,1. Sabit Mesafe Poligonu,0,103.46,1677.45,PARMAK
2026-09-25 01:35:48,Atıcı 1,1. Sabit Mesafe Poligonu,0,102.08,1677.484,PARMAK
2026-09-25 01:35:48,Atıcı 1,1. Sabit Mesafe Poligonu,0,109.29,1678.009,PARMAK
2026-09-25 01:35:48,Atıcı 1,1. Sabit Mesafe Poligonu,0,116.93,1678.042,PARMAK
2026-09-25 01:35:50,Atıcı 1,1. Sabit Mesafe Poligonu,0,151.16,1680.316,PARMAK
2026-09-25 01:35:50,Atıcı 1,1. Sabit Mesafe Poligonu,0,150.0,1680.411,PARMAK
2026-09-25 01:35:59,Atıcı 1,1. Sabit Mesafe Poligonu,0,177.07,1689.349,PARMAK
2026-09-25 01:36:00,Atıcı 1,1. Sabit Mesafe Poligonu,0,188.4,1690.015,PARMAK
2026-09-25 01:36:00,Atıcı 1,1. Sabit Mesafe Poligonu,0,194.18,1690.037,PARMAK
2026-09-25 01:36:01,Atıcı 1,1. Sabit Mesafe Poligonu,0,181.22,1690.522,PARMAK
2026-09-25 01:36:01,Atıcı 1,1. Sabit Mesafe Poligonu,0,182.39,1690.523,PARMAK
2026-09-25 01:36:01,Atıcı 1,1. Sabit Mesafe Poligonu,0,183.74,1690.92,PARMAK
2026-09-25 01:36:01,Atıcı 1,1. Sabit Mesafe Poligonu,0,196.12,1691.107,PARMAK
2026-09-25 01:36:01,Atıcı 1,1. Sabit Mesafe Poligonu,0,186.78,1691.14,PARMAK
2026-09-25 01:36:01,Atıcı 1,1. Sabit Mesafe Poligonu,0,162.12,1691.416,PARMAK
2026-09-25 01:36:04,Atıcı 1,1. Sabit Mesafe Poligonu,0,180.69,1693.972,PARMAK
2026-09-25 01:36:05,Atıcı 1,1. Sabit Mesafe Poligonu,0,228.95,1694.712,PARMAK
2026-09-25 01:36:05,Atıcı 1,1. Sabit Mesafe Poligonu,0,229.73,1694.74,PARMAK
2026-09-25 01:36:05,Atıcı 1,1. Sabit Mesafe Poligonu,0,226.5,1695.174,PARMAK
2026-09-25 01:36:05,Atıcı 1,1. Sabit Mesafe Poligonu,0,223.68,1695.324,PARMAK
2026-09-25 01:36:05,Atıcı 1,1. Sabit Mesafe Poligonu,0,222.79,1695.412,PARMAK
2026-09-25 01:36:08,Atıcı 1,1. Sabit Mesafe Poligonu,0,186.36,1697.881,PARMAK
2026-09-25 01:36:25,Atıcı 1,1. Sabit Mesafe Poligonu,0,87.32,1715.017,PARMAK
2026-09-25 01:36:25,Atıcı 1,1. Sabit Mesafe Poligonu,0,89.44,1715.051,PARMAK
2026-09-25 01:36:27,Atıcı 1,1. Sabit Mesafe Poligonu,0,89.69,1716.48,PARMAK
2026-09-25 01:36:28,Atıcı 1,1. Sabit Mesafe Poligonu,0,102.0,1718.218,PARMAK
2026-09-25 01:36:29,Atıcı 1,1. Sabit Mesafe Poligonu,0,145.62,1718.881,PARMAK
2026-09-25 01:36:29,Atıcı 1,1. Sabit Mesafe Poligonu,0,144.75,1718.897,PARMAK
2026-09-25 01:36:29,Atıcı 1,1. Sabit Mesafe Poligonu,0,169.18,1719.142,PARMAK
2026-09-25 01:36:29,Atıcı 1,1. Sabit Mesafe Poligonu,0,140.6,1719.385,PARMAK
2026-09-25 01:36:30,Atıcı 1,1. Sabit Mesafe Poligonu,0,146.51,1719.508,PARMAK
2026-09-25 01:36:30,Atıcı 1,1. Sabit Mesafe Poligonu,0,143.68,1719.743,PARMAK
2026-09-25 01:36:30,Atıcı 1,1. Sabit Mesafe Poligonu,0,147.27,1719.782,PARMAK
2026-09-25 01:36:30,Atıcı 1,1. Sabit Mesafe Poligonu,0,169.28,1720.179,PARMAK
2026-09-25 01:36:33,Atıcı 1,1. Sabit Mesafe Poligonu,0,197.67,1722.978,PARMAK
2026-09-25 01:36:33,Atıcı 1,1. Sabit Mesafe Poligonu,0,173.22,1723.424,PARMAK
2026-09-25 01:36:34,Atıcı 1,1. Sabit Mesafe Poligonu,0,181.71,1724.277,PARMAK
2026-09-25 01:36:34,Atıcı 1,1. Sabit Mesafe Poligonu,0,157.55,1724.377,PARMAK
2026-09-25 01:36:36,Atıcı 1,1. Sabit Mesafe Poligonu,0,127.8,1726.01,PARMAK
2026-09-25 01:36:36,Atıcı 1,1. Sabit Mesafe Poligonu,0,129.85,1726.093,PARMAK
2026-09-25 01:36:37,Atıcı 1,1. Sabit Mesafe Poligonu,0,127.91,1726.98,PARMAK
2026-09-25 01:36:37,Atıcı 1,1. Sabit Mesafe Poligonu,0,131.82,1726.98,PARMAK
2026-09-25 01:36:37,Atıcı 1,1. Sabit Mesafe Poligonu,0,160.86,1727.173,PARMAK
2026-09-25 01:36:37,Atıcı 1,1. Sabit Mesafe Poligonu,0,139.7,1727.18,PARMAK
2026-09-25 01:36:38,Atıcı 1,1. Sabit Mesafe Poligonu,0,154.99,1727.484,PARMAK
2026-09-25 01:36:38,Atıcı 1,1. Sabit Mesafe Poligonu,0,163.38,1727.732,PARMAK
2026-09-25 01:36:38,Atıcı 1,1. Sabit Mesafe Poligonu,0,171.94,1727.98,PARMAK
2026-09-25 01:36:38,Atıcı 1,1. Sabit Mesafe Poligonu,0,173.25,1728.231,PARMAK
2026-09-25 01:36:39,Atıcı 1,1. Sabit Mesafe Poligonu,0,174.0,1728.497,PARMAK
2026-09-25 01:36:40,Atıcı 1,1. Sabit Mesafe Poligonu,0,140.29,1729.578,PARMAK
2026-09-25 01:36:40,Atıcı 1,1. Sabit Mesafe Poligonu,0,137.82,1729.612,PARMAK
2026-09-25 01:36:40,Atıcı 1,1. Sabit Mesafe Poligonu,0,123.17,1730.092,PARMAK
2026-09-25 01:36:40,Atıcı 1,1. Sabit Mesafe Poligonu,0,125.4,1730.13,PARMAK
2026-09-25 01:36:41,Atıcı 1,1. Sabit Mesafe Poligonu,0,124.85,1730.717,PARMAK
2026-09-25 01:36:41,Atıcı 1,1. Sabit Mesafe Poligonu,0,125.1,1730.747,PARMAK
2026-09-25 01:36:43,Atıcı 1,1. Sabit Mesafe Poligonu,0,139.09,1732.53,PARMAK
2026-09-25 01:36:43,Atıcı 1,1. Sabit Mesafe Poligonu,0,137.01,1732.555,PARMAK
2026-09-25 01:36:45,Atıcı 1,1. Sabit Mesafe Poligonu,0,162.41,1734.896,PARMAK
2026-09-25 01:36:49,Atıcı 1,1. Sabit Mesafe Poligonu,0,196.6,1739.117,PARMAK
2026-09-25 01:36:51,Atıcı 1,1. Sabit Mesafe Poligonu,0,134.47,1740.555,PARMAK
2026-09-25 01:36:51,Atıcı 1,1. Sabit Mesafe Poligonu,0,134.47,1740.557,PARMAK
2026-09-25 01:36:51,Atıcı 1,1. Sabit Mesafe Poligonu,0,152.32,1741.238,PARMAK
2026-09-25 01:36:51,Atıcı 1,1. Sabit Mesafe Poligonu,0,154.18,1741.243,PARMAK
2026-09-25 01:36:52,Atıcı 1,1. Sabit Mesafe Poligonu,0,158.03,1741.946,PARMAK
2026-09-25 01:36:52,Atıcı 1,1. Sabit Mesafe Poligonu,0,159.78,1741.978,PARMAK
2026-09-25 01:36:53,Atıcı 1,1. Sabit Mesafe Poligonu,0,229.9,1742.892,PARMAK
2026-09-25 01:36:53,Atıcı 1,1. Sabit Mesafe Poligonu,0,218.63,1743.051,PARMAK
2026-09-25 01:36:54,Atıcı 1,1. Sabit Mesafe Poligonu,0,223.56,1743.479,PARMAK
2026-09-25 01:36:54,Atıcı 1,1. Sabit Mesafe Poligonu,0,217.28,1743.643,PARMAK
2026-09-25 01:36:54,Atıcı 1,1. Sabit Mesafe Poligonu,0,220.2,1743.819,PARMAK
2026-09-25 01:36:54,Atıcı 1,1. Sabit Mesafe Poligonu,0,220.42,1743.852,PARMAK
2026-09-25 01:36:58,Atıcı 1,1. Sabit Mesafe Poligonu,0,109.62,1748.217,PARMAK
2026-09-25 01:36:58,Atıcı 1,1. Sabit Mesafe Poligonu,0,111.25,1748.249,PARMAK
2026-09-25 01:36:59,Atıcı 1,1. Sabit Mesafe Poligonu,0,132.46,1749.242,PARMAK
2026-09-25 01:36:59,Atıcı 1,1. Sabit Mesafe Poligonu,0,143.53,1749.292,PARMAK
2026-09-25 01:37:00,Atıcı 1,1. Sabit Mesafe Poligonu,0,170.58,1749.486,PARMAK
2026-09-25 01:37:09,Atıcı 1,1. Sabit Mesafe Poligonu,0,114.87,1758.93,PARMAK
2026-09-25 01:37:09,Atıcı 1,1. Sabit Mesafe Poligonu,0,114.87,1759.083,PARMAK
2026-09-25 01:37:16,Atıcı 1,1. Sabit Mesafe Poligonu,0,152.79,1765.791,PARMAK
2026-09-25 01:37:17,Atıcı 1,1. Sabit Mesafe Poligonu,0,86.82,1766.534,PARMAK
2026-09-25 01:37:17,Atıcı 1,1. Sabit Mesafe Poligonu,0,87.42,1766.556,PARMAK
2026-09-25 01:37:18,Atıcı 1,1. Sabit Mesafe Poligonu,0,98.23,1767.694,PARMAK
2026-09-25 01:37:19,Atıcı 1,1. Sabit Mesafe Poligonu,0,106.3,1768.622,PARMAK
2026-09-25 01:37:21,Atıcı 1,1. Sabit Mesafe Poligonu,0,179.2,1770.625,PARMAK
2026-09-25 01:37:21,Atıcı 1,1. Sabit Mesafe Poligonu,0,179.91,1770.668,PARMAK
2026-09-25 01:37:21,Atıcı 1,1. Sabit Mesafe Poligonu,0,208.69,1770.984,PARMAK
2026-09-25 01:37:22,Atıcı 1,1. Sabit Mesafe Poligonu,0,184.17,1771.741,PARMAK
2026-09-25 01:37:22,Atıcı 1,1. Sabit Mesafe Poligonu,0,206.65,1772.139,PARMAK
2026-09-25 01:37:22,Atıcı 1,1. Sabit Mesafe Poligonu,0,212.25,1772.228,PARMAK
2026-09-25 01:37:23,Atıcı 1,1. Sabit Mesafe Poligonu,0,200.17,1773.023,PARMAK
2026-09-25 01:37:23,Atıcı 1,1. Sabit Mesafe Poligonu,0,217.5,1773.117,PARMAK
2026-09-25 01:37:23,Atıcı 1,1. Sabit Mesafe Poligonu,0,207.93,1773.354,PARMAK
2026-09-25 01:37:24,Atıcı 1,1. Sabit Mesafe Poligonu,0,193.79,1773.515,PARMAK
2026-09-25 01:37:24,Atıcı 1,1. Sabit Mesafe Poligonu,0,202.73,1773.841,PARMAK
2026-09-25 01:37:24,Atıcı 1,1. Sabit Mesafe Poligonu,0,189.84,1773.874,PARMAK
2026-09-25 01:37:24,Atıcı 1,1. Sabit Mesafe Poligonu,0,196.58,1774.034,PARMAK
2026-09-25 01:37:24,Atıcı 1,1. Sabit Mesafe Poligonu,0,207.19,1774.057,PARMAK
2026-09-25 01:37:24,Atıcı 1,1. Sabit Mesafe Poligonu,0,187.02,1774.447,PARMAK
2026-09-25 01:37:25,Atıcı 1,1. Sabit Mesafe Poligonu,0,193.88,1774.495,PARMAK
2026-09-25 01:37:25,Atıcı 1,1. Sabit Mesafe Poligonu,0,205.8,1774.684,PARMAK
2026-09-25 01:37:25,Atıcı 1,1. Sabit Mesafe Poligonu,0,201.68,1774.723,PARMAK
2026-09-25 01:37:26,Atıcı 1,1. Sabit Mesafe Poligonu,0,122.49,1775.549,PARMAK
2026-09-25 01:37:26,Atıcı 1,1. Sabit Mesafe Poligonu,0,113.36,1775.649,PARMAK
2026-09-25 01:37:26,Atıcı 1,1. Sabit Mesafe Poligonu,0,116.67,1775.902,PARMAK
2026-09-25 01:37:26,Atıcı 1,1. Sabit Mesafe Poligonu,0,115.26,1775.938,PARMAK
2026-09-25 01:37:30,Atıcı 1,1. Sabit Mesafe Poligonu,0,189.45,1779.642,PARMAK
2026-09-25 01:37:31,Atıcı 1,1. Sabit Mesafe Poligonu,0,230.24,1780.527,PARMAK
2026-09-25 01:37:31,Atıcı 1,1. Sabit Mesafe Poligonu,0,144.12,1780.714,PARMAK
2026-09-25 01:37:31,Atıcı 1,1. Sabit Mesafe Poligonu,0,142.09,1780.747,PARMAK
2026-09-25 01:37:31,Atıcı 1,1. Sabit Mesafe Poligonu,0,117.83,1781.45,PARMAK
2026-09-25 01:37:32,Atıcı 1,1. Sabit Mesafe Poligonu,0,117.64,1782.249,PARMAK
2026-09-25 01:37:32,Atıcı 1,1. Sabit Mesafe Poligonu,0,115.66,1782.281,PARMAK
2026-09-25 01:37:33,Atıcı 1,1. Sabit Mesafe Poligonu,0,156.12,1783.173,PARMAK
2026-09-25 01:37:33,Atıcı 1,1. Sabit Mesafe Poligonu,0,170.14,1783.35,PARMAK
2026-09-25 01:37:37,Atıcı 1,1. Sabit Mesafe Poligonu,0,147.83,1786.842,PARMAK
2026-09-25 01:37:37,Atıcı 1,1. Sabit Mesafe Poligonu,0,148.33,1786.893,PARMAK
2026-09-25 01:37:38,Atıcı 1,1. Sabit Mesafe Poligonu,0,144.59,1787.977,PARMAK
2026-09-25 01:37:38,Atıcı 1,1. Sabit Mesafe Poligonu,0,136.89,1788.124,PARMAK
2026-09-25 01:37:38,Atıcı 1,1. Sabit Mesafe Poligonu,0,146.51,1788.19,PARMAK
2026-09-25 01:37:39,Atıcı 1,1. Sabit Mesafe Poligonu,0,140.91,1788.561,PARMAK
2026-09-25 01:37:39,Atıcı 1,1. Sabit Mesafe Poligonu,0,140.91,1788.561,PARMAK
2026-09-25 01:37:39,Atıcı 1,1. Sabit Mesafe Poligonu,0,114.98,1788.839,PARMAK
2026-09-25 01:37:39,Atıcı 1,1. Sabit Mesafe Poligonu,0,119.85,1789.051,PARMAK
2026-09-25 01:37:39,Atıcı 1,1. Sabit Mesafe Poligonu,0,126.92,1789.213,PARMAK
2026-09-25 01:37:39,Atıcı 1,1. Sabit Mesafe Poligonu,0,128.08,1789.333,PARMAK
2026-09-25 01:37:40,Atıcı 1,1. Sabit Mesafe Poligonu,0,126.19,1789.693,PARMAK
2026-09-25 01:37:40,Atıcı 1,1. Sabit Mesafe Poligonu,0,126.19,1789.692,PARMAK
2026-09-25 01:37:41,Atıcı 1,1. Sabit Mesafe Poligonu,0,138.11,1791.355,PARMAK
2026-09-25 01:37:42,Atıcı 1,1. Sabit Mesafe Poligonu,0,122.87,1792.257,PARMAK
2026-09-25 01:37:42,Atıcı 1,1. Sabit Mesafe Poligonu,0,123.17,1792.259,PARMAK
2026-09-25 01:37:48,Atıcı 1,1. Sabit Mesafe Poligonu,0,138.6,1797.81,PARMAK
2026-09-25 01:37:48,Atıcı 1,1. Sabit Mesafe Poligonu,0,137.8,1797.909,PARMAK
2026-09-25 01:37:51,Atıcı 1,1. Sabit Mesafe Poligonu,0,134.37,1801.381,PARMAK
2026-09-25 01:37:51,Atıcı 1,1. Sabit Mesafe Poligonu,0,134.37,1801.389,PARMAK
2026-09-25 01:37:52,Atıcı 1,1. Sabit Mesafe Poligonu,0,141.29,1802.186,PARMAK
2026-09-25 01:37:52,Atıcı 1,1. Sabit Mesafe Poligonu,0,142.35,1802.219,PARMAK
2026-09-25 01:37:58,Atıcı 1,1. Sabit Mesafe Poligonu,0,199.06,1807.914,PARMAK
2026-09-25 01:37:58,Atıcı 1,1. Sabit Mesafe Poligonu,0,139.06,1808.14,PARMAK
2026-09-25 01:37:58,Atıcı 1,1. Sabit Mesafe Poligonu,0,138.18,1808.14,PARMAK
2026-09-25 01:38:02,Atıcı 1,1. Sabit Mesafe Poligonu,0,171.07,1811.881,PARMAK
2026-09-25 01:38:02,Atıcı 1,1. Sabit Mesafe Poligonu,0,170.19,1811.916,PARMAK
2026-09-25 01:38:03,Atıcı 1,1. Sabit Mesafe Poligonu,0,128.32,1812.491,PARMAK
2026-09-25 01:38:03,Atıcı 1,1. Sabit Mesafe Poligonu,0,131.64,1812.544,PARMAK
2026-09-25 01:38:05,Atıcı 1,1. Sabit Mesafe Poligonu,0,196.6,1815.337,PARMAK
2026-09-25 01:38:05,Atıcı 1,1. Sabit Mesafe Poligonu,0,196.6,1815.335,PARMAK
2026-09-25 01:38:06,Atıcı 1,1. Sabit Mesafe Poligonu,0,163.31,1815.947,PARMAK
2026-09-25 01:38:06,Atıcı 1,1. Sabit Mesafe Poligonu,0,156.92,1816.043,PARMAK
2026-09-25 01:38:12,Atıcı 1,1. Sabit Mesafe Poligonu,0,127.09,1822.413,PARMAK
2026-09-25 01:38:12,Atıcı 1,1. Sabit Mesafe Poligonu,0,125.63,1822.446,PARMAK
2026-09-25 01:38:13,Atıcı 1,1. Sabit Mesafe Poligonu,0,130.03,1823.284,PARMAK
2026-09-25 01:38:13,Atıcı 1,1. Sabit Mesafe Poligonu,0,130.14,1823.413,PARMAK
2026-09-25 01:38:15,Atıcı 1,1. Sabit Mesafe Poligonu,0,212.25,1825.219,PARMAK
2026-09-25 01:38:15,Atıcı 1,1. Sabit Mesafe Poligonu,0,212.25,1825.219,PARMAK
2026-09-25 01:38:16,Atıcı 1,1. Sabit Mesafe Poligonu,0,211.63,1825.478,PARMAK
2026-09-25 01:38:17,Atıcı 1,1. Sabit Mesafe Poligonu,0,215.37,1826.887,PARMAK
2026-09-25 01:38:18,Atıcı 1,1. Sabit Mesafe Poligonu,0,216.15,1827.552,PARMAK
2026-09-25 01:38:18,Atıcı 1,1. Sabit Mesafe Poligonu,0,212.25,1827.922,PARMAK
2026-09-25 01:38:20,Atıcı 1,1. Sabit Mesafe Poligonu,0,210.6,1830.435,PARMAK
2026-09-25 01:38:21,Atıcı 1,1. Sabit Mesafe Poligonu,0,210.6,1830.484,PARMAK
2026-09-25 01:38:21,Atıcı 1,1. Sabit Mesafe Poligonu,0,209.01,1830.645,PARMAK
2026-09-25 01:38:21,Atıcı 1,1. Sabit Mesafe Poligonu,0,208.66,1830.806,PARMAK
2026-09-25 01:38:21,Atıcı 1,1. Sabit Mesafe Poligonu,0,208.66,1831.363,PARMAK
2026-09-25 01:38:21,Atıcı 1,1. Sabit Mesafe Poligonu,0,208.66,1831.366,PARMAK
2026-09-25 01:38:23,Atıcı 1,1. Sabit Mesafe Poligonu,0,207.47,1833.015,PARMAK
2026-09-25 01:38:23,Atıcı 1,1. Sabit Mesafe Poligonu,0,219.48,1833.045,PARMAK
2026-09-25 01:38:25,Atıcı 1,1. Sabit Mesafe Poligonu,0,131.38,1834.515,PARMAK
2026-09-25 01:38:25,Atıcı 1,1. Sabit Mesafe Poligonu,0,131.38,1834.517,PARMAK
2026-09-25 01:38:25,Atıcı 1,1. Sabit Mesafe Poligonu,0,122.0,1834.77,PARMAK
2026-09-25 01:38:25,Atıcı 1,1. Sabit Mesafe Poligonu,0,125.0,1835.214,PARMAK
2026-09-25 01:38:25,Atıcı 1,1. Sabit Mesafe Poligonu,0,119.02,1835.234,PARMAK
2026-09-25 01:38:32,Atıcı 1,1. Sabit Mesafe Poligonu,0,100.69,1841.481,PARMAK
2026-09-25 01:55:40,Atıcı 1,1. Sabit Mesafe Poligonu,0,171.47,4.027,PARMAK
2026-09-25 01:56:33,Atıcı 1,1. Sabit Mesafe Poligonu,0,243.18,57.324,PARMAK
2026-09-25 01:56:34,Atıcı 1,1. Sabit Mesafe Poligonu,0,189.64,57.527,PARMAK
2026-09-25 01:56:39,Atıcı 1,1. Sabit Mesafe Poligonu,0,184.3,62.788,PARMAK
2026-09-25 01:56:39,Atıcı 1,1. Sabit Mesafe Poligonu,0,182.12,62.993,PARMAK
2026-09-25 01:56:40,Atıcı 1,1. Sabit Mesafe Poligonu,0,185.18,64.397,PARMAK
2026-09-25 01:56:42,Atıcı 1,1. Sabit Mesafe Poligonu,0,185.24,66.073,PARMAK
2026-09-25 01:56:42,Atıcı 1,1. Sabit Mesafe Poligonu,0,186.2,66.4,PARMAK
2026-09-25 01:56:43,Atıcı 1,1. Sabit Mesafe Poligonu,0,189.24,66.727,PARMAK
2026-09-25 01:56:43,Atıcı 1,1. Sabit Mesafe Poligonu,0,184.2,67.218,PARMAK
2026-09-25 01:56:44,Atıcı 1,1. Sabit Mesafe Poligonu,0,181.47,67.826,PARMAK
2026-09-25 01:56:44,Atıcı 1,1. Sabit Mesafe Poligonu,0,180.85,68.104,PARMAK
2026-09-25 01:56:44,Atıcı 1,1. Sabit Mesafe Poligonu,0,179.98,68.367,PARMAK
2026-09-25 01:56:45,Atıcı 1,1. Sabit Mesafe Poligonu,0,184.2,68.573,PARMAK
2026-09-25 01:56:45,Atıcı 1,1. Sabit Mesafe Poligonu,0,180.6,68.78,PARMAK
2026-09-25 01:56:45,Atıcı 1,1. Sabit Mesafe Poligonu,0,176.88,69.026,PARMAK
2026-09-25 01:56:45,Atıcı 1,1. Sabit Mesafe Poligonu,0,186.3,69.236,PARMAK
2026-09-25 01:56:46,Atıcı 1,1. Sabit Mesafe Poligonu,0,180.97,69.447,PARMAK
2026-09-25 01:56:46,Atıcı 1,1. Sabit Mesafe Poligonu,0,185.81,69.715,PARMAK
2026-09-25 01:56:46,Atıcı 1,1. Sabit Mesafe Poligonu,0,180.47,69.924,PARMAK
2026-09-25 01:56:46,Atıcı 1,1. Sabit Mesafe Poligonu,0,186.68,70.206,PARMAK
2026-09-25 01:56:47,Atıcı 1,1. Sabit Mesafe Poligonu,0,187.07,70.457,PARMAK
2026-09-25 01:56:47,Atıcı 1,1. Sabit Mesafe Poligonu,0,185.71,70.664,PARMAK
2026-09-25 01:56:51,Atıcı 1,1. Sabit Mesafe Poligonu,0,139.67,75.296,PARMAK
2026-09-25 01:56:55,Atıcı 1,1. Sabit Mesafe Poligonu,0,178.06,79.272,PARMAK
2026-09-25 01:57:35,Atıcı 1,1. Sabit Mesafe Poligonu,0,60.46,118.601,PARMAK
2026-09-25 01:58:04,Atıcı 1,1. Sabit Mesafe Poligonu,0,173.16,147.744,PARMAK
2026-09-25 01:58:04,Atıcı 1,1. Sabit Mesafe Poligonu,0,200.41,147.982,PARMAK
2026-09-25 01:58:24,Atıcı 1,1. Sabit Mesafe Poligonu,0,171.14,167.788,PARMAK
2026-09-25 01:58:41,Atıcı 1,1. Sabit Mesafe Poligonu,0,114.59,184.873,PARMAK
2026-09-25 01:58:43,Atıcı 1,1. Sabit Mesafe Poligonu,0,263.49,186.712,PARMAK
2026-09-25 01:58:43,Atıcı 1,1. Sabit Mesafe Poligonu,0,211.12,186.925,PARMAK
2026-09-25 01:58:44,Atıcı 1,1. Sabit Mesafe Poligonu,0,213.0,187.829,PARMAK
2026-09-25 01:58:45,Atıcı 1,1. Sabit Mesafe Poligonu,0,220.88,189.286,PARMAK
2026-09-25 01:58:46,Atıcı 1,1. Sabit Mesafe Poligonu,0,217.72,189.838,PARMAK
2026-09-25 01:58:49,Atıcı 1,1. Sabit Mesafe Poligonu,0,234.54,192.525,PARMAK
2026-09-25 01:58:50,Atıcı 1,1. Sabit Mesafe Poligonu,0,182.89,194.137,PARMAK
2026-09-25 01:58:51,Atıcı 1,1. Sabit Mesafe Poligonu,0,216.18,194.473,PARMAK
2026-09-25 01:58:51,Atıcı 1,1. Sabit Mesafe Poligonu,0,209.8,195.227,PARMAK
2026-09-25 01:58:52,Atıcı 1,1. Sabit Mesafe Poligonu,0,225.85,195.582,PARMAK
2026-09-25 01:58:55,Atıcı 1,1. Sabit Mesafe Poligonu,0,238.76,199.035,PARMAK
2026-09-25 01:58:56,Atıcı 1,1. Sabit Mesafe Poligonu,0,216.62,199.436,PARMAK
2026-09-25 01:58:57,Atıcı 1,1. Sabit Mesafe Poligonu,0,208.73,200.885,PARMAK
2026-09-25 01:59:01,Atıcı 1,1. Sabit Mesafe Poligonu,0,177.79,205.163,PARMAK
2026-09-25 01:59:02,Atıcı 1,1. Sabit Mesafe Poligonu,0,204.44,206.161,PARMAK
2026-09-25 01:59:02,Atıcı 1,1. Sabit Mesafe Poligonu,0,155.33,206.366,PARMAK
2026-09-25 01:59:03,Atıcı 1,1. Sabit Mesafe Poligonu,0,186.56,206.702,PARMAK
2026-09-25 01:59:06,Atıcı 1,1. Sabit Mesafe Poligonu,0,141.09,209.444,PARMAK
2026-09-25 01:59:09,Atıcı 1,1. Sabit Mesafe Poligonu,0,205.29,212.847,PARMAK
2026-09-25 01:59:09,Atıcı 1,1. Sabit Mesafe Poligonu,0,203.19,213.053,PARMAK
2026-09-25 01:59:09,Atıcı 1,1. Sabit Mesafe Poligonu,0,204.94,213.258,PARMAK
2026-09-25 01:59:10,Atıcı 1,1. Sabit Mesafe Poligonu,0,208.72,213.541,PARMAK
2026-09-25 01:59:10,Atıcı 1,1. Sabit Mesafe Poligonu,0,203.79,213.744,PARMAK
2026-09-25 01:59:10,Atıcı 1,1. Sabit Mesafe Poligonu,0,203.19,213.941,PARMAK
2026-09-25 01:59:10,Atıcı 1,1. Sabit Mesafe Poligonu,0,199.48,214.143,PARMAK
2026-09-25 01:59:10,Atıcı 1,1. Sabit Mesafe Poligonu,0,203.12,214.341,PARMAK
2026-09-25 01:59:11,Atıcı 1,1. Sabit Mesafe Poligonu,0,205.43,214.551,PARMAK
2026-09-25 01:59:11,Atıcı 1,1. Sabit Mesafe Poligonu,0,198.65,214.953,PARMAK
2026-09-25 01:59:12,Atıcı 1,1. Sabit Mesafe Poligonu,0,200.82,215.659,PARMAK
2026-09-25 01:59:12,Atıcı 1,1. Sabit Mesafe Poligonu,0,198.12,216.378,PARMAK
2026-09-25 01:59:13,Atıcı 1,1. Sabit Mesafe Poligonu,0,188.73,216.787,PARMAK
2026-09-25 01:59:13,Atıcı 1,1. Sabit Mesafe Poligonu,0,186.49,217.074,PARMAK
2026-09-25 01:59:14,Atıcı 1,1. Sabit Mesafe Poligonu,0,185.22,217.432,PARMAK
2026-09-25 01:59:14,Atıcı 1,1. Sabit Mesafe Poligonu,0,195.92,217.756,PARMAK
2026-09-25 01:59:14,Atıcı 1,1. Sabit Mesafe Poligonu,0,195.54,217.955,PARMAK
2026-09-25 01:59:18,Atıcı 1,1. Sabit Mesafe Poligonu,0,187.38,221.424,PARMAK
2026-09-25 01:59:20,Atıcı 1,1. Sabit Mesafe Poligonu,0,171.03,223.617,PARMAK
2026-09-25 01:59:20,Atıcı 1,1. Sabit Mesafe Poligonu,0,161.6,223.829,PARMAK
2026-09-25 01:59:21,Atıcı 1,1. Sabit Mesafe Poligonu,0,221.92,225.1,PARMAK
2026-09-25 01:59:22,Atıcı 1,1. Sabit Mesafe Poligonu,0,195.62,225.499,PARMAK
2026-09-25 01:59:22,Atıcı 1,1. Sabit Mesafe Poligonu,0,193.38,225.785,PARMAK
2026-09-25 01:59:23,Atıcı 1,1. Sabit Mesafe Poligonu,0,195.94,226.467,PARMAK
2026-09-25 01:59:23,Atıcı 1,1. Sabit Mesafe Poligonu,0,195.9,226.668,PARMAK
2026-09-25 01:59:23,Atıcı 1,1. Sabit Mesafe Poligonu,0,195.88,226.869,PARMAK
2026-09-25 01:59:25,Atıcı 1,1. Sabit Mesafe Poligonu,0,195.53,228.832,PARMAK
2026-09-25 01:59:25,Atıcı 1,1. Sabit Mesafe Poligonu,0,215.82,229.193,PARMAK
2026-09-25 01:59:26,Atıcı 1,1. Sabit Mesafe Poligonu,0,191.54,229.556,PARMAK
2026-09-25 01:59:31,Atıcı 1,1. Sabit Mesafe Poligonu,0,187.83,234.887,PARMAK
2026-09-25 01:59:31,Atıcı 1,1. Sabit Mesafe Poligonu,0,182.46,235.324,PARMAK
2026-09-25 01:59:37,Atıcı 1,1. Sabit Mesafe Poligonu,0,284.82,240.707,PARMAK
2026-09-25 01:59:37,Atıcı 1,1. Sabit Mesafe Poligonu,0,236.8,241.263,PARMAK
2026-09-25 01:59:39,Atıcı 1,1. Sabit Mesafe Poligonu,0,158.23,242.549,PARMAK
2026-09-25 01:59:44,Atıcı 1,1. Sabit Mesafe Poligonu,0,102.0,248.102,PARMAK
2026-09-25 01:59:45,Atıcı 1,1. Sabit Mesafe Poligonu,0,304.7,248.597,PARMAK
2026-09-25 01:59:45,Atıcı 1,1. Sabit Mesafe Poligonu,0,296.79,248.881,PARMAK
2026-09-25 01:59:50,Atıcı 1,1. Sabit Mesafe Poligonu,0,226.92,253.454,PARMAK
2026-09-25 02:00:05,Atıcı 1,1. Sabit Mesafe Poligonu,0,179.04,268.427,PARMAK
2026-09-25 02:00:05,Atıcı 1,1. Sabit Mesafe Poligonu,0,195.37,269.277,PARMAK
2026-09-25 02:00:06,Atıcı 1,1. Sabit Mesafe Poligonu,0,172.35,269.657,PARMAK
2026-09-25 02:00:08,Atıcı 1,1. Sabit Mesafe Poligonu,0,164.01,272.056,PARMAK
2026-09-25 02:00:17,Atıcı 1,1. Sabit Mesafe Poligonu,0,193.0,281.33,PARMAK
2026-09-25 02:00:18,Atıcı 1,1. Sabit Mesafe Poligonu,0,192.17,281.532,PARMAK
2026-09-25 02:00:18,Atıcı 1,1. Sabit Mesafe Poligonu,0,189.32,281.734,PARMAK
2026-09-25 02:00:18,Atıcı 1,1. Sabit Mesafe Poligonu,0,196.5,282.068,PARMAK
2026-09-25 02:00:19,Atıcı 1,1. Sabit Mesafe Poligonu,0,198.43,282.509,PARMAK
2026-09-25 02:00:20,Atıcı 1,1. Sabit Mesafe Poligonu,0,309.14,283.526,PARMAK
2026-09-25 02:00:21,Atıcı 1,1. Sabit Mesafe Poligonu,0,167.87,285.173,PARMAK
2026-09-25 02:00:21,Atıcı 1,1. Sabit Mesafe Poligonu,0,182.33,285.368,PARMAK
2026-09-25 02:00:23,Atıcı 1,1. Sabit Mesafe Poligonu,0,173.57,287.259,PARMAK
2026-09-25 02:00:24,Atıcı 1,1. Sabit Mesafe Poligonu,0,178.49,287.445,PARMAK
2026-09-25 02:00:29,Atıcı 1,1. Sabit Mesafe Poligonu,0,185.88,293.156,PARMAK
2026-09-25 02:00:30,Atıcı 1,1. Sabit Mesafe Poligonu,0,197.67,293.463,PARMAK
2026-09-25 02:00:30,Atıcı 1,1. Sabit Mesafe Poligonu,0,205.45,294.118,PARMAK
2026-09-25 02:00:30,Atıcı 1,1. Sabit Mesafe Poligonu,0,200.57,294.305,PARMAK
2026-09-25 02:00:31,Atıcı 1,1. Sabit Mesafe Poligonu,0,191.0,294.616,PARMAK
2026-09-25 02:00:31,Atıcı 1,1. Sabit Mesafe Poligonu,0,196.7,295.3,PARMAK
2026-09-25 02:00:32,Atıcı 1,1. Sabit Mesafe Poligonu,0,198.92,295.642,PARMAK
2026-09-25 02:00:34,Atıcı 1,1. Sabit Mesafe Poligonu,0,207.16,297.556,PARMAK
2026-09-25 02:00:34,Atıcı 1,1. Sabit Mesafe Poligonu,0,214.01,297.763,PARMAK
2026-09-25 02:00:34,Atıcı 1,1. Sabit Mesafe Poligonu,0,214.01,298.004,PARMAK
2026-09-25 02:00:35,Atıcı 1,1. Sabit Mesafe Poligonu,0,212.23,298.455,PARMAK
2026-09-25 02:00:35,Atıcı 1,1. Sabit Mesafe Poligonu,0,185.07,298.661,PARMAK
2026-09-25 02:00:37,Atıcı 1,1. Sabit Mesafe Poligonu,0,192.9,301.379,PARMAK
2026-09-25 02:00:38,Atıcı 1,1. Sabit Mesafe Poligonu,0,187.86,301.58,PARMAK
2026-09-25 02:00:39,Atıcı 1,1. Sabit Mesafe Poligonu,0,204.3,302.976,PARMAK
2026-09-25 02:00:39,Atıcı 1,1. Sabit Mesafe Poligonu,0,199.92,303.264,PARMAK
2026-09-25 02:00:41,Atıcı 1,1. Sabit Mesafe Poligonu,0,217.7,304.472,PARMAK
2026-09-25 02:00:41,Atıcı 1,1. Sabit Mesafe Poligonu,0,220.11,305.386,PARMAK
2026-09-25 02:00:46,Atıcı 1,1. Sabit Mesafe Poligonu,0,170.04,309.968,PARMAK
2026-09-25 02:00:46,Atıcı 1,1. Sabit Mesafe Poligonu,0,164.1,310.324,PARMAK
2026-09-25 02:00:48,Atıcı 1,1. Sabit Mesafe Poligonu,0,167.36,311.503,PARMAK
2026-09-25 02:00:48,Atıcı 1,1. Sabit Mesafe Poligonu,0,182.46,311.736,PARMAK
2026-09-25 02:00:48,Atıcı 1,1. Sabit Mesafe Poligonu,0,191.51,312.321,PARMAK
2026-09-25 02:00:49,Atıcı 1,1. Sabit Mesafe Poligonu,0,192.84,312.768,PARMAK
2026-09-25 02:00:49,Atıcı 1,1. Sabit Mesafe Poligonu,0,189.13,313.053,PARMAK
2026-09-25 02:00:50,Atıcı 1,1. Sabit Mesafe Poligonu,0,246.84,313.892,PARMAK
2026-09-25 02:00:51,Atıcı 1,1. Sabit Mesafe Poligonu,0,251.41,314.415,PARMAK
2026-09-25 02:00:51,Atıcı 1,1. Sabit Mesafe Poligonu,0,218.0,315.295,PARMAK
2026-09-25 02:00:55,Atıcı 1,1. Sabit Mesafe Poligonu,0,217.44,318.43,PARMAK
2026-09-25 02:00:56,Atıcı 1,1. Sabit Mesafe Poligonu,0,216.82,319.919,PARMAK
2026-09-25 02:01:01,Atıcı 1,1. Sabit Mesafe Poligonu,0,320.63,325.169,PARMAK
2026-09-25 02:01:01,Atıcı 1,1. Sabit Mesafe Poligonu,0,329.22,325.369,PARMAK
2026-09-25 02:01:07,Atıcı 1,1. Sabit Mesafe Poligonu,0,336.42,330.859,PARMAK
2026-09-25 02:01:08,Atıcı 1,1. Sabit Mesafe Poligonu,0,288.52,332.262,PARMAK
2026-09-25 02:01:09,Atıcı 1,1. Sabit Mesafe Poligonu,0,270.54,332.502,PARMAK
2026-09-25 02:01:10,Atıcı 1,1. Sabit Mesafe Poligonu,0,217.02,334.265,PARMAK
2026-09-25 02:01:11,Atıcı 1,1. Sabit Mesafe Poligonu,0,229.26,335.26,PARMAK
2026-09-25 02:01:12,Atıcı 1,1. Sabit Mesafe Poligonu,0,224.54,336.36,PARMAK
2026-09-25 02:01:13,Atıcı 1,1. Sabit Mesafe Poligonu,0,181.84,336.55,PARMAK
2026-09-25 02:01:13,Atıcı 1,1. Sabit Mesafe Poligonu,0,215.23,337.332,PARMAK
2026-09-25 02:01:14,Atıcı 1,1. Sabit Mesafe Poligonu,0,78.23,337.528,PARMAK
2026-09-25 02:01:15,Atıcı 1,1. Sabit Mesafe Poligonu,0,249.9,339.0,PARMAK
2026-09-25 02:01:16,Atıcı 1,1. Sabit Mesafe Poligonu,0,235.14,339.412,PARMAK
2026-09-25 02:01:16,Atıcı 1,1. Sabit Mesafe Poligonu,0,201.69,339.929,PARMAK
2026-09-25 02:01:17,Atıcı 1,1. Sabit Mesafe Poligonu,0,216.09,340.491,PARMAK
2026-09-25 02:01:22,Atıcı 1,1. Sabit Mesafe Poligonu,0,128.27,346.149,PARMAK
2026-09-25 02:01:23,Atıcı 1,1. Sabit Mesafe Poligonu,0,134.94,346.804,PARMAK
2026-09-25 02:01:24,Atıcı 1,1. Sabit Mesafe Poligonu,0,146.51,348.142,PARMAK
2026-09-25 02:01:26,Atıcı 1,1. Sabit Mesafe Poligonu,0,178.47,349.558,PARMAK
2026-09-25 02:01:26,Atıcı 1,1. Sabit Mesafe Poligonu,0,186.26,349.843,PARMAK
2026-09-25 02:01:29,Atıcı 1,1. Sabit Mesafe Poligonu,0,196.06,353.373,PARMAK
2026-09-25 02:01:33,Atıcı 1,1. Sabit Mesafe Poligonu,0,76.97,356.638,PARMAK
2026-09-25 02:01:43,Atıcı 1,1. Sabit Mesafe Poligonu,0,174.56,366.719,PARMAK
2026-09-25 02:01:43,Atıcı 1,1. Sabit Mesafe Poligonu,0,177.91,367.265,PARMAK
2026-09-25 02:01:44,Atıcı 1,1. Sabit Mesafe Poligonu,0,184.98,367.479,PARMAK
2026-09-25 02:01:44,Atıcı 1,1. Sabit Mesafe Poligonu,0,192.38,367.723,PARMAK
2026-09-25 02:01:45,Atıcı 1,1. Sabit Mesafe Poligonu,0,121.04,369.093,PARMAK
2026-09-25 02:01:54,Atıcı 1,1. Sabit Mesafe Poligonu,0,136.03,377.427,PARMAK
2026-09-25 02:01:55,Atıcı 1,1. Sabit Mesafe Poligonu,0,156.04,378.746,PARMAK
2026-09-25 02:01:59,Atıcı 1,1. Sabit Mesafe Poligonu,0,233.23,382.51,PARMAK
2026-09-25 02:01:59,Atıcı 1,1. Sabit Mesafe Poligonu,0,277.14,383.253,PARMAK
2026-09-25 02:02:09,Atıcı 1,1. Sabit Mesafe Poligonu,0,214.31,392.437,PARMAK
2026-09-25 02:02:29,Atıcı 1,1. Sabit Mesafe Poligonu,0,219.46,413.396,PARMAK
2026-09-25 02:02:30,Atıcı 1,1. Sabit Mesafe Poligonu,0,155.86,414.319,PARMAK
2026-09-25 02:02:31,Atıcı 1,1. Sabit Mesafe Poligonu,0,61.4,415.252,PARMAK
2026-09-25 02:02:32,Atıcı 1,1. Sabit Mesafe Poligonu,0,75.06,415.904,PARMAK
2026-09-25 02:02:32,Atıcı 1,1. Sabit Mesafe Poligonu,0,73.44,416.307,PARMAK
2026-09-25 02:02:33,Atıcı 1,1. Sabit Mesafe Poligonu,0,61.29,416.512,PARMAK
2026-09-25 02:02:33,Atıcı 1,1. Sabit Mesafe Poligonu,0,54.12,417.166,PARMAK
2026-09-25 02:02:35,Atıcı 1,1. Sabit Mesafe Poligonu,0,84.96,419.254,PARMAK
2026-09-25 02:02:36,Atıcı 1,1. Sabit Mesafe Poligonu,0,85.56,420.18,PARMAK
2026-09-25 02:02:39,Atıcı 1,1. Sabit Mesafe Poligonu,0,66.48,422.605,PARMAK
2026-09-25 02:02:40,Atıcı 1,1. Sabit Mesafe Poligonu,25,37.12,423.812,PARMAK
2026-09-25 02:02:45,Atıcı 1,1. Sabit Mesafe Poligonu,50,34.06,5.017,PARMAK
2026-09-25 02:02:46,Atıcı 1,1. Sabit Mesafe Poligonu,25,45.04,1.213,PARMAK
2026-09-25 02:02:46,Atıcı 1,1. Sabit Mesafe Poligonu,75,14.04,0.207,PARMAK
2026-09-25 02:02:47,Atıcı 1,1. Sabit Mesafe Poligonu,0,66.71,1.134,PARMAK
2026-09-25 02:02:48,Atıcı 1,1. Sabit Mesafe Poligonu,0,147.8,1.501,PARMAK
2026-09-25 02:02:55,Atıcı 1,1. Sabit Mesafe Poligonu,0,92.85,8.349,PARMAK
2026-09-25 02:02:56,Atıcı 1,1. Sabit Mesafe Poligonu,0,88.53,9.535,PARMAK
2026-09-25 02:02:56,Atıcı 1,1. Sabit Mesafe Poligonu,0,88.53,10.126,PARMAK
2026-09-25 02:02:58,Atıcı 1,1. Sabit Mesafe Poligonu,0,84.22,11.909,PARMAK
2026-09-25 02:02:59,Atıcı 1,1. Sabit Mesafe Poligonu,0,104.69,12.735,PARMAK
2026-09-25 02:03:00,Atıcı 1,1. Sabit Mesafe Poligonu,0,113.76,13.59,PARMAK
2026-09-25 02:03:01,Atıcı 1,1. Sabit Mesafe Poligonu,0,111.4,14.687,PARMAK
2026-09-25 02:03:03,Atıcı 1,1. Sabit Mesafe Poligonu,0,112.27,16.452,PARMAK
2026-09-25 02:03:05,Atıcı 1,1. Sabit Mesafe Poligonu,0,111.73,18.873,PARMAK
2026-09-25 02:03:06,Atıcı 1,1. Sabit Mesafe Poligonu,0,121.75,19.873,PARMAK
2026-09-25 02:03:07,Atıcı 1,1. Sabit Mesafe Poligonu,0,125.16,20.217,PARMAK
2026-09-25 02:03:08,Atıcı 1,1. Sabit Mesafe Poligonu,0,123.76,21.763,PARMAK
2026-09-25 02:03:30,Atıcı 1,1. Sabit Mesafe Poligonu,0,114.56,43.407,PARMAK
2026-09-25 02:03:37,Atıcı 1,1. Sabit Mesafe Poligonu,0,76.06,50.308,PARMAK
2026-09-25 02:03:44,Atıcı 1,1. Sabit Mesafe Poligonu,0,95.78,57.358,PARMAK
2026-09-25 02:03:45,Atıcı 1,1. Sabit Mesafe Poligonu,0,154.39,59.097,PARMAK
2026-09-25 02:03:46,Atıcı 1,1. Sabit Mesafe Poligonu,0,164.68,59.992,PARMAK
2026-09-25 02:03:47,Atıcı 1,1. Sabit Mesafe Poligonu,0,171.82,60.365,PARMAK
2026-09-25 02:03:52,Atıcı 1,1. Sabit Mesafe Poligonu,0,164.22,65.845,PARMAK
2026-09-25 02:03:57,Atıcı 1,1. Sabit Mesafe Poligonu,0,119.24,70.754,PARMAK
2026-09-25 02:03:58,Atıcı 1,1. Sabit Mesafe Poligonu,0,132.38,71.475,PARMAK
2026-09-25 02:03:59,Atıcı 1,1. Sabit Mesafe Poligonu,0,126.63,72.526,PARMAK
2026-09-25 02:03:59,Atıcı 1,1. Sabit Mesafe Poligonu,0,206.71,72.726,PARMAK
2026-09-25 02:04:00,Atıcı 1,1. Sabit Mesafe Poligonu,0,267.44,73.494,PARMAK
2026-09-25 02:04:00,Atıcı 1,1. Sabit Mesafe Poligonu,0,241.15,73.792,PARMAK
2026-09-25 02:04:01,Atıcı 1,1. Sabit Mesafe Poligonu,0,254.61,74.832,PARMAK
2026-09-25 02:04:01,Atıcı 1,1. Sabit Mesafe Poligonu,0,254.72,75.034,PARMAK
2026-09-25 02:04:02,Atıcı 1,1. Sabit Mesafe Poligonu,0,252.45,75.236,PARMAK
2026-09-25 02:04:11,Atıcı 1,1. Sabit Mesafe Poligonu,0,130.73,84.912,PARMAK
2026-09-25 02:04:12,Atıcı 1,1. Sabit Mesafe Poligonu,0,164.01,85.442,PARMAK
2026-09-25 02:04:12,Atıcı 1,1. Sabit Mesafe Poligonu,0,169.5,85.774,PARMAK
2026-09-25 02:04:13,Atıcı 1,1. Sabit Mesafe Poligonu,0,161.31,86.539,PARMAK
2026-09-25 02:04:13,Atıcı 1,1. Sabit Mesafe Poligonu,0,119.01,86.876,PARMAK
2026-09-25 02:04:14,Atıcı 1,1. Sabit Mesafe Poligonu,0,111.36,87.391,PARMAK
2026-09-25 02:04:15,Atıcı 1,1. Sabit Mesafe Poligonu,0,128.32,88.49,PARMAK
2026-09-25 02:04:15,Atıcı 1,1. Sabit Mesafe Poligonu,0,130.17,88.705,PARMAK
2026-09-25 02:04:30,Atıcı 1,1. Sabit Mesafe Poligonu,0,119.51,103.375,PARMAK
2026-09-25 02:04:33,Atıcı 1,1. Sabit Mesafe Poligonu,0,143.59,106.443,PARMAK
2026-09-25 02:04:38,Atıcı 1,1. Sabit Mesafe Poligonu,0,162.08,111.517,PARMAK
2026-09-25 02:04:43,Atıcı 1,1. Sabit Mesafe Poligonu,0,239.38,116.323,PARMAK
2026-09-25 02:04:43,Atıcı 1,1. Sabit Mesafe Poligonu,0,86.82,116.586,PARMAK
2026-09-25 02:04:44,Atıcı 1,1. Sabit Mesafe Poligonu,0,183.92,117.516,PARMAK
2026-09-25 02:04:45,Atıcı 1,1. Sabit Mesafe Poligonu,0,197.23,118.356,PARMAK
2026-09-25 02:04:50,Atıcı 1,1. Sabit Mesafe Poligonu,0,207.16,123.373,PARMAK
2026-09-25 02:04:51,Atıcı 1,1. Sabit Mesafe Poligonu,0,210.72,124.368,PARMAK
2026-09-25 02:04:52,Atıcı 1,1. Sabit Mesafe Poligonu,0,199.68,126.087,PARMAK
2026-09-25 02:04:53,Atıcı 1,1. Sabit Mesafe Poligonu,0,221.02,126.724,PARMAK
2026-09-25 02:04:53,Atıcı 1,1. Sabit Mesafe Poligonu,0,203.49,126.917,PARMAK
2026-09-25 02:04:54,Atıcı 1,1. Sabit Mesafe Poligonu,0,251.48,127.201,PARMAK
2026-09-25 02:04:54,Atıcı 1,1. Sabit Mesafe Poligonu,0,255.19,127.569,PARMAK
2026-09-25 02:04:55,Atıcı 1,1. Sabit Mesafe Poligonu,0,229.09,128.954,PARMAK
2026-09-25 02:04:56,Atıcı 1,1. Sabit Mesafe Poligonu,0,250.8,129.391,PARMAK
2026-09-25 02:04:56,Atıcı 1,1. Sabit Mesafe Poligonu,0,213.93,129.997,PARMAK
2026-09-25 02:04:57,Atıcı 1,1. Sabit Mesafe Poligonu,0,192.42,130.199,PARMAK
2026-09-25 02:04:57,Atıcı 1,1. Sabit Mesafe Poligonu,0,198.57,130.797,PARMAK
2026-09-25 02:04:57,Atıcı 1,1. Sabit Mesafe Poligonu,0,171.48,131.084,PARMAK
2026-09-25 02:04:58,Atıcı 1,1. Sabit Mesafe Poligonu,0,170.48,131.444,PARMAK
2026-09-25 02:04:58,Atıcı 1,1. Sabit Mesafe Poligonu,0,169.06,131.809,PARMAK
2026-09-25 02:04:59,Atıcı 1,1. Sabit Mesafe Poligonu,0,88.32,132.823,PARMAK
2026-09-25 02:05:00,Atıcı 1,1. Sabit Mesafe Poligonu,0,228.67,133.335,PARMAK
2026-09-25 02:05:00,Atıcı 1,1. Sabit Mesafe Poligonu,0,226.11,133.577,PARMAK
2026-09-25 02:05:03,Atıcı 1,1. Sabit Mesafe Poligonu,0,220.97,136.822,PARMAK
2026-09-25 02:05:04,Atıcı 1,1. Sabit Mesafe Poligonu,0,181.89,137.434,PARMAK
2026-09-25 02:05:05,Atıcı 1,1. Sabit Mesafe Poligonu,0,197.65,138.773,PARMAK
2026-09-25 02:05:06,Atıcı 1,1. Sabit Mesafe Poligonu,0,198.91,139.299,PARMAK
2026-09-25 02:05:06,Atıcı 1,1. Sabit Mesafe Poligonu,0,195.13,139.499,PARMAK
2026-09-25 02:05:06,Atıcı 1,1. Sabit Mesafe Poligonu,0,197.7,139.699,PARMAK
2026-09-25 02:05:06,Atıcı 1,1. Sabit Mesafe Poligonu,0,203.97,140.039,PARMAK
2026-09-25 02:05:07,Atıcı 1,1. Sabit Mesafe Poligonu,0,208.73,140.23,PARMAK
2026-09-25 02:05:07,Atıcı 1,1. Sabit Mesafe Poligonu,0,209.76,140.654,PARMAK
2026-09-25 02:05:07,Atıcı 1,1. Sabit Mesafe Poligonu,0,206.04,140.855,PARMAK
2026-09-25 02:05:07,Atıcı 1,1. Sabit Mesafe Poligonu,0,208.71,141.055,PARMAK
2026-09-25 02:05:08,Atıcı 1,1. Sabit Mesafe Poligonu,0,209.35,141.257,PARMAK
2026-09-25 02:05:08,Atıcı 1,1. Sabit Mesafe Poligonu,0,211.01,141.598,PARMAK
2026-09-25 02:05:09,Atıcı 1,1. Sabit Mesafe Poligonu,0,199.85,142.765,PARMAK
2026-09-25 02:05:10,Atıcı 1,1. Sabit Mesafe Poligonu,0,201.56,143.311,PARMAK
2026-09-25 02:05:11,Atıcı 1,1. Sabit Mesafe Poligonu,0,249.95,144.72,PARMAK
2026-09-25 02:05:14,Atıcı 1,1. Sabit Mesafe Poligonu,0,214.97,148.114,PARMAK
2026-09-25 02:06:56,Atıcı 1,1. Sabit Mesafe Poligonu,0,248.45,249.36,PARMAK
2026-09-25 02:07:01,Atıcı 1,1. Sabit Mesafe Poligonu,0,322.13,254.513,PARMAK
2026-09-25 02:07:01,Atıcı 1,1. Sabit Mesafe Poligonu,0,233.14,255.071,PARMAK
2026-09-25 02:07:02,Atıcı 1,1. Sabit Mesafe Poligonu,0,172.63,255.432,PARMAK
2026-09-25 02:07:02,Atıcı 1,1. Sabit Mesafe Poligonu,0,136.03,255.635,PARMAK
2026-09-25 02:07:02,Atıcı 1,1. Sabit Mesafe Poligonu,0,131.7,255.996,PARMAK
2026-09-25 02:07:03,Atıcı 1,1. Sabit Mesafe Poligonu,0,113.6,256.508,PARMAK
2026-09-25 02:07:03,Atıcı 1,1. Sabit Mesafe Poligonu,0,130.61,257.001,PARMAK
2026-09-25 02:07:04,Atıcı 1,1. Sabit Mesafe Poligonu,0,210.44,257.816,PARMAK
2026-09-25 02:07:10,Atıcı 1,1. Sabit Mesafe Poligonu,0,236.48,263.472,PARMAK
2026-09-25 02:07:11,Atıcı 1,1. Sabit Mesafe Poligonu,0,214.03,264.342,PARMAK
2026-09-25 02:07:15,Atıcı 1,1. Sabit Mesafe Poligonu,0,305.85,268.233,PARMAK
2026-09-25 02:07:15,Atıcı 1,1. Sabit Mesafe Poligonu,0,197.25,268.462,PARMAK
2026-09-25 02:07:18,Atıcı 1,1. Sabit Mesafe Poligonu,0,385.55,272.147,PARMAK
2026-09-25 02:07:19,Atıcı 1,1. Sabit Mesafe Poligonu,0,329.07,272.574,PARMAK
2026-09-25 02:07:23,Atıcı 1,1. Sabit Mesafe Poligonu,0,283.27,276.933,PARMAK
2026-09-25 02:07:24,Atıcı 1,1. Sabit Mesafe Poligonu,0,190.0,277.179,PARMAK
2026-09-25 02:07:24,Atıcı 1,1. Sabit Mesafe Poligonu,0,150.05,277.385,PARMAK
2026-09-25 02:07:24,Atıcı 1,1. Sabit Mesafe Poligonu,0,176.48,277.771,PARMAK
2026-09-25 02:07:37,Atıcı 1,1. Sabit Mesafe Poligonu,0,108.71,290.552,PARMAK
2026-09-25 02:07:37,Atıcı 1,1. Sabit Mesafe Poligonu,0,112.49,290.813,PARMAK
2026-09-25 02:07:37,Atıcı 1,1. Sabit Mesafe Poligonu,0,115.36,291.018,PARMAK
2026-09-25 02:07:38,Atıcı 1,1. Sabit Mesafe Poligonu,0,119.97,291.229,PARMAK
2026-09-25 02:07:38,Atıcı 1,1. Sabit Mesafe Poligonu,0,111.8,291.435,PARMAK
2026-09-25 02:07:38,Atıcı 1,1. Sabit Mesafe Poligonu,0,111.72,291.642,PARMAK
2026-09-25 02:07:38,Atıcı 1,1. Sabit Mesafe Poligonu,0,111.07,291.889,PARMAK
2026-09-25 02:07:39,Atıcı 1,1. Sabit Mesafe Poligonu,0,108.21,292.177,PARMAK
2026-09-25 02:07:39,Atıcı 1,1. Sabit Mesafe Poligonu,0,117.41,292.664,PARMAK
2026-09-25 02:07:39,Atıcı 1,1. Sabit Mesafe Poligonu,0,117.46,292.869,PARMAK
2026-09-25 02:07:40,Atıcı 1,1. Sabit Mesafe Poligonu,0,116.28,293.156,PARMAK
2026-09-25 02:07:40,Atıcı 1,1. Sabit Mesafe Poligonu,0,94.37,293.397,PARMAK
2026-09-25 02:07:42,Atıcı 1,1. Sabit Mesafe Poligonu,0,114.63,295.182,PARMAK
2026-09-25 02:07:42,Atıcı 1,1. Sabit Mesafe Poligonu,0,49.68,295.665,PARMAK
2026-09-25 02:07:43,Atıcı 1,1. Sabit Mesafe Poligonu,0,56.44,296.667,PARMAK
2026-09-25 02:07:43,Atıcı 1,1. Sabit Mesafe Poligonu,0,75.66,296.875,PARMAK
2026-09-25 02:07:44,Atıcı 1,1. Sabit Mesafe Poligonu,0,151.48,297.909,PARMAK
2026-09-25 02:08:11,Atıcı 1,1. Sabit Mesafe Poligonu,0,93.9,324.939,PARMAK
2026-09-25 02:08:15,Atıcı 1,1. Sabit Mesafe Poligonu,0,236.48,328.501,PARMAK
2026-09-25 02:08:15,Atıcı 1,1. Sabit Mesafe Poligonu,0,259.09,329.002,PARMAK
2026-09-25 02:08:16,Atıcı 1,1. Sabit Mesafe Poligonu,0,122.61,329.226,PARMAK
2026-09-25 02:08:16,Atıcı 1,1. Sabit Mesafe Poligonu,0,281.4,330.073,PARMAK
2026-09-25 02:08:17,Atıcı 1,1. Sabit Mesafe Poligonu,0,316.49,330.355,PARMAK
2026-09-25 02:08:17,Atıcı 1,1. Sabit Mesafe Poligonu,0,249.62,330.567,PARMAK
2026-09-25 02:08:17,Atıcı 1,1. Sabit Mesafe Poligonu,0,203.95,330.875,PARMAK
2026-09-25 02:08:20,Atıcı 1,1. Sabit Mesafe Poligonu,0,302.64,333.96,PARMAK
2026-09-25 02:08:21,Atıcı 1,1. Sabit Mesafe Poligonu,0,185.56,334.51,PARMAK
2026-09-25 02:08:21,Atıcı 1,1. Sabit Mesafe Poligonu,0,135.57,334.923,PARMAK
2026-09-25 02:08:22,Atıcı 1,1. Sabit Mesafe Poligonu,0,139.0,335.215,PARMAK
2026-09-25 02:08:22,Atıcı 1,1. Sabit Mesafe Poligonu,0,188.1,335.778,PARMAK
2026-09-25 02:08:23,Atıcı 1,1. Sabit Mesafe Poligonu,0,209.99,336.689,PARMAK
2026-09-25 02:08:24,Atıcı 1,1. Sabit Mesafe Poligonu,0,206.83,337.215,PARMAK
2026-09-25 02:08:24,Atıcı 1,1. Sabit Mesafe Poligonu,0,174.64,337.455,PARMAK
2026-09-25 02:08:26,Atıcı 1,1. Sabit Mesafe Poligonu,0,341.76,339.543,PARMAK
2026-09-25 02:08:29,Atıcı 1,1. Sabit Mesafe Poligonu,0,219.31,342.206,PARMAK
2026-09-25 02:08:29,Atıcı 1,1. Sabit Mesafe Poligonu,0,70.61,343.008,PARMAK
2026-09-25 02:08:31,Atıcı 1,1. Sabit Mesafe Poligonu,0,267.45,344.593,PARMAK
2026-09-25 02:08:33,Atıcı 1,1. Sabit Mesafe Poligonu,0,223.19,346.499,PARMAK
2026-09-25 02:08:33,Atıcı 1,1. Sabit Mesafe Poligonu,0,256.81,346.906,PARMAK
2026-09-25 02:08:34,Atıcı 1,1. Sabit Mesafe Poligonu,0,109.11,347.708,PARMAK
2026-09-25 02:08:34,Atıcı 1,1. Sabit Mesafe Poligonu,0,125.4,348.015,PARMAK
2026-09-25 02:08:35,Atıcı 1,1. Sabit Mesafe Poligonu,0,122.8,348.223,PARMAK
2026-09-25 02:08:35,Atıcı 1,1. Sabit Mesafe Poligonu,0,54.12,348.624,PARMAK
2026-09-25 02:08:36,Atıcı 1,1. Sabit Mesafe Poligonu,0,155.05,349.895,PARMAK
2026-09-25 02:08:36,Atıcı 1,1. Sabit Mesafe Poligonu,0,166.05,350.126,PARMAK
2026-09-25 02:08:37,Atıcı 1,1. Sabit Mesafe Poligonu,0,128.1,350.317,PARMAK
2026-09-25 02:08:37,Atıcı 1,1. Sabit Mesafe Poligonu,0,196.4,351.012,PARMAK
2026-09-25 02:08:38,Atıcı 1,1. Sabit Mesafe Poligonu,0,273.7,351.267,PARMAK
2026-09-25 02:08:38,Atıcı 1,1. Sabit Mesafe Poligonu,0,243.07,351.791,PARMAK
2026-09-25 02:08:39,Atıcı 1,1. Sabit Mesafe Poligonu,0,83.93,352.449,PARMAK
2026-09-25 02:08:39,Atıcı 1,1. Sabit Mesafe Poligonu,0,49.34,352.646,PARMAK
2026-09-25 02:08:40,Atıcı 1,1. Sabit Mesafe Poligonu,0,110.54,353.639,PARMAK
2026-09-25 02:09:25,Atıcı 1,1. Sabit Mesafe Poligonu,0,286.45,399.098,PARMAK
2026-09-25 02:09:26,Atıcı 1,1. Sabit Mesafe Poligonu,0,131.4,399.3,PARMAK
2026-09-25 02:09:27,Atıcı 1,1. Sabit Mesafe Poligonu,0,93.01,400.232,PARMAK
2026-09-25 02:09:27,Atıcı 1,1. Sabit Mesafe Poligonu,0,136.18,400.649,PARMAK
2026-09-25 02:09:27,Atıcı 1,1. Sabit Mesafe Poligonu,0,151.43,401.012,PARMAK
2026-09-25 02:09:28,Atıcı 1,1. Sabit Mesafe Poligonu,0,68.95,401.224,PARMAK
2026-09-25 02:09:28,Atıcı 1,1. Sabit Mesafe Poligonu,0,105.0,401.462,PARMAK
2026-09-25 02:09:30,Atıcı 1,1. Sabit Mesafe Poligonu,0,116.04,403.403,PARMAK
2026-09-25 02:09:32,Atıcı 1,1. Sabit Mesafe Poligonu,0,146.86,405.405,PARMAK
2026-09-25 02:09:32,Atıcı 1,1. Sabit Mesafe Poligonu,0,196.03,405.589,PARMAK
2026-09-25 02:09:32,Atıcı 1,1. Sabit Mesafe Poligonu,0,279.78,405.914,PARMAK
2026-09-25 02:09:33,Atıcı 1,1. Sabit Mesafe Poligonu,0,174.01,406.964,PARMAK
2026-09-25 02:09:33,Atıcı 1,1. Sabit Mesafe Poligonu,0,228.87,407.149,PARMAK
2026-09-25 02:09:34,Atıcı 1,1. Sabit Mesafe Poligonu,0,154.94,407.33,PARMAK
2026-09-25 02:09:34,Atıcı 1,1. Sabit Mesafe Poligonu,0,254.47,407.772,PARMAK
2026-09-25 02:09:48,Atıcı 1,1. Sabit Mesafe Poligonu,0,246.98,421.77,PARMAK
2026-09-25 02:09:49,Atıcı 1,1. Sabit Mesafe Poligonu,0,232.94,422.485,PARMAK
2026-09-25 02:09:49,Atıcı 1,1. Sabit Mesafe Poligonu,0,233.8,422.685,PARMAK
2026-09-25 02:09:51,Atıcı 1,1. Sabit Mesafe Poligonu,0,239.25,424.546,PARMAK
2026-09-25 02:09:52,Atıcı 1,1. Sabit Mesafe Poligonu,0,231.26,425.713,PARMAK
2026-09-25 02:09:52,Atıcı 1,1. Sabit Mesafe Poligonu,0,240.3,426.046,PARMAK
2026-09-25 02:09:53,Atıcı 1,1. Sabit Mesafe Poligonu,0,227.85,426.331,PARMAK
2026-09-25 02:09:53,Atıcı 1,1. Sabit Mesafe Poligonu,0,237.31,426.658,PARMAK
2026-09-25 02:09:53,Atıcı 1,1. Sabit Mesafe Poligonu,0,220.13,426.863,PARMAK
2026-09-25 02:09:53,Atıcı 1,1. Sabit Mesafe Poligonu,0,240.01,427.116,PARMAK
2026-09-25 02:09:54,Atıcı 1,1. Sabit Mesafe Poligonu,0,328.43,427.466,PARMAK
2026-09-25 02:10:17,Atıcı 1,1. Sabit Mesafe Poligonu,0,241.22,450.311,PARMAK
2026-09-25 02:10:18,Atıcı 1,1. Sabit Mesafe Poligonu,0,181.99,451.264,PARMAK
2026-09-25 02:10:18,Atıcı 1,1. Sabit Mesafe Poligonu,0,247.16,451.622,PARMAK
2026-09-25 02:10:19,Atıcı 1,1. Sabit Mesafe Poligonu,0,225.84,453.038,PARMAK
2026-09-25 02:10:20,Atıcı 1,1. Sabit Mesafe Poligonu,0,170.3,453.813,PARMAK
2026-09-25 02:10:20,Atıcı 1,1. Sabit Mesafe Poligonu,0,191.91,454.016,PARMAK
2026-09-25 02:10:21,Atıcı 1,1. Sabit Mesafe Poligonu,0,216.98,454.528,PARMAK
2026-09-25 02:10:21,Atıcı 1,1. Sabit Mesafe Poligonu,0,213.38,454.732,PARMAK
2026-09-25 02:10:21,Atıcı 1,1. Sabit Mesafe Poligonu,0,240.42,455.092,PARMAK
2026-09-25 02:10:22,Atıcı 1,1. Sabit Mesafe Poligonu,0,243.25,455.294,PARMAK
2026-09-25 02:10:22,Atıcı 1,1. Sabit Mesafe Poligonu,0,235.72,455.536,PARMAK
2026-09-25 02:10:22,Atıcı 1,1. Sabit Mesafe Poligonu,0,216.51,455.897,PARMAK
2026-09-25 02:10:22,Atıcı 1,1. Sabit Mesafe Poligonu,0,208.12,456.102,PARMAK
2026-09-25 02:10:23,Atıcı 1,1. Sabit Mesafe Poligonu,0,222.75,456.634,PARMAK
2026-09-25 02:10:25,Atıcı 1,1. Sabit Mesafe Poligonu,0,214.25,458.183,PARMAK
2026-09-25 02:10:25,Atıcı 1,1. Sabit Mesafe Poligonu,0,215.7,458.467,PARMAK
2026-09-25 02:10:26,Atıcı 1,1. Sabit Mesafe Poligonu,0,235.23,459.741,PARMAK
2026-09-25 02:10:26,Atıcı 1,1. Sabit Mesafe Poligonu,0,229.24,460.018,PARMAK
2026-09-25 02:10:27,Atıcı 1,1. Sabit Mesafe Poligonu,0,214.95,460.403,PARMAK
2026-09-25 02:10:27,Atıcı 1,1. Sabit Mesafe Poligonu,0,231.77,460.89,PARMAK
2026-09-25 02:10:28,Atıcı 1,1. Sabit Mesafe Poligonu,0,240.78,461.176,PARMAK
2026-09-25 02:10:28,Atıcı 1,1. Sabit Mesafe Poligonu,0,267.47,461.95,PARMAK
2026-09-25 02:10:29,Atıcı 1,1. Sabit Mesafe Poligonu,0,285.22,462.35,PARMAK
2026-09-25 02:10:29,Atıcı 1,1. Sabit Mesafe Poligonu,0,274.32,462.555,PARMAK
2026-09-25 02:10:29,Atıcı 1,1. Sabit Mesafe Poligonu,0,252.46,462.802,PARMAK
2026-09-25 02:10:31,Atıcı 1,1. Sabit Mesafe Poligonu,0,212.08,464.341,PARMAK
2026-09-25 02:10:31,Atıcı 1,1. Sabit Mesafe Poligonu,0,144.9,465.133,PARMAK
2026-09-25 02:10:32,Atıcı 1,1. Sabit Mesafe Poligonu,0,135.06,465.944,PARMAK
2026-09-25 02:10:33,Atıcı 1,1. Sabit Mesafe Poligonu,0,110.63,466.379,PARMAK
2026-09-25 02:10:33,Atıcı 1,1. Sabit Mesafe Poligonu,0,115.52,466.734,PARMAK
2026-09-25 02:10:33,Atıcı 1,1. Sabit Mesafe Poligonu,0,143.89,467.029,PARMAK
2026-09-25 02:10:34,Atıcı 1,1. Sabit Mesafe Poligonu,0,300.31,467.659,PARMAK
2026-09-25 02:10:53,Atıcı 1,1. Sabit Mesafe Poligonu,0,229.17,486.491,PARMAK
2026-09-25 02:10:55,Atıcı 1,1. Sabit Mesafe Poligonu,0,365.79,488.838,PARMAK
2026-09-25 02:10:56,Atıcı 1,1. Sabit Mesafe Poligonu,0,355.88,489.965,PARMAK
2026-09-25 02:10:57,Atıcı 1,1. Sabit Mesafe Poligonu,0,353.88,490.25,PARMAK
2026-09-25 02:10:58,Atıcı 1,1. Sabit Mesafe Poligonu,0,354.2,491.415,PARMAK
2026-09-25 02:10:58,Atıcı 1,1. Sabit Mesafe Poligonu,0,349.79,491.7,PARMAK
2026-09-25 02:10:59,Atıcı 1,1. Sabit Mesafe Poligonu,0,346.16,492.404,PARMAK
2026-09-25 02:10:59,Atıcı 1,1. Sabit Mesafe Poligonu,0,347.49,492.683,PARMAK
2026-09-25 02:10:59,Atıcı 1,1. Sabit Mesafe Poligonu,0,348.83,492.985,PARMAK
2026-09-25 02:11:00,Atıcı 1,1. Sabit Mesafe Poligonu,0,344.36,493.165,PARMAK
2026-09-25 02:11:00,Atıcı 1,1. Sabit Mesafe Poligonu,0,358.02,494.133,PARMAK
2026-09-25 02:11:01,Atıcı 1,1. Sabit Mesafe Poligonu,0,345.31,494.41,PARMAK
2026-09-25 02:11:01,Atıcı 1,1. Sabit Mesafe Poligonu,0,193.08,494.824,PARMAK
2026-09-25 02:11:02,Atıcı 1,1. Sabit Mesafe Poligonu,0,256.74,495.527,PARMAK
2026-09-25 02:11:30,Atıcı 1,1. Sabit Mesafe Poligonu,0,224.96,523.682,PARMAK
2026-09-25 02:11:31,Atıcı 1,1. Sabit Mesafe Poligonu,0,107.56,524.407,PARMAK
2026-09-25 02:11:31,Atıcı 1,1. Sabit Mesafe Poligonu,0,286.4,524.974,PARMAK
2026-09-25 02:11:33,Atıcı 1,1. Sabit Mesafe Poligonu,0,293.82,526.696,PARMAK
2026-09-25 02:11:34,Atıcı 1,1. Sabit Mesafe Poligonu,0,383.58,527.347,PARMAK
2026-09-25 02:11:34,Atıcı 1,1. Sabit Mesafe Poligonu,0,280.92,527.552,PARMAK
2026-09-25 02:11:34,Atıcı 1,1. Sabit Mesafe Poligonu,0,226.34,527.759,PARMAK
2026-09-25 02:11:34,Atıcı 1,1. Sabit Mesafe Poligonu,0,212.4,527.998,PARMAK
2026-09-25 02:11:35,Atıcı 1,1. Sabit Mesafe Poligonu,0,229.24,528.28,PARMAK
2026-09-25 02:11:35,Atıcı 1,1. Sabit Mesafe Poligonu,0,127.48,528.728,PARMAK
2026-09-25 02:11:35,Atıcı 1,1. Sabit Mesafe Poligonu,0,205.08,529.028,PARMAK
2026-09-25 02:11:38,Atıcı 1,1. Sabit Mesafe Poligonu,0,228.54,531.714,PARMAK
2026-09-25 02:11:38,Atıcı 1,1. Sabit Mesafe Poligonu,0,239.35,531.949,PARMAK
2026-09-25 02:11:41,Atıcı 1,1. Sabit Mesafe Poligonu,0,142.28,534.221,PARMAK
2026-09-25 02:11:42,Atıcı 1,1. Sabit Mesafe Poligonu,0,109.93,536.056,PARMAK
2026-09-25 02:11:43,Atıcı 1,1. Sabit Mesafe Poligonu,0,106.89,536.285,PARMAK
2026-09-25 02:11:43,Atıcı 1,1. Sabit Mesafe Poligonu,0,103.46,536.896,PARMAK
2026-09-25 02:11:44,Atıcı 1,1. Sabit Mesafe Poligonu,0,281.43,537.423,PARMAK
2026-09-25 02:11:44,Atıcı 1,1. Sabit Mesafe Poligonu,0,287.84,537.625,PARMAK
2026-09-25 02:11:44,Atıcı 1,1. Sabit Mesafe Poligonu,0,287.81,537.828,PARMAK
2026-09-25 02:11:45,Atıcı 1,1. Sabit Mesafe Poligonu,0,289.21,538.286,PARMAK
2026-09-25 02:11:45,Atıcı 1,1. Sabit Mesafe Poligonu,0,305.63,539.139,PARMAK
2026-09-25 02:11:46,Atıcı 1,1. Sabit Mesafe Poligonu,0,172.71,539.379,PARMAK
2026-09-25 02:11:49,Atıcı 1,1. Sabit Mesafe Poligonu,0,236.99,542.696,PARMAK
2026-09-25 02:11:49,Atıcı 1,1. Sabit Mesafe Poligonu,0,149.01,542.898,PARMAK
2026-09-25 02:11:50,Atıcı 1,1. Sabit Mesafe Poligonu,0,119.23,543.597,PARMAK
2026-09-25 02:11:51,Atıcı 1,1. Sabit Mesafe Poligonu,0,135.69,544.551,PARMAK
2026-09-25 02:11:54,Atıcı 1,1. Sabit Mesafe Poligonu,0,148.95,547.365,PARMAK
2026-09-25 02:11:54,Atıcı 1,1. Sabit Mesafe Poligonu,0,145.96,548.145,PARMAK
2026-09-25 02:11:55,Atıcı 1,1. Sabit Mesafe Poligonu,0,144.47,548.373,PARMAK
2026-09-25 02:11:55,Atıcı 1,1. Sabit Mesafe Poligonu,0,141.95,548.56,PARMAK
2026-09-25 02:11:56,Atıcı 1,1. Sabit Mesafe Poligonu,0,256.7,549.621,PARMAK
2026-09-25 02:11:56,Atıcı 1,1. Sabit Mesafe Poligonu,0,273.66,549.864,PARMAK
2026-09-25 02:11:57,Atıcı 1,1. Sabit Mesafe Poligonu,0,301.14,550.478,PARMAK
2026-09-25 02:11:58,Atıcı 1,1. Sabit Mesafe Poligonu,0,264.09,551.408,PARMAK
2026-09-25 02:12:01,Atıcı 1,1. Sabit Mesafe Poligonu,0,265.17,554.737,PARMAK
2026-09-25 02:12:01,Atıcı 1,1. Sabit Mesafe Poligonu,0,264.59,554.94,PARMAK
2026-09-25 02:12:02,Atıcı 1,1. Sabit Mesafe Poligonu,0,172.63,555.709,PARMAK
2026-09-25 02:12:06,Atıcı 1,1. Sabit Mesafe Poligonu,0,271.09,559.25,PARMAK
2026-09-25 02:12:07,Atıcı 1,1. Sabit Mesafe Poligonu,0,287.9,560.755,PARMAK
2026-09-25 02:12:16,Atıcı 1,1. Sabit Mesafe Poligonu,0,293.29,569.859,PARMAK
2026-09-25 02:12:17,Atıcı 1,1. Sabit Mesafe Poligonu,0,290.93,571.017,PARMAK
2026-09-25 02:12:18,Atıcı 1,1. Sabit Mesafe Poligonu,0,328.29,571.307,PARMAK
2026-09-25 02:12:22,Atıcı 1,1. Sabit Mesafe Poligonu,0,189.1,576.042,PARMAK
2026-09-25 02:12:23,Atıcı 1,1. Sabit Mesafe Poligonu,0,167.26,576.246,PARMAK
2026-09-25 02:12:23,Atıcı 1,1. Sabit Mesafe Poligonu,0,166.01,576.562,PARMAK
2026-09-25 02:12:24,Atıcı 1,1. Sabit Mesafe Poligonu,0,101.24,577.228,PARMAK
2026-09-25 02:12:24,Atıcı 1,1. Sabit Mesafe Poligonu,0,197.95,577.434,PARMAK
2026-09-25 02:12:25,Atıcı 1,1. Sabit Mesafe Poligonu,0,272.86,578.23,PARMAK
2026-09-25 02:12:25,Atıcı 1,1. Sabit Mesafe Poligonu,0,268.29,578.431,PARMAK
2026-09-25 02:12:25,Atıcı 1,1. Sabit Mesafe Poligonu,0,269.65,578.76,PARMAK
2026-09-25 02:12:25,Atıcı 1,1. Sabit Mesafe Poligonu,0,263.01,579.125,PARMAK
2026-09-25 02:12:26,Atıcı 1,1. Sabit Mesafe Poligonu,0,269.25,580.115,PARMAK
2026-09-25 02:12:27,Atıcı 1,1. Sabit Mesafe Poligonu,0,266.99,580.317,PARMAK
2026-09-25 02:12:27,Atıcı 1,1. Sabit Mesafe Poligonu,0,265.65,580.557,PARMAK
2026-09-25 02:12:27,Atıcı 1,1. Sabit Mesafe Poligonu,0,268.37,580.918,PARMAK
2026-09-25 02:12:28,Atıcı 1,1. Sabit Mesafe Poligonu,0,295.79,581.322,PARMAK
2026-09-25 02:12:29,Atıcı 1,1. Sabit Mesafe Poligonu,0,348.76,582.251,PARMAK
2026-09-25 02:12:29,Atıcı 1,1. Sabit Mesafe Poligonu,0,248.94,582.558,PARMAK
2026-09-25 02:12:29,Atıcı 1,1. Sabit Mesafe Poligonu,0,252.39,583.047,PARMAK
2026-09-25 02:12:31,Atıcı 1,1. Sabit Mesafe Poligonu,0,308.42,584.652,PARMAK
2026-09-25 02:12:37,Atıcı 1,1. Sabit Mesafe Poligonu,0,81.39,590.921,PARMAK
2026-09-25 02:12:49,Atıcı 1,1. Sabit Mesafe Poligonu,0,235.59,602.226,PARMAK
2026-09-25 02:12:49,Atıcı 1,1. Sabit Mesafe Poligonu,0,238.83,602.663,PARMAK
2026-09-25 02:12:50,Atıcı 1,1. Sabit Mesafe Poligonu,0,264.25,603.639,PARMAK
2026-09-25 02:12:50,Atıcı 1,1. Sabit Mesafe Poligonu,0,265.1,603.84,PARMAK
2026-09-25 02:12:50,Atıcı 1,1. Sabit Mesafe Poligonu,0,285.28,604.041,PARMAK
2026-09-25 02:12:51,Atıcı 1,1. Sabit Mesafe Poligonu,0,251.55,604.413,PARMAK
2026-09-25 02:12:51,Atıcı 1,1. Sabit Mesafe Poligonu,0,281.78,604.657,PARMAK
2026-09-25 02:12:51,Atıcı 1,1. Sabit Mesafe Poligonu,0,277.48,604.987,PARMAK
2026-09-25 02:12:52,Atıcı 1,1. Sabit Mesafe Poligonu,0,242.54,605.571,PARMAK
2026-09-25 02:12:53,Atıcı 1,1. Sabit Mesafe Poligonu,0,378.6,606.588,PARMAK
2026-09-25 02:12:53,Atıcı 1,1. Sabit Mesafe Poligonu,0,300.54,607.014,PARMAK
2026-09-25 02:12:54,Atıcı 1,1. Sabit Mesafe Poligonu,0,203.5,607.423,PARMAK
2026-09-25 02:12:54,Atıcı 1,1. Sabit Mesafe Poligonu,0,198.91,607.755,PARMAK
2026-09-25 02:12:55,Atıcı 1,1. Sabit Mesafe Poligonu,0,203.49,608.198,PARMAK
2026-09-25 02:12:55,Atıcı 1,1. Sabit Mesafe Poligonu,0,197.25,608.445,PARMAK
2026-09-25 02:12:55,Atıcı 1,1. Sabit Mesafe Poligonu,0,203.57,608.651,PARMAK
2026-09-25 02:12:55,Atıcı 1,1. Sabit Mesafe Poligonu,0,196.74,608.895,PARMAK
2026-09-25 02:12:56,Atıcı 1,1. Sabit Mesafe Poligonu,0,173.67,609.573,PARMAK
2026-09-25 02:12:56,Atıcı 1,1. Sabit Mesafe Poligonu,0,178.37,609.896,PARMAK
2026-09-25 02:12:56,Atıcı 1,1. Sabit Mesafe Poligonu,0,166.39,610.135,PARMAK
2026-09-25 02:12:59,Atıcı 1,1. Sabit Mesafe Poligonu,0,227.9,613.02,PARMAK
2026-09-25 02:13:01,Atıcı 1,1. Sabit Mesafe Poligonu,0,180.43,614.301,PARMAK
2026-09-25 02:13:04,Atıcı 1,1. Sabit Mesafe Poligonu,0,171.05,618.14,PARMAK
2026-09-25 02:13:07,Atıcı 1,1. Sabit Mesafe Poligonu,0,173.98,620.247,PARMAK
2026-09-25 02:13:10,Atıcı 1,1. Sabit Mesafe Poligonu,0,176.5,623.334,PARMAK
2026-09-25 02:13:14,Atıcı 1,1. Sabit Mesafe Poligonu,0,156.55,628.141,PARMAK
2026-09-25 02:13:15,Atıcı 1,1. Sabit Mesafe Poligonu,0,197.52,628.543,PARMAK
2026-09-25 02:13:15,Atıcı 1,1. Sabit Mesafe Poligonu,0,191.8,628.741,PARMAK
2026-09-25 02:13:15,Atıcı 1,1. Sabit Mesafe Poligonu,0,195.53,628.944,PARMAK
2026-09-25 02:13:16,Atıcı 1,1. Sabit Mesafe Poligonu,0,200.26,629.387,PARMAK
2026-09-25 02:13:16,Atıcı 1,1. Sabit Mesafe Poligonu,0,189.72,629.587,PARMAK
2026-09-25 02:13:48,Atıcı 1,1. Sabit Mesafe Poligonu,0,197.59,662.05,PARMAK
2026-09-25 02:13:50,Atıcı 1,1. Sabit Mesafe Poligonu,0,202.05,663.421,PARMAK
2026-09-25 02:13:50,Atıcı 1,1. Sabit Mesafe Poligonu,0,204.29,663.732,PARMAK
2026-09-25 02:13:58,Atıcı 1,1. Sabit Mesafe Poligonu,0,207.68,671.23,PARMAK
2026-09-25 02:13:58,Atıcı 1,1. Sabit Mesafe Poligonu,0,228.48,671.689,PARMAK
2026-09-25 02:13:59,Atıcı 1,1. Sabit Mesafe Poligonu,0,219.4,672.283,PARMAK
2026-09-25 02:13:59,Atıcı 1,1. Sabit Mesafe Poligonu,0,227.15,672.73,PARMAK
2026-09-25 02:14:00,Atıcı 1,1. Sabit Mesafe Poligonu,0,217.17,673.528,PARMAK
2026-09-25 02:14:00,Atıcı 1,1. Sabit Mesafe Poligonu,0,218.55,674.12,PARMAK
2026-09-25 02:14:01,Atıcı 1,1. Sabit Mesafe Poligonu,0,221.36,675.025,PARMAK
2026-09-25 02:14:02,Atıcı 1,1. Sabit Mesafe Poligonu,0,220.49,675.392,PARMAK
2026-09-25 02:14:02,Atıcı 1,1. Sabit Mesafe Poligonu,0,219.97,675.978,PARMAK
2026-09-25 02:14:03,Atıcı 1,1. Sabit Mesafe Poligonu,0,219.4,676.571,PARMAK
2026-09-25 02:14:07,Atıcı 1,1. Sabit Mesafe Poligonu,0,220.29,680.423,PARMAK
2026-09-25 02:14:07,Atıcı 1,1. Sabit Mesafe Poligonu,0,223.27,680.657,PARMAK
2026-09-25 02:14:07,Atıcı 1,1. Sabit Mesafe Poligonu,0,222.44,680.842,PARMAK
2026-09-25 02:14:07,Atıcı 1,1. Sabit Mesafe Poligonu,0,217.19,681.027,PARMAK
2026-09-25 02:14:08,Atıcı 1,1. Sabit Mesafe Poligonu,0,221.36,681.432,PARMAK
2026-09-25 02:14:08,Atıcı 1,1. Sabit Mesafe Poligonu,0,231.45,681.612,PARMAK
2026-09-25 02:14:08,Atıcı 1,1. Sabit Mesafe Poligonu,0,220.79,682.021,PARMAK
2026-09-25 02:14:09,Atıcı 1,1. Sabit Mesafe Poligonu,0,221.61,682.239,PARMAK
2026-09-25 02:14:10,Atıcı 1,1. Sabit Mesafe Poligonu,0,218.33,684.139,PARMAK
2026-09-25 02:14:11,Atıcı 1,1. Sabit Mesafe Poligonu,0,177.79,684.598,PARMAK
2026-09-25 02:14:17,Atıcı 1,1. Sabit Mesafe Poligonu,0,99.3,691.055,PARMAK
2026-09-25 02:14:18,Atıcı 1,1. Sabit Mesafe Poligonu,0,87.2,691.327,PARMAK
2026-09-25 02:14:26,Atıcı 1,1. Sabit Mesafe Poligonu,0,190.38,699.872,PARMAK
2026-09-25 02:14:29,Atıcı 1,1. Sabit Mesafe Poligonu,0,189.16,702.408,PARMAK
2026-09-25 02:14:41,Atıcı 1,1. Sabit Mesafe Poligonu,0,178.89,714.155,PARMAK
2026-09-25 02:14:45,Atıcı 1,1. Sabit Mesafe Poligonu,0,220.51,718.706,PARMAK
2026-09-25 02:14:45,Atıcı 1,1. Sabit Mesafe Poligonu,0,118.27,718.912,PARMAK
2026-09-25 02:14:47,Atıcı 1,1. Sabit Mesafe Poligonu,0,255.89,721.115,PARMAK
2026-09-25 02:14:50,Atıcı 1,1. Sabit Mesafe Poligonu,0,223.89,723.508,PARMAK
2026-09-25 02:14:53,Atıcı 1,1. Sabit Mesafe Poligonu,0,118.46,726.223,PARMAK
2026-09-25 02:14:56,Atıcı 1,1. Sabit Mesafe Poligonu,0,182.5,729.486,PARMAK
2026-09-25 02:15:00,Atıcı 1,1. Sabit Mesafe Poligonu,0,256.91,733.541,PARMAK
2026-09-25 02:15:00,Atıcı 1,1. Sabit Mesafe Poligonu,0,135.25,733.742,PARMAK
2026-09-25 02:15:05,Atıcı 1,1. Sabit Mesafe Poligonu,0,150.21,738.374,PARMAK
2026-09-25 02:15:12,Atıcı 1,1. Sabit Mesafe Poligonu,0,188.28,745.917,PARMAK
2026-09-25 02:15:16,Atıcı 1,1. Sabit Mesafe Poligonu,0,182.54,749.768,PARMAK
2026-09-25 02:15:16,Atıcı 1,1. Sabit Mesafe Poligonu,0,114.76,750.008,PARMAK
2026-09-25 02:15:20,Atıcı 1,1. Sabit Mesafe Poligonu,0,241.81,754.133,PARMAK
2026-09-25 02:15:23,Atıcı 1,1. Sabit Mesafe Poligonu,0,117.2,756.3,PARMAK
2026-09-25 02:15:26,Atıcı 1,1. Sabit Mesafe Poligonu,0,199.46,759.994,PARMAK
2026-09-25 02:15:30,Atıcı 1,1. Sabit Mesafe Poligonu,0,209.16,763.53,PARMAK
2026-09-25 02:15:30,Atıcı 1,1. Sabit Mesafe Poligonu,0,115.32,763.732,PARMAK
2026-09-25 02:15:35,Atıcı 1,1. Sabit Mesafe Poligonu,0,173.42,768.841,PARMAK
2026-09-25 02:15:41,Atıcı 1,1. Sabit Mesafe Poligonu,0,217.41,774.56,PARMAK
2026-09-25 02:15:42,Atıcı 1,1. Sabit Mesafe Poligonu,0,105.12,776.149,PARMAK
2026-09-25 02:15:45,Atıcı 1,1. Sabit Mesafe Poligonu,0,166.98,778.531,PARMAK
2026-09-25 02:15:51,Atıcı 1,1. Sabit Mesafe Poligonu,0,221.23,784.493,PARMAK
2026-09-25 02:15:51,Atıcı 1,1. Sabit Mesafe Poligonu,0,185.27,784.696,PARMAK
2026-09-25 02:15:56,Atıcı 1,1. Sabit Mesafe Poligonu,0,182.78,789.94,PARMAK
2026-09-25 02:16:00,Atıcı 1,1. Sabit Mesafe Poligonu,0,169.94,793.173,PARMAK
2026-09-25 02:16:03,Atıcı 1,1. Sabit Mesafe Poligonu,0,232.44,796.334,PARMAK
2026-09-25 02:16:03,Atıcı 1,1. Sabit Mesafe Poligonu,0,197.85,796.541,PARMAK
2026-09-25 02:16:06,Atıcı 1,1. Sabit Mesafe Poligonu,0,221.78,799.934,PARMAK
2026-09-25 02:16:06,Atıcı 1,1. Sabit Mesafe Poligonu,0,168.62,800.132,PARMAK
2026-09-25 02:16:09,Atıcı 1,1. Sabit Mesafe Poligonu,0,176.74,802.932,PARMAK
2026-09-25 02:16:13,Atıcı 1,1. Sabit Mesafe Poligonu,0,209.7,806.958,PARMAK
2026-09-25 02:16:17,Atıcı 1,1. Sabit Mesafe Poligonu,0,197.77,810.178,PARMAK
2026-09-25 02:16:24,Atıcı 1,1. Sabit Mesafe Poligonu,0,207.47,817.614,PARMAK
2026-09-25 02:16:26,Atıcı 1,1. Sabit Mesafe Poligonu,0,227.79,819.661,PARMAK
2026-09-25 02:16:27,Atıcı 1,1. Sabit Mesafe Poligonu,0,156.02,820.349,PARMAK
2026-09-25 02:16:29,Atıcı 1,1. Sabit Mesafe Poligonu,0,267.23,822.504,PARMAK
2026-09-25 02:16:29,Atıcı 1,1. Sabit Mesafe Poligonu,0,157.01,822.706,PARMAK
2026-09-25 02:16:32,Atıcı 1,1. Sabit Mesafe Poligonu,0,198.01,825.9,PARMAK
2026-09-25 02:16:36,Atıcı 1,1. Sabit Mesafe Poligonu,0,177.16,829.905,PARMAK
2026-09-25 02:16:39,Atıcı 1,1. Sabit Mesafe Poligonu,0,157.31,833.066,PARMAK
2026-09-25 02:16:42,Atıcı 1,1. Sabit Mesafe Poligonu,0,160.1,835.509,PARMAK
2026-09-25 02:16:44,Atıcı 1,1. Sabit Mesafe Poligonu,0,222.01,837.826,PARMAK
2026-09-25 02:16:46,Atıcı 1,1. Sabit Mesafe Poligonu,0,212.22,839.831,PARMAK
2026-09-25 02:16:48,Atıcı 1,1. Sabit Mesafe Poligonu,0,170.47,842.139,PARMAK
2026-09-25 02:16:50,Atıcı 1,1. Sabit Mesafe Poligonu,0,155.27,843.322,PARMAK
2026-09-25 02:16:52,Atıcı 1,1. Sabit Mesafe Poligonu,0,173.28,845.456,PARMAK
2026-09-25 02:16:53,Atıcı 1,1. Sabit Mesafe Poligonu,0,217.02,846.666,PARMAK
2026-09-25 02:16:53,Atıcı 1,1. Sabit Mesafe Poligonu,0,197.12,846.983,PARMAK
2026-09-25 02:16:56,Atıcı 1,1. Sabit Mesafe Poligonu,0,193.5,849.796,PARMAK
2026-09-25 02:16:58,Atıcı 1,1. Sabit Mesafe Poligonu,0,233.31,852.026,PARMAK
2026-09-25 02:16:59,Atıcı 1,1. Sabit Mesafe Poligonu,0,210.3,852.235,PARMAK
2026-09-25 02:16:59,Atıcı 1,1. Sabit Mesafe Poligonu,0,208.47,852.592,PARMAK
2026-09-25 02:17:00,Atıcı 1,1. Sabit Mesafe Poligonu,0,177.34,853.579,PARMAK
2026-09-25 02:17:00,Atıcı 1,1. Sabit Mesafe Poligonu,0,173.22,854.043,PARMAK
2026-09-25 02:17:07,Atıcı 1,1. Sabit Mesafe Poligonu,0,205.24,860.217,PARMAK
2026-09-25 02:17:10,Atıcı 1,1. Sabit Mesafe Poligonu,0,144.5,863.802,PARMAK
2026-09-25 02:17:12,Atıcı 1,1. Sabit Mesafe Poligonu,0,195.65,865.731,PARMAK
2026-09-25 02:17:12,Atıcı 1,1. Sabit Mesafe Poligonu,0,172.57,865.938,PARMAK
2026-09-25 02:17:15,Atıcı 1,1. Sabit Mesafe Poligonu,0,226.37,869.0,PARMAK
2026-09-25 02:17:19,Atıcı 1,1. Sabit Mesafe Poligonu,0,168.91,872.713,PARMAK
2026-09-25 02:17:23,Atıcı 1,1. Sabit Mesafe Poligonu,0,213.6,876.178,PARMAK
2026-09-25 02:17:27,Atıcı 1,1. Sabit Mesafe Poligonu,0,220.1,880.244,PARMAK
2026-09-25 02:17:28,Atıcı 1,1. Sabit Mesafe Poligonu,0,203.94,881.272,PARMAK
2026-09-25 02:17:30,Atıcı 1,1. Sabit Mesafe Poligonu,0,184.55,883.781,PARMAK
2026-09-25 02:17:35,Atıcı 1,1. Sabit Mesafe Poligonu,0,194.36,888.668,PARMAK
2026-09-25 02:17:39,Atıcı 1,1. Sabit Mesafe Poligonu,0,195.15,892.46,PARMAK
2026-09-25 02:17:40,Atıcı 1,1. Sabit Mesafe Poligonu,0,172.15,893.448,PARMAK
2026-09-25 02:17:44,Atıcı 1,1. Sabit Mesafe Poligonu,0,169.52,897.45,PARMAK
2026-09-25 02:17:45,Atıcı 1,1. Sabit Mesafe Poligonu,0,188.11,899.142,PARMAK
2026-09-25 02:17:46,Atıcı 1,1. Sabit Mesafe Poligonu,0,199.2,899.404,PARMAK
2026-09-25 02:17:49,Atıcı 1,1. Sabit Mesafe Poligonu,0,172.7,902.321,PARMAK
2026-09-25 02:17:51,Atıcı 1,1. Sabit Mesafe Poligonu,0,205.23,904.395,PARMAK
2026-09-25 02:17:54,Atıcı 1,1. Sabit Mesafe Poligonu,0,214.41,907.293,PARMAK
2026-09-25 02:17:57,Atıcı 1,1. Sabit Mesafe Poligonu,0,190.18,910.499,PARMAK
2026-09-25 02:18:02,Atıcı 1,1. Sabit Mesafe Poligonu,0,159.68,915.664,PARMAK
2026-09-25 02:18:04,Atıcı 1,1. Sabit Mesafe Poligonu,0,173.74,917.64,PARMAK
2026-09-25 02:18:05,Atıcı 1,1. Sabit Mesafe Poligonu,0,138.6,919.074,PARMAK
2026-09-25 02:18:06,Atıcı 1,1. Sabit Mesafe Poligonu,0,145.5,919.371,PARMAK
2026-09-25 02:18:10,Atıcı 1,1. Sabit Mesafe Poligonu,0,223.81,923.313,PARMAK
2026-09-25 02:18:10,Atıcı 1,1. Sabit Mesafe Poligonu,0,157.88,923.515,PARMAK
2026-09-25 02:18:12,Atıcı 1,1. Sabit Mesafe Poligonu,0,205.06,926.044,PARMAK
2026-09-25 02:18:16,Atıcı 1,1. Sabit Mesafe Poligonu,0,170.02,929.792,PARMAK
2026-09-25 02:18:20,Atıcı 1,1. Sabit Mesafe Poligonu,0,201.76,933.209,PARMAK
2026-09-25 02:18:22,Atıcı 1,1. Sabit Mesafe Poligonu,0,170.52,935.711,PARMAK
2026-09-25 02:18:24,Atıcı 1,1. Sabit Mesafe Poligonu,0,156.71,937.742,PARMAK
2026-09-25 02:18:26,Atıcı 1,1. Sabit Mesafe Poligonu,0,196.11,939.42,PARMAK
2026-09-25 02:18:27,Atıcı 1,1. Sabit Mesafe Poligonu,0,212.46,941.125,PARMAK
2026-09-25 02:18:31,Atıcı 1,1. Sabit Mesafe Poligonu,0,191.04,944.309,PARMAK
2026-09-25 02:18:34,Atıcı 1,1. Sabit Mesafe Poligonu,0,162.82,948.036,PARMAK
2026-09-25 02:18:37,Atıcı 1,1. Sabit Mesafe Poligonu,0,239.3,950.187,PARMAK
2026-09-25 02:18:37,Atıcı 1,1. Sabit Mesafe Poligonu,0,178.08,950.463,PARMAK
2026-09-25 02:18:40,Atıcı 1,1. Sabit Mesafe Poligonu,0,196.77,953.798,PARMAK
2026-09-25 02:18:44,Atıcı 1,1. Sabit Mesafe Poligonu,0,176.92,957.435,PARMAK
2026-09-25 02:18:51,Atıcı 1,1. Sabit Mesafe Poligonu,0,200.82,964.974,PARMAK
2026-09-25 02:18:54,Atıcı 1,1. Sabit Mesafe Poligonu,0,168.47,967.576,PARMAK
2026-09-25 02:18:59,Atıcı 1,1. Sabit Mesafe Poligonu,0,204.17,972.603,PARMAK
2026-09-25 02:19:01,Atıcı 1,1. Sabit Mesafe Poligonu,0,237.76,974.978,PARMAK
2026-09-25 02:19:31,Atıcı 1,1. Sabit Mesafe Poligonu,0,166.21,2.243,PARMAK
2026-09-25 02:19:36,Atıcı 1,1. Sabit Mesafe Poligonu,0,207.74,7.619,PARMAK
2026-09-25 02:19:36,Atıcı 1,1. Sabit Mesafe Poligonu,0,155.94,7.831,PARMAK
2026-09-25 02:19:37,Atıcı 1,1. Sabit Mesafe Poligonu,0,152.78,8.603,PARMAK
2026-09-25 02:19:39,Atıcı 1,1. Sabit Mesafe Poligonu,0,150.4,10.53,PARMAK
2026-09-25 02:19:41,Atıcı 1,1. Sabit Mesafe Poligonu,0,177.81,12.856,PARMAK
2026-09-25 02:19:41,Atıcı 1,1. Sabit Mesafe Poligonu,0,149.09,13.083,PARMAK
2026-09-25 02:19:42,Atıcı 1,1. Sabit Mesafe Poligonu,0,146.15,13.618,PARMAK
2026-09-25 02:19:43,Atıcı 1,1. Sabit Mesafe Poligonu,0,160.95,14.887,PARMAK
2026-09-25 02:19:44,Atıcı 1,1. Sabit Mesafe Poligonu,0,164.22,15.334,PARMAK
2026-09-25 02:19:44,Atıcı 1,1. Sabit Mesafe Poligonu,0,144.28,15.556,PARMAK
2026-09-25 02:19:47,Atıcı 1,1. Sabit Mesafe Poligonu,0,195.13,18.892,PARMAK
2026-09-25 02:19:47,Atıcı 1,1. Sabit Mesafe Poligonu,0,165.15,19.118,PARMAK
2026-09-25 02:19:52,Atıcı 1,1. Sabit Mesafe Poligonu,0,179.42,23.917,PARMAK
2026-09-25 02:19:58,Atıcı 1,1. Sabit Mesafe Poligonu,0,147.71,29.147,PARMAK
2026-09-25 02:20:02,Atıcı 1,1. Sabit Mesafe Poligonu,0,206.02,33.129,PARMAK
2026-09-25 02:20:18,Atıcı 1,1. Sabit Mesafe Poligonu,0,166.41,49.827,PARMAK
2026-09-25 02:20:18,Atıcı 1,1. Sabit Mesafe Poligonu,0,137.44,50.07,PARMAK
2026-09-25 02:20:24,Atıcı 1,1. Sabit Mesafe Poligonu,0,130.51,55.717,PARMAK
2026-09-25 02:20:25,Atıcı 1,1. Sabit Mesafe Poligonu,0,226.43,56.473,PARMAK
2026-09-25 02:20:25,Atıcı 1,1. Sabit Mesafe Poligonu,0,124.23,56.673,PARMAK
2026-09-25 02:20:34,Atıcı 1,1. Sabit Mesafe Poligonu,0,195.92,65.14,PARMAK
2026-09-25 02:20:35,Atıcı 1,1. Sabit Mesafe Poligonu,0,185.22,66.877,PARMAK
2026-09-25 02:20:56,Atıcı 1,1. Sabit Mesafe Poligonu,0,133.09,87.643,PARMAK
2026-09-25 02:20:58,Atıcı 1,1. Sabit Mesafe Poligonu,0,135.03,90.019,PARMAK
2026-09-25 02:20:59,Atıcı 1,1. Sabit Mesafe Poligonu,0,126.09,90.705,PARMAK
2026-09-25 02:21:01,Atıcı 1,1. Sabit Mesafe Poligonu,0,207.85,92.493,PARMAK
2026-09-25 02:21:05,Atıcı 1,1. Sabit Mesafe Poligonu,0,215.47,96.189,PARMAK
2026-09-25 02:21:08,Atıcı 1,1. Sabit Mesafe Poligonu,0,181.22,99.866,PARMAK
2026-09-25 02:21:12,Atıcı 1,1. Sabit Mesafe Poligonu,0,225.08,103.329,PARMAK
2026-09-25 02:21:12,Atıcı 1,1. Sabit Mesafe Poligonu,0,123.02,103.54,PARMAK
2026-09-25 02:21:14,Atıcı 1,1. Sabit Mesafe Poligonu,0,237.72,106.098,PARMAK
2026-09-25 02:21:15,Atıcı 1,1. Sabit Mesafe Poligonu,0,117.52,106.299,PARMAK
2026-09-25 02:21:17,Atıcı 1,1. Sabit Mesafe Poligonu,0,219.49,108.945,PARMAK
2026-09-25 02:21:18,Atıcı 1,1. Sabit Mesafe Poligonu,0,156.26,109.145,PARMAK
2026-09-25 02:21:27,Atıcı 1,1. Sabit Mesafe Poligonu,0,245.59,118.214,PARMAK
2026-09-25 02:21:29,Atıcı 1,1. Sabit Mesafe Poligonu,0,227.2,120.983,PARMAK
2026-09-25 02:21:30,Atıcı 1,1. Sabit Mesafe Poligonu,0,156.32,121.284,PARMAK
2026-09-25 02:21:37,Atıcı 1,1. Sabit Mesafe Poligonu,0,168.96,128.16,PARMAK
2026-09-25 02:21:40,Atıcı 1,1. Sabit Mesafe Poligonu,0,221.21,131.934,PARMAK
2026-09-25 02:21:44,Atıcı 1,1. Sabit Mesafe Poligonu,0,167.53,135.168,PARMAK
2026-09-25 02:21:45,Atıcı 1,1. Sabit Mesafe Poligonu,0,246.68,136.55,PARMAK
2026-09-25 02:21:45,Atıcı 1,1. Sabit Mesafe Poligonu,0,208.0,136.751,PARMAK
2026-09-25 02:21:46,Atıcı 1,1. Sabit Mesafe Poligonu,0,230.31,138.062,PARMAK
2026-09-25 02:21:50,Atıcı 1,1. Sabit Mesafe Poligonu,0,175.73,141.3,PARMAK
2026-09-25 02:21:53,Atıcı 1,1. Sabit Mesafe Poligonu,0,180.6,145.023,PARMAK
2026-09-25 02:21:58,Atıcı 1,1. Sabit Mesafe Poligonu,0,173.49,150.1,PARMAK
2026-09-25 02:22:04,Atıcı 1,1. Sabit Mesafe Poligonu,0,158.23,155.482,PARMAK
2026-09-25 02:22:04,Atıcı 1,1. Sabit Mesafe Poligonu,0,160.25,155.69,PARMAK
2026-09-25 02:22:07,Atıcı 1,1. Sabit Mesafe Poligonu,0,240.1,158.929,PARMAK
2026-09-25 02:22:08,Atıcı 1,1. Sabit Mesafe Poligonu,0,166.09,159.139,PARMAK
2026-09-25 02:22:10,Atıcı 1,1. Sabit Mesafe Poligonu,0,220.13,161.74,PARMAK
2026-09-25 02:22:10,Atıcı 1,1. Sabit Mesafe Poligonu,0,277.99,162.095,PARMAK
2026-09-25 02:22:11,Atıcı 1,1. Sabit Mesafe Poligonu,0,281.94,162.545,PARMAK
2026-09-25 02:22:11,Atıcı 1,1. Sabit Mesafe Poligonu,0,288.43,162.801,PARMAK
2026-09-25 02:22:11,Atıcı 1,1. Sabit Mesafe Poligonu,0,287.01,162.994,PARMAK
2026-09-25 02:22:13,Atıcı 1,1. Sabit Mesafe Poligonu,0,164.05,164.568,PARMAK
2026-09-25 02:22:18,Atıcı 1,1. Sabit Mesafe Poligonu,0,259.86,169.173,PARMAK
2026-09-25 02:22:18,Atıcı 1,1. Sabit Mesafe Poligonu,0,146.32,169.373,PARMAK
2026-09-25 02:22:21,Atıcı 1,1. Sabit Mesafe Poligonu,0,178.04,172.651,PARMAK
2026-09-25 02:22:23,Atıcı 1,1. Sabit Mesafe Poligonu,0,210.15,174.796,PARMAK
2026-09-25 02:22:26,Atıcı 1,1. Sabit Mesafe Poligonu,0,182.99,178.078,PARMAK
2026-09-25 02:22:29,Atıcı 1,1. Sabit Mesafe Poligonu,0,230.33,180.273,PARMAK
2026-09-25 02:22:29,Atıcı 1,1. Sabit Mesafe Poligonu,0,139.98,180.468,PARMAK
2026-09-25 02:22:29,Atıcı 1,1. Sabit Mesafe Poligonu,0,139.18,181.1,PARMAK
2026-09-25 02:22:32,Atıcı 1,1. Sabit Mesafe Poligonu,0,168.36,183.841,PARMAK
2026-09-25 02:22:35,Atıcı 1,1. Sabit Mesafe Poligonu,0,183.66,186.44,PARMAK
2026-09-25 02:22:37,Atıcı 1,1. Sabit Mesafe Poligonu,0,218.0,188.99,PARMAK
2026-09-25 02:22:38,Atıcı 1,1. Sabit Mesafe Poligonu,0,155.46,189.197,PARMAK
2026-09-25 02:22:42,Atıcı 1,1. Sabit Mesafe Poligonu,0,180.89,193.908,PARMAK
2026-09-25 02:22:45,Atıcı 1,1. Sabit Mesafe Poligonu,0,239.38,196.535,PARMAK
2026-09-25 02:22:45,Atıcı 1,1. Sabit Mesafe Poligonu,0,156.89,196.746,PARMAK
2026-09-25 02:22:47,Atıcı 1,1. Sabit Mesafe Poligonu,0,157.0,198.982,PARMAK
2026-09-25 02:22:48,Atıcı 1,1. Sabit Mesafe Poligonu,0,178.04,199.988,PARMAK
2026-09-25 02:22:51,Atıcı 1,1. Sabit Mesafe Poligonu,0,174.16,203.023,PARMAK
2026-09-25 02:22:54,Atıcı 1,1. Sabit Mesafe Poligonu,0,162.86,205.814,PARMAK
2026-09-25 02:22:57,Atıcı 1,1. Sabit Mesafe Poligonu,0,157.31,208.379,PARMAK
2026-09-25 02:22:57,Atıcı 1,1. Sabit Mesafe Poligonu,0,137.57,209.064,PARMAK
2026-09-25 02:22:58,Atıcı 1,1. Sabit Mesafe Poligonu,0,181.32,210.02,PARMAK
2026-09-25 02:23:01,Atıcı 1,1. Sabit Mesafe Poligonu,0,201.52,212.447,PARMAK
2026-09-25 02:23:03,Atıcı 1,1. Sabit Mesafe Poligonu,0,148.12,214.87,PARMAK
2026-09-25 02:23:06,Atıcı 1,1. Sabit Mesafe Poligonu,0,171.73,217.735,PARMAK
2026-09-25 02:23:10,Atıcı 1,1. Sabit Mesafe Poligonu,0,252.98,221.196,PARMAK
2026-09-25 02:23:10,Atıcı 1,1. Sabit Mesafe Poligonu,0,152.4,221.396,PARMAK
2026-09-25 02:23:11,Atıcı 1,1. Sabit Mesafe Poligonu,0,164.76,222.69,PARMAK
2026-09-25 02:23:15,Atıcı 1,1. Sabit Mesafe Poligonu,0,171.06,226.213,PARMAK
2026-09-25 02:23:18,Atıcı 1,1. Sabit Mesafe Poligonu,0,176.23,229.66,PARMAK
2026-09-25 02:23:28,Atıcı 1,1. Sabit Mesafe Poligonu,0,172.82,239.363,PARMAK
2026-09-25 02:23:33,Atıcı 1,1. Sabit Mesafe Poligonu,0,163.03,244.933,PARMAK
2026-09-25 02:23:39,Atıcı 1,1. Sabit Mesafe Poligonu,0,180.47,250.259,PARMAK
2026-09-25 02:23:39,Atıcı 1,1. Sabit Mesafe Poligonu,0,188.86,250.739,PARMAK
2026-09-25 02:23:42,Atıcı 1,1. Sabit Mesafe Poligonu,0,166.4,253.444,PARMAK
2026-09-25 02:23:43,Atıcı 1,1. Sabit Mesafe Poligonu,0,152.27,255.11,PARMAK
2026-09-25 02:23:46,Atıcı 1,1. Sabit Mesafe Poligonu,0,165.19,257.616,PARMAK
2026-09-25 02:23:50,Atıcı 1,1. Sabit Mesafe Poligonu,0,150.33,261.36,PARMAK
2026-09-25 02:23:54,Atıcı 1,1. Sabit Mesafe Poligonu,0,143.14,265.322,PARMAK
2026-09-25 02:23:56,Atıcı 1,1. Sabit Mesafe Poligonu,0,169.01,267.469,PARMAK
2026-09-25 02:23:58,Atıcı 1,1. Sabit Mesafe Poligonu,0,154.99,269.735,PARMAK
2026-09-25 02:24:01,Atıcı 1,1. Sabit Mesafe Poligonu,0,164.0,272.658,PARMAK
2026-09-25 02:24:06,Atıcı 1,1. Sabit Mesafe Poligonu,0,172.15,277.617,PARMAK
2026-09-25 02:24:08,Atıcı 1,1. Sabit Mesafe Poligonu,0,171.03,280.044,PARMAK
2026-09-25 02:24:12,Atıcı 1,1. Sabit Mesafe Poligonu,0,177.0,283.446,PARMAK
2026-09-25 02:24:15,Atıcı 1,1. Sabit Mesafe Poligonu,0,162.02,286.836,PARMAK
2026-09-25 02:24:18,Atıcı 1,1. Sabit Mesafe Poligonu,0,154.69,289.517,PARMAK
2026-09-25 02:24:21,Atıcı 1,1. Sabit Mesafe Poligonu,0,228.97,292.129,PARMAK
2026-09-25 02:24:24,Atıcı 1,1. Sabit Mesafe Poligonu,0,173.0,295.962,PARMAK
2026-09-25 02:24:29,Atıcı 1,1. Sabit Mesafe Poligonu,0,157.84,300.156,PARMAK
2026-09-25 02:24:32,Atıcı 1,1. Sabit Mesafe Poligonu,0,154.57,303.536,PARMAK
2026-09-25 02:24:35,Atıcı 1,1. Sabit Mesafe Poligonu,0,171.83,306.341,PARMAK
2026-09-25 02:24:38,Atıcı 1,1. Sabit Mesafe Poligonu,0,250.49,309.854,PARMAK
2026-09-25 02:24:40,Atıcı 1,1. Sabit Mesafe Poligonu,0,168.72,312.077,PARMAK
2026-09-25 02:24:42,Atıcı 1,1. Sabit Mesafe Poligonu,0,150.28,313.677,PARMAK
2026-09-25 02:24:51,Atıcı 1,1. Sabit Mesafe Poligonu,0,232.86,323.064,PARMAK
2026-09-25 02:24:57,Atıcı 1,1. Sabit Mesafe Poligonu,0,168.02,328.466,PARMAK
2026-09-25 02:25:01,Atıcı 1,1. Sabit Mesafe Poligonu,0,156.92,332.41,PARMAK
2026-09-25 02:25:04,Atıcı 1,1. Sabit Mesafe Poligonu,0,195.09,335.751,PARMAK
2026-09-25 02:25:08,Atıcı 1,1. Sabit Mesafe Poligonu,0,165.3,339.73,PARMAK
2026-09-25 02:25:11,Atıcı 1,1. Sabit Mesafe Poligonu,0,177.71,342.985,PARMAK
2026-09-25 02:25:15,Atıcı 1,1. Sabit Mesafe Poligonu,0,173.28,347.029,PARMAK
2026-09-25 02:25:19,Atıcı 1,1. Sabit Mesafe Poligonu,0,174.64,350.765,PARMAK
2026-09-25 02:25:22,Atıcı 1,1. Sabit Mesafe Poligonu,0,170.03,353.769,PARMAK
2026-09-25 02:25:24,Atıcı 1,1. Sabit Mesafe Poligonu,0,208.57,355.957,PARMAK
2026-09-25 02:25:27,Atıcı 1,1. Sabit Mesafe Poligonu,0,181.0,358.937,PARMAK
2026-09-25 02:25:31,Atıcı 1,1. Sabit Mesafe Poligonu,0,195.39,362.544,PARMAK
2026-09-25 02:25:31,Atıcı 1,1. Sabit Mesafe Poligonu,0,155.94,362.75,PARMAK
2026-09-25 02:25:34,Atıcı 1,1. Sabit Mesafe Poligonu,0,154.83,365.464,PARMAK
2026-09-25 02:25:37,Atıcı 1,1. Sabit Mesafe Poligonu,0,156.54,368.25,PARMAK
2026-09-25 02:25:41,Atıcı 1,1. Sabit Mesafe Poligonu,0,174.2,372.266,PARMAK
2026-09-25 02:25:45,Atıcı 1,1. Sabit Mesafe Poligonu,0,174.1,376.334,PARMAK
2026-09-25 02:25:48,Atıcı 1,1. Sabit Mesafe Poligonu,0,161.07,379.19,PARMAK
2026-09-25 02:25:50,Atıcı 1,1. Sabit Mesafe Poligonu,0,201.0,381.9,PARMAK
2026-09-25 02:25:53,Atıcı 1,1. Sabit Mesafe Poligonu,0,160.64,385.117,PARMAK
2026-09-25 02:25:56,Atıcı 1,1. Sabit Mesafe Poligonu,0,220.24,387.66,PARMAK
2026-09-25 02:26:01,Atıcı 1,1. Sabit Mesafe Poligonu,0,177.19,392.187,PARMAK
2026-09-25 02:26:04,Atıcı 1,1. Sabit Mesafe Poligonu,0,230.08,395.461,PARMAK
2026-09-25 02:26:08,Atıcı 1,1. Sabit Mesafe Poligonu,0,200.39,399.83,PARMAK
2026-09-25 02:26:13,Atıcı 1,1. Sabit Mesafe Poligonu,0,211.25,404.189,PARMAK
2026-09-25 02:26:16,Atıcı 1,1. Sabit Mesafe Poligonu,0,173.37,407.745,PARMAK
2026-09-25 02:26:19,Atıcı 1,1. Sabit Mesafe Poligonu,0,173.23,410.986,PARMAK
2026-09-25 02:26:22,Atıcı 1,1. Sabit Mesafe Poligonu,0,194.04,414.073,PARMAK
2026-09-25 02:26:25,Atıcı 1,1. Sabit Mesafe Poligonu,0,205.88,416.22,PARMAK
2026-09-25 02:26:31,Atıcı 1,1. Sabit Mesafe Poligonu,0,170.84,422.626,PARMAK
2026-09-25 02:26:34,Atıcı 1,1. Sabit Mesafe Poligonu,0,155.86,425.451,PARMAK
2026-09-25 02:26:37,Atıcı 1,1. Sabit Mesafe Poligonu,0,181.46,428.645,PARMAK
2026-09-25 02:26:40,Atıcı 1,1. Sabit Mesafe Poligonu,0,212.85,431.853,PARMAK
2026-09-25 02:26:43,Atıcı 1,1. Sabit Mesafe Poligonu,0,172.8,434.333,PARMAK
2026-09-25 02:26:47,Atıcı 1,1. Sabit Mesafe Poligonu,0,181.84,438.781,PARMAK
2026-09-25 02:26:50,Atıcı 1,1. Sabit Mesafe Poligonu,0,198.98,441.345,PARMAK
2026-09-25 02:26:50,Atıcı 1,1. Sabit Mesafe Poligonu,0,156.44,441.549,PARMAK
2026-09-25 02:26:53,Atıcı 1,1. Sabit Mesafe Poligonu,0,228.78,444.48,PARMAK
2026-09-25 02:26:53,Atıcı 1,1. Sabit Mesafe Poligonu,0,163.77,444.718,PARMAK
2026-09-25 02:26:56,Atıcı 1,1. Sabit Mesafe Poligonu,0,179.28,448.054,PARMAK
2026-09-25 02:26:59,Atıcı 1,1. Sabit Mesafe Poligonu,0,143.4,450.257,PARMAK
2026-09-25 15:36:07,Atıcı 1,1. Sabit Mesafe Poligonu,0,227.55,74.402,PARMAK
2026-09-25 15:36:09,Atıcı 1,1. Sabit Mesafe Poligonu,0,244.59,75.689,PARMAK
2026-09-25 15:36:10,Atıcı 1,1. Sabit Mesafe Poligonu,0,66.37,76.925,PARMAK
2026-09-25 15:36:18,Atıcı 1,1. Sabit Mesafe Poligonu,0,167.63,84.777,PARMAK
2026-09-25 15:36:34,Atıcı 1,1. Sabit Mesafe Poligonu,0,257.64,101.531,PARMAK
2026-09-25 15:36:35,Atıcı 1,1. Sabit Mesafe Poligonu,0,277.41,101.717,PARMAK
2026-09-25 15:36:35,Atıcı 1,1. Sabit Mesafe Poligonu,0,325.04,102.211,PARMAK
2026-09-25 15:36:36,Atıcı 1,1. Sabit Mesafe Poligonu,0,346.71,103.404,PARMAK
2026-09-25 15:36:37,Atıcı 1,1. Sabit Mesafe Poligonu,0,290.87,104.219,PARMAK
2026-09-25 15:36:56,Atıcı 1,1. Sabit Mesafe Poligonu,50,27.17,122.93,PARMAK
2026-09-25 15:36:57,Atıcı 1,1. Sabit Mesafe Poligonu,0,80.89,0.964,PARMAK
2026-09-25 15:37:15,Atıcı 1,1. Sabit Mesafe Poligonu,0,106.17,18.768,PARMAK
2026-09-25 15:37:15,Atıcı 1,1. Sabit Mesafe Poligonu,0,112.81,19.548,PARMAK
2026-09-25 15:37:16,Atıcı 1,1. Sabit Mesafe Poligonu,0,119.71,20.272,PARMAK
2026-09-25 15:37:28,Atıcı 1,1. Sabit Mesafe Poligonu,0,118.83,32.445,PARMAK
2026-09-25 15:37:30,Atıcı 1,1. Sabit Mesafe Poligonu,0,117.21,34.65,PARMAK
2026-09-25 15:37:32,Atıcı 1,1. Sabit Mesafe Poligonu,0,123.41,36.298,PARMAK
2026-09-25 15:37:33,Atıcı 1,1. Sabit Mesafe Poligonu,0,106.79,37.226,PARMAK
2026-09-25 15:37:39,Atıcı 1,1. Sabit Mesafe Poligonu,0,127.2,43.289,PARMAK
2026-09-25 15:37:39,Atıcı 1,1. Sabit Mesafe Poligonu,0,83.0,43.669,PARMAK
2026-09-25 15:37:43,Atıcı 1,1. Sabit Mesafe Poligonu,0,125.9,47.316,PARMAK
2026-09-25 15:38:00,Atıcı 1,1. Sabit Mesafe Poligonu,0,185.65,64.091,PARMAK
2026-09-25 15:38:05,Atıcı 1,1. Sabit Mesafe Poligonu,0,155.55,69.738,PARMAK
2026-09-25 15:38:10,Atıcı 1,1. Sabit Mesafe Poligonu,25,39.2,73.773,PARMAK
2026-09-25 15:38:27,Atıcı 1,1. Sabit Mesafe Poligonu,25,39.32,17.209,PARMAK
2026-09-25 15:38:33,Atıcı 1,1. Sabit Mesafe Poligonu,0,285.05,6.016,PARMAK
2026-09-25 15:39:21,Atıcı 1,1. Sabit Mesafe Poligonu,0,129.08,53.859,PARMAK
2026-09-25 15:39:43,Atıcı 1,1. Sabit Mesafe Poligonu,0,73.01,76.727,PARMAK
2026-09-25 15:41:06,Atıcı 1,1. Sabit Mesafe Poligonu,0,64.63,159.58,PARMAK
2026-09-25 15:41:14,Atıcı 1,1. Sabit Mesafe Poligonu,0,71.34,167.49,PARMAK
2026-09-25 15:41:16,Atıcı 1,1. Sabit Mesafe Poligonu,0,74.73,169.258,PARMAK
2026-09-25 15:41:18,Atıcı 1,1. Sabit Mesafe Poligonu,0,135.47,171.117,PARMAK
2026-09-25 15:41:18,Atıcı 1,1. Sabit Mesafe Poligonu,0,117.39,171.729,PARMAK
2026-09-25 15:41:19,Atıcı 1,1. Sabit Mesafe Poligonu,0,114.49,172.642,PARMAK
2026-09-25 15:41:26,Atıcı 1,1. Sabit Mesafe Poligonu,0,220.11,178.78,PARMAK
2026-09-25 15:41:35,Atıcı 1,1. Sabit Mesafe Poligonu,0,129.03,187.954,PARMAK
2026-09-25 15:42:10,Atıcı 1,1. Sabit Mesafe Poligonu,0,51.31,223.652,PARMAK
2026-09-25 15:42:12,Atıcı 1,1. Sabit Mesafe Poligonu,0,55.54,224.9,PARMAK
2026-09-25 15:42:12,Atıcı 1,1. Sabit Mesafe Poligonu,75,17.12,225.081,PARMAK
2026-09-25 15:42:12,Atıcı 1,1. Sabit Mesafe Poligonu,0,80.62,0.182,PARMAK
2026-09-25 15:42:16,Atıcı 1,1. Sabit Mesafe Poligonu,0,51.09,3.716,PARMAK
2026-09-25 15:42:18,Atıcı 1,1. Sabit Mesafe Poligonu,0,59.4,6.643,PARMAK
2026-09-25 15:42:20,Atıcı 1,1. Sabit Mesafe Poligonu,0,54.45,7.827,PARMAK
2026-09-25 15:42:20,Atıcı 1,1. Sabit Mesafe Poligonu,0,207.62,8.321,PARMAK
2026-09-25 15:42:20,Atıcı 1,1. Sabit Mesafe Poligonu,0,93.02,8.528,PARMAK
2026-09-25 15:42:21,Atıcı 1,1. Sabit Mesafe Poligonu,0,122.43,9.165,PARMAK
2026-09-25 15:42:22,Atıcı 1,1. Sabit Mesafe Poligonu,0,92.2,9.914,PARMAK
2026-09-25 15:42:29,Atıcı 1,1. Sabit Mesafe Poligonu,0,126.04,16.693,PARMAK
2026-09-25 15:42:29,Atıcı 1,1. Sabit Mesafe Poligonu,0,166.14,16.929,PARMAK
2026-09-25 15:42:29,Atıcı 1,1. Sabit Mesafe Poligonu,0,187.86,17.126,PARMAK
2026-09-25 15:42:30,Atıcı 1,1. Sabit Mesafe Poligonu,0,193.04,18.002,PARMAK
2026-09-25 15:42:30,Atıcı 1,1. Sabit Mesafe Poligonu,0,91.81,18.188,PARMAK
2026-09-25 15:42:30,Atıcı 1,1. Sabit Mesafe Poligonu,0,110.72,18.383,PARMAK
2026-09-25 15:42:31,Atıcı 1,1. Sabit Mesafe Poligonu,0,123.79,18.929,PARMAK
2026-09-25 15:42:31,Atıcı 1,1. Sabit Mesafe Poligonu,0,107.56,19.12,PARMAK
2026-09-25 15:42:32,Atıcı 1,1. Sabit Mesafe Poligonu,0,166.03,19.752,PARMAK
2026-09-25 15:42:32,Atıcı 1,1. Sabit Mesafe Poligonu,0,150.63,20.665,PARMAK
2026-09-25 15:42:33,Atıcı 1,1. Sabit Mesafe Poligonu,0,157.87,20.949,PARMAK
2026-09-25 15:42:33,Atıcı 1,1. Sabit Mesafe Poligonu,0,130.5,21.356,PARMAK
2026-09-25 15:42:33,Atıcı 1,1. Sabit Mesafe Poligonu,0,90.14,21.545,PARMAK
2026-09-25 15:42:34,Atıcı 1,1. Sabit Mesafe Poligonu,0,103.12,22.316,PARMAK
2026-09-25 15:42:37,Atıcı 1,1. Sabit Mesafe Poligonu,0,130.36,25.134,PARMAK
2026-09-25 15:42:38,Atıcı 1,1. Sabit Mesafe Poligonu,0,123.02,25.812,PARMAK
2026-09-25 15:42:38,Atıcı 1,1. Sabit Mesafe Poligonu,0,112.09,26.184,PARMAK
2026-09-25 15:42:42,Atıcı 1,1. Sabit Mesafe Poligonu,0,126.25,30.448,PARMAK
2026-09-25 15:42:44,Atıcı 1,1. Sabit Mesafe Poligonu,0,136.69,31.961,PARMAK
2026-09-25 15:42:46,Atıcı 1,1. Sabit Mesafe Poligonu,0,96.46,34.232,PARMAK
2026-09-25 15:43:02,Atıcı 1,1. Sabit Mesafe Poligonu,0,46.53,49.958,PARMAK
2026-09-25 15:43:03,Atıcı 1,1. Sabit Mesafe Poligonu,25,38.42,51.225,PARMAK
2026-09-25 15:43:03,Atıcı 1,1. Sabit Mesafe Poligonu,25,40.46,0.184,PARMAK
2026-09-25 15:43:08,Atıcı 1,1. Sabit Mesafe Poligonu,50,33.53,5.068,PARMAK
2026-09-25 15:43:13,Atıcı 1,1. Sabit Mesafe Poligonu,0,101.59,5.018,PARMAK
2026-09-25 15:43:15,Atıcı 1,1. Sabit Mesafe Poligonu,0,46.14,6.274,PARMAK
2026-09-25 15:43:27,Atıcı 1,1. Sabit Mesafe Poligonu,0,108.26,18.497,PARMAK
2026-09-25 15:43:44,Atıcı 1,1. Sabit Mesafe Poligonu,25,44.42,35.968,PARMAK
2026-09-25 15:43:51,Atıcı 1,1. Sabit Mesafe Poligonu,25,40.31,6.512,PARMAK
2026-09-25 15:43:51,Atıcı 1,1. Sabit Mesafe Poligonu,25,42.45,0.7,PARMAK
2026-09-25 15:43:56,Atıcı 1,1. Sabit Mesafe Poligonu,25,39.36,4.111,PARMAK
2026-09-25 15:43:57,Atıcı 1,1. Sabit Mesafe Poligonu,25,41.68,1.525,PARMAK
2026-09-25 15:44:02,Atıcı 1,1. Sabit Mesafe Poligonu,0,75.47,4.891,PARMAK
2026-09-25 15:44:02,Atıcı 1,1. Sabit Mesafe Poligonu,0,82.2,5.362,PARMAK
2026-09-25 15:44:04,Atıcı 1,1. Sabit Mesafe Poligonu,0,128.04,7.322,PARMAK
2026-09-25 15:44:29,Atıcı 1,1. Sabit Mesafe Poligonu,25,43.28,32.313,PARMAK
2026-09-25 15:44:33,Atıcı 1,1. Sabit Mesafe Poligonu,25,41.87,3.35,PARMAK
2026-09-25 15:44:41,Atıcı 1,1. Sabit Mesafe Poligonu,25,43.1,8.574,PARMAK
2026-09-25 15:44:53,Atıcı 1,1. Sabit Mesafe Poligonu,0,58.69,12.021,PARMAK
2026-09-25 15:44:57,Atıcı 1,1. Sabit Mesafe Poligonu,0,281.04,15.186,PARMAK
2026-09-25 15:45:24,Atıcı 1,1. Sabit Mesafe Poligonu,0,193.72,42.178,PARMAK
2026-09-25 15:45:26,Atıcı 1,1. Sabit Mesafe Poligonu,0,289.8,44.266,PARMAK
2026-09-25 15:45:28,Atıcı 1,1. Sabit Mesafe Poligonu,0,321.89,46.19,PARMAK
2026-09-25 15:45:28,Atıcı 1,1. Sabit Mesafe Poligonu,0,301.72,46.65,PARMAK
2026-09-25 15:45:28,Atıcı 1,1. Sabit Mesafe Poligonu,0,315.63,46.905,PARMAK
2026-09-25 15:45:29,Atıcı 1,1. Sabit Mesafe Poligonu,0,167.8,47.174,PARMAK
2026-09-25 15:45:30,Atıcı 1,1. Sabit Mesafe Poligonu,0,137.97,48.353,PARMAK
2026-09-25 15:45:31,Atıcı 1,1. Sabit Mesafe Poligonu,0,154.9,49.537,PARMAK
2026-09-25 15:45:31,Atıcı 1,1. Sabit Mesafe Poligonu,0,104.0,49.876,PARMAK
2026-09-25 15:45:32,Atıcı 1,1. Sabit Mesafe Poligonu,0,130.18,50.22,PARMAK
2026-09-25 15:45:32,Atıcı 1,1. Sabit Mesafe Poligonu,0,126.62,50.661,PARMAK
2026-09-25 15:45:34,Atıcı 1,1. Sabit Mesafe Poligonu,0,88.24,53.073,PARMAK
2026-09-25 15:45:35,Atıcı 1,1. Sabit Mesafe Poligonu,0,116.73,53.468,PARMAK
2026-09-25 15:45:44,Atıcı 1,1. Sabit Mesafe Poligonu,0,132.94,62.955,PARMAK
2026-09-25 15:45:48,Atıcı 1,1. Sabit Mesafe Poligonu,0,106.25,66.604,PARMAK
2026-09-25 15:45:48,Atıcı 1,1. Sabit Mesafe Poligonu,0,134.62,67.027,PARMAK
2026-09-25 15:46:01,Atıcı 1,1. Sabit Mesafe Poligonu,0,132.55,79.428,PARMAK
2026-09-25 15:46:02,Atıcı 1,1. Sabit Mesafe Poligonu,0,171.47,81.018,PARMAK
2026-09-25 15:46:03,Atıcı 1,1. Sabit Mesafe Poligonu,0,169.28,81.885,PARMAK
2026-09-25 15:46:03,Atıcı 1,1. Sabit Mesafe Poligonu,0,177.25,82.073,PARMAK
2026-09-25 15:46:04,Atıcı 1,1. Sabit Mesafe Poligonu,0,173.07,82.299,PARMAK
2026-09-25 15:46:04,Atıcı 1,1. Sabit Mesafe Poligonu,0,172.57,82.479,PARMAK
2026-09-25 15:46:05,Atıcı 1,1. Sabit Mesafe Poligonu,0,175.21,83.809,PARMAK
2026-09-25 15:46:05,Atıcı 1,1. Sabit Mesafe Poligonu,0,178.35,84.038,PARMAK
2026-09-25 15:46:06,Atıcı 1,1. Sabit Mesafe Poligonu,0,191.4,84.223,PARMAK
2026-09-25 15:46:06,Atıcı 1,1. Sabit Mesafe Poligonu,0,175.32,84.452,PARMAK
2026-09-25 15:46:06,Atıcı 1,1. Sabit Mesafe Poligonu,0,174.75,84.637,PARMAK
2026-09-25 15:46:06,Atıcı 1,1. Sabit Mesafe Poligonu,0,177.79,84.836,PARMAK
2026-09-25 15:46:06,Atıcı 1,1. Sabit Mesafe Poligonu,0,177.79,85.033,PARMAK
2026-09-25 15:46:07,Atıcı 1,1. Sabit Mesafe Poligonu,0,179.18,85.269,PARMAK
2026-09-25 15:46:07,Atıcı 1,1. Sabit Mesafe Poligonu,0,178.35,85.459,PARMAK
2026-09-25 15:46:07,Atıcı 1,1. Sabit Mesafe Poligonu,0,177.53,85.727,PARMAK
2026-09-25 15:46:07,Atıcı 1,1. Sabit Mesafe Poligonu,0,180.28,85.911,PARMAK
2026-09-25 15:46:07,Atıcı 1,1. Sabit Mesafe Poligonu,0,178.62,86.154,PARMAK
2026-09-25 15:46:08,Atıcı 1,1. Sabit Mesafe Poligonu,0,179.18,86.342,PARMAK
2026-09-25 15:46:08,Atıcı 1,1. Sabit Mesafe Poligonu,0,181.11,86.535,PARMAK
2026-09-25 15:46:08,Atıcı 1,1. Sabit Mesafe Poligonu,0,178.89,86.763,PARMAK
2026-09-25 15:46:08,Atıcı 1,1. Sabit Mesafe Poligonu,0,181.11,86.952,PARMAK
2026-09-25 15:46:08,Atıcı 1,1. Sabit Mesafe Poligonu,0,181.95,87.134,PARMAK
2026-09-25 15:46:09,Atıcı 1,1. Sabit Mesafe Poligonu,0,179.18,87.335,PARMAK
2026-09-25 15:46:09,Atıcı 1,1. Sabit Mesafe Poligonu,0,178.62,87.518,PARMAK
2026-09-25 15:46:09,Atıcı 1,1. Sabit Mesafe Poligonu,0,184.74,87.702,PARMAK
2026-09-25 15:46:09,Atıcı 1,1. Sabit Mesafe Poligonu,0,185.27,87.926,PARMAK
2026-09-25 15:46:10,Atıcı 1,1. Sabit Mesafe Poligonu,0,174.48,88.51,PARMAK
2026-09-25 15:46:10,Atıcı 1,1. Sabit Mesafe Poligonu,0,177.55,88.696,PARMAK
2026-09-25 15:46:10,Atıcı 1,1. Sabit Mesafe Poligonu,0,176.71,88.877,PARMAK
2026-09-25 15:46:10,Atıcı 1,1. Sabit Mesafe Poligonu,0,171.51,89.064,PARMAK
2026-09-25 15:46:11,Atıcı 1,1. Sabit Mesafe Poligonu,0,177.02,89.246,PARMAK
2026-09-25 15:46:11,Atıcı 1,1. Sabit Mesafe Poligonu,0,173.1,89.427,PARMAK
2026-09-25 15:46:11,Atıcı 1,1. Sabit Mesafe Poligonu,0,176.71,89.616,PARMAK
2026-09-25 15:46:11,Atıcı 1,1. Sabit Mesafe Poligonu,0,174.79,89.799,PARMAK
2026-09-25 15:46:11,Atıcı 1,1. Sabit Mesafe Poligonu,0,177.55,89.98,PARMAK
2026-09-25 15:46:12,Atıcı 1,1. Sabit Mesafe Poligonu,0,175.64,90.165,PARMAK
2026-09-25 15:46:12,Atıcı 1,1. Sabit Mesafe Poligonu,0,181.16,90.347,PARMAK
2026-09-25 15:46:12,Atıcı 1,1. Sabit Mesafe Poligonu,0,181.16,90.615,PARMAK
2026-09-25 15:46:12,Atıcı 1,1. Sabit Mesafe Poligonu,0,180.94,90.795,PARMAK
2026-09-25 15:46:12,Atıcı 1,1. Sabit Mesafe Poligonu,0,180.94,90.979,PARMAK
2026-09-25 15:46:13,Atıcı 1,1. Sabit Mesafe Poligonu,0,175.33,91.248,PARMAK
2026-09-25 15:46:13,Atıcı 1,1. Sabit Mesafe Poligonu,0,179.47,91.432,PARMAK
2026-09-25 15:46:13,Atıcı 1,1. Sabit Mesafe Poligonu,0,180.62,91.657,PARMAK
2026-09-25 15:46:13,Atıcı 1,1. Sabit Mesafe Poligonu,0,180.85,91.839,PARMAK
2026-09-25 15:46:13,Atıcı 1,1. Sabit Mesafe Poligonu,0,175.11,92.02,PARMAK
2026-09-25 15:46:14,Atıcı 1,1. Sabit Mesafe Poligonu,0,174.59,92.3,PARMAK
2026-09-25 15:46:14,Atıcı 1,1. Sabit Mesafe Poligonu,0,176.71,92.487,PARMAK
2026-09-25 15:46:14,Atıcı 1,1. Sabit Mesafe Poligonu,0,173.22,92.673,PARMAK
2026-09-25 15:46:14,Atıcı 1,1. Sabit Mesafe Poligonu,0,174.59,92.86,PARMAK
2026-09-25 15:46:14,Atıcı 1,1. Sabit Mesafe Poligonu,0,174.59,93.132,PARMAK
2026-09-25 15:46:15,Atıcı 1,1. Sabit Mesafe Poligonu,0,175.45,93.319,PARMAK
2026-09-25 15:46:15,Atıcı 1,1. Sabit Mesafe Poligonu,0,174.07,93.511,PARMAK
2026-09-25 15:46:15,Atıcı 1,1. Sabit Mesafe Poligonu,0,173.95,93.696,PARMAK
2026-09-25 15:46:15,Atıcı 1,1. Sabit Mesafe Poligonu,0,173.42,93.885,PARMAK
2026-09-25 15:46:15,Atıcı 1,1. Sabit Mesafe Poligonu,0,175.03,94.075,PARMAK
2026-09-25 15:46:16,Atıcı 1,1. Sabit Mesafe Poligonu,0,175.97,94.261,PARMAK
2026-09-25 15:46:16,Atıcı 1,1. Sabit Mesafe Poligonu,0,175.11,94.45,PARMAK
2026-09-25 15:46:16,Atıcı 1,1. Sabit Mesafe Poligonu,0,176.82,94.634,PARMAK
2026-09-25 15:46:16,Atıcı 1,1. Sabit Mesafe Poligonu,0,176.82,94.824,PARMAK
2026-09-25 15:46:16,Atıcı 1,1. Sabit Mesafe Poligonu,0,173.42,95.013,PARMAK
2026-09-25 15:46:17,Atıcı 1,1. Sabit Mesafe Poligonu,0,173.95,95.201,PARMAK
2026-09-25 15:46:17,Atıcı 1,1. Sabit Mesafe Poligonu,0,174.79,95.43,PARMAK
2026-09-25 15:46:17,Atıcı 1,1. Sabit Mesafe Poligonu,0,177.34,95.615,PARMAK
2026-09-25 15:46:17,Atıcı 1,1. Sabit Mesafe Poligonu,0,174.59,95.801,PARMAK
2026-09-25 15:46:17,Atıcı 1,1. Sabit Mesafe Poligonu,0,175.33,96.037,PARMAK
2026-09-25 15:46:18,Atıcı 1,1. Sabit Mesafe Poligonu,0,176.17,96.307,PARMAK
2026-09-25 15:46:18,Atıcı 1,1. Sabit Mesafe Poligonu,0,180.62,96.491,PARMAK
2026-09-25 15:46:18,Atıcı 1,1. Sabit Mesafe Poligonu,0,175.64,96.675,PARMAK
2026-09-25 15:46:18,Atıcı 1,1. Sabit Mesafe Poligonu,0,174.59,96.861,PARMAK
2026-09-25 15:46:18,Atıcı 1,1. Sabit Mesafe Poligonu,0,174.59,97.046,PARMAK
2026-09-25 15:46:19,Atıcı 1,1. Sabit Mesafe Poligonu,0,178.72,97.238,PARMAK
2026-09-25 15:46:19,Atıcı 1,1. Sabit Mesafe Poligonu,0,174.59,97.42,PARMAK
2026-09-25 15:46:19,Atıcı 1,1. Sabit Mesafe Poligonu,0,176.17,97.646,PARMAK
2026-09-25 15:46:19,Atıcı 1,1. Sabit Mesafe Poligonu,0,174.79,97.87,PARMAK
2026-09-25 15:46:19,Atıcı 1,1. Sabit Mesafe Poligonu,0,172.57,98.051,PARMAK
2026-09-25 15:46:20,Atıcı 1,1. Sabit Mesafe Poligonu,0,174.26,98.282,PARMAK
2026-09-25 15:46:20,Atıcı 1,1. Sabit Mesafe Poligonu,0,173.42,98.47,PARMAK
2026-09-25 15:46:20,Atıcı 1,1. Sabit Mesafe Poligonu,0,172.57,98.65,PARMAK
2026-09-25 15:46:20,Atıcı 1,1. Sabit Mesafe Poligonu,0,176.17,98.831,PARMAK
2026-09-25 15:46:20,Atıcı 1,1. Sabit Mesafe Poligonu,0,179.78,99.011,PARMAK
2026-09-25 15:46:21,Atıcı 1,1. Sabit Mesafe Poligonu,0,177.87,99.195,PARMAK
2026-09-25 15:46:21,Atıcı 1,1. Sabit Mesafe Poligonu,0,176.49,99.472,PARMAK
2026-09-25 15:46:21,Atıcı 1,1. Sabit Mesafe Poligonu,0,184.76,99.668,PARMAK
2026-09-25 15:46:21,Atıcı 1,1. Sabit Mesafe Poligonu,0,177.87,99.857,PARMAK
2026-09-25 15:46:21,Atıcı 1,1. Sabit Mesafe Poligonu,0,181.47,100.059,PARMAK
2026-09-25 15:46:22,Atıcı 1,1. Sabit Mesafe Poligonu,0,177.99,100.484,PARMAK
2026-09-25 15:46:22,Atıcı 1,1. Sabit Mesafe Poligonu,0,191.21,100.673,PARMAK
2026-09-25 15:46:32,Atıcı 1,1. Sabit Mesafe Poligonu,0,190.38,110.587,PARMAK
2026-09-25 15:46:34,Atıcı 1,1. Sabit Mesafe Poligonu,0,195.51,112.994,PARMAK
2026-09-25 15:46:35,Atıcı 1,1. Sabit Mesafe Poligonu,0,191.4,113.674,PARMAK
2026-09-25 15:46:35,Atıcı 1,1. Sabit Mesafe Poligonu,0,168.36,113.999,PARMAK
2026-09-25 15:47:00,Atıcı 1,1. Sabit Mesafe Poligonu,0,165.08,138.519,PARMAK
2026-09-25 15:47:01,Atıcı 1,1. Sabit Mesafe Poligonu,0,113.3,139.358,PARMAK
2026-09-25 15:47:27,Atıcı 1,1. Sabit Mesafe Poligonu,0,207.18,166.13,PARMAK
2026-09-25 15:47:39,Atıcı 1,1. Sabit Mesafe Poligonu,0,144.31,177.625,PARMAK
2026-09-25 15:47:43,Atıcı 1,1. Sabit Mesafe Poligonu,0,157.8,181.977,PARMAK
2026-09-25 15:47:46,Atıcı 1,1. Sabit Mesafe Poligonu,0,210.52,184.88,PARMAK
2026-09-25 15:47:47,Atıcı 1,1. Sabit Mesafe Poligonu,0,202.81,185.761,PARMAK
2026-09-25 15:47:48,Atıcı 1,1. Sabit Mesafe Poligonu,0,301.24,186.25,PARMAK
2026-09-25 15:47:48,Atıcı 1,1. Sabit Mesafe Poligonu,0,195.49,186.529,PARMAK
2026-09-25 15:47:48,Atıcı 1,1. Sabit Mesafe Poligonu,0,151.01,187.124,PARMAK
2026-09-25 15:47:50,Atıcı 1,1. Sabit Mesafe Poligonu,0,204.09,188.164,PARMAK
2026-09-25 15:47:50,Atıcı 1,1. Sabit Mesafe Poligonu,0,200.72,188.722,PARMAK
2026-09-25 15:47:51,Atıcı 1,1. Sabit Mesafe Poligonu,0,225.3,189.474,PARMAK
2026-09-25 15:47:51,Atıcı 1,1. Sabit Mesafe Poligonu,0,204.88,189.79,PARMAK
2026-09-25 15:48:08,Atıcı 1,1. Sabit Mesafe Poligonu,0,284.93,207.15,PARMAK
2026-09-25 15:48:09,Atıcı 1,1. Sabit Mesafe Poligonu,0,292.71,207.401,PARMAK
2026-09-25 15:48:09,Atıcı 1,1. Sabit Mesafe Poligonu,0,295.04,207.692,PARMAK
2026-09-25 15:48:09,Atıcı 1,1. Sabit Mesafe Poligonu,0,297.41,207.878,PARMAK
2026-09-25 15:48:10,Atıcı 1,1. Sabit Mesafe Poligonu,0,298.0,208.399,PARMAK
2026-09-25 15:48:10,Atıcı 1,1. Sabit Mesafe Poligonu,0,290.42,208.871,PARMAK
2026-09-25 15:48:15,Atıcı 1,1. Sabit Mesafe Poligonu,0,277.07,213.817,PARMAK
2026-09-25 15:48:16,Atıcı 1,1. Sabit Mesafe Poligonu,0,227.08,214.166,PARMAK
2026-09-25 15:48:16,Atıcı 1,1. Sabit Mesafe Poligonu,0,207.02,214.928,PARMAK
2026-09-25 15:48:16,Atıcı 1,1. Sabit Mesafe Poligonu,0,178.71,215.112,PARMAK
2026-09-25 15:48:17,Atıcı 1,1. Sabit Mesafe Poligonu,0,180.1,215.298,PARMAK
2026-09-25 15:48:18,Atıcı 1,1. Sabit Mesafe Poligonu,0,179.18,216.709,PARMAK
2026-09-25 15:48:20,Atıcı 1,1. Sabit Mesafe Poligonu,0,106.4,218.233,PARMAK
2026-09-25 15:48:26,Atıcı 1,1. Sabit Mesafe Poligonu,0,79.12,224.896,PARMAK
2026-09-25 15:48:26,Atıcı 1,1. Sabit Mesafe Poligonu,0,76.55,225.152,PARMAK
2026-09-25 15:48:27,Atıcı 1,1. Sabit Mesafe Poligonu,0,78.77,225.773,PARMAK
2026-09-25 15:48:27,Atıcı 1,1. Sabit Mesafe Poligonu,0,80.99,226.151,PARMAK
2026-09-25 15:48:28,Atıcı 1,1. Sabit Mesafe Poligonu,0,73.39,226.477,PARMAK
2026-09-25 15:48:30,Atıcı 1,1. Sabit Mesafe Poligonu,0,79.48,228.602,PARMAK
2026-09-25 15:48:34,Atıcı 1,1. Sabit Mesafe Poligonu,0,78.92,233.139,PARMAK
2026-09-25 15:48:35,Atıcı 1,1. Sabit Mesafe Poligonu,0,73.01,233.322,PARMAK
2026-09-25 15:48:35,Atıcı 1,1. Sabit Mesafe Poligonu,0,73.68,233.606,PARMAK
2026-09-25 15:48:35,Atıcı 1,1. Sabit Mesafe Poligonu,0,73.5,234.151,PARMAK
2026-09-25 15:48:36,Atıcı 1,1. Sabit Mesafe Poligonu,0,78.59,234.715,PARMAK
2026-09-25 15:48:36,Atıcı 1,1. Sabit Mesafe Poligonu,0,79.08,235.003,PARMAK
2026-09-25 15:48:43,Atıcı 1,1. Sabit Mesafe Poligonu,0,294.88,241.85,PARMAK
2026-09-25 15:48:49,Atıcı 1,1. Sabit Mesafe Poligonu,75,9.22,248.146,PARMAK
2026-09-25 15:48:50,Atıcı 1,1. Sabit Mesafe Poligonu,0,49.4,0.543,PARMAK
2026-09-25 15:48:51,Atıcı 1,1. Sabit Mesafe Poligonu,0,327.56,1.282,PARMAK
2026-09-25 15:48:51,Atıcı 1,1. Sabit Mesafe Poligonu,0,218.67,1.855,PARMAK
2026-09-25 15:48:53,Atıcı 1,1. Sabit Mesafe Poligonu,0,250.19,3.294,PARMAK
2026-09-25 15:48:55,Atıcı 1,1. Sabit Mesafe Poligonu,0,239.97,5.333,PARMAK
2026-09-25 15:48:56,Atıcı 1,1. Sabit Mesafe Poligonu,0,242.29,6.284,PARMAK
2026-09-25 15:48:56,Atıcı 1,1. Sabit Mesafe Poligonu,0,245.25,6.468,PARMAK
2026-09-25 15:48:57,Atıcı 1,1. Sabit Mesafe Poligonu,0,237.45,7.31,PARMAK
2026-09-25 15:48:58,Atıcı 1,1. Sabit Mesafe Poligonu,0,243.26,8.33,PARMAK
2026-09-25 15:49:20,Atıcı 1,1. Sabit Mesafe Poligonu,0,58.59,30.478,PARMAK
2026-09-25 15:49:20,Atıcı 1,1. Sabit Mesafe Poligonu,0,46.82,30.698,PARMAK
2026-09-25 15:49:27,Atıcı 1,1. Sabit Mesafe Poligonu,0,138.03,37.534,PARMAK
2026-09-25 15:49:27,Atıcı 1,1. Sabit Mesafe Poligonu,0,147.09,37.721,PARMAK
2026-09-25 15:49:30,Atıcı 1,1. Sabit Mesafe Poligonu,0,188.27,40.081,PARMAK
2026-09-25 15:49:30,Atıcı 1,1. Sabit Mesafe Poligonu,0,184.1,40.303,PARMAK
2026-09-25 15:49:30,Atıcı 1,1. Sabit Mesafe Poligonu,0,182.18,40.494,PARMAK
2026-09-25 15:49:30,Atıcı 1,1. Sabit Mesafe Poligonu,0,184.02,40.683,PARMAK
2026-09-25 15:49:30,Atıcı 1,1. Sabit Mesafe Poligonu,0,188.04,40.921,PARMAK
2026-09-25 15:49:31,Atıcı 1,1. Sabit Mesafe Poligonu,0,192.44,41.244,PARMAK
2026-09-25 15:49:31,Atıcı 1,1. Sabit Mesafe Poligonu,0,188.01,41.802,PARMAK
2026-09-25 15:49:32,Atıcı 1,1. Sabit Mesafe Poligonu,0,182.46,42.506,PARMAK
2026-09-25 15:49:32,Atıcı 1,1. Sabit Mesafe Poligonu,0,187.32,42.706,PARMAK
2026-09-25 15:49:32,Atıcı 1,1. Sabit Mesafe Poligonu,0,175.35,42.979,PARMAK
2026-09-25 15:49:33,Atıcı 1,1. Sabit Mesafe Poligonu,0,177.72,43.241,PARMAK
2026-09-25 15:49:33,Atıcı 1,1. Sabit Mesafe Poligonu,0,172.19,43.561,PARMAK
2026-09-25 15:49:34,Atıcı 1,1. Sabit Mesafe Poligonu,0,199.72,44.481,PARMAK
2026-09-25 15:49:34,Atıcı 1,1. Sabit Mesafe Poligonu,0,191.8,44.667,PARMAK
2026-09-25 15:49:35,Atıcı 1,1. Sabit Mesafe Poligonu,0,187.77,45.141,PARMAK
2026-09-25 15:49:35,Atıcı 1,1. Sabit Mesafe Poligonu,0,184.02,45.796,PARMAK
2026-09-25 15:49:36,Atıcı 1,1. Sabit Mesafe Poligonu,0,184.69,46.017,PARMAK
2026-09-25 15:49:36,Atıcı 1,1. Sabit Mesafe Poligonu,0,185.53,46.883,PARMAK
2026-09-25 15:49:37,Atıcı 1,1. Sabit Mesafe Poligonu,0,176.1,47.152,PARMAK
2026-09-25 15:49:37,Atıcı 1,1. Sabit Mesafe Poligonu,0,185.17,47.333,PARMAK
2026-09-25 15:49:37,Atıcı 1,1. Sabit Mesafe Poligonu,0,204.0,47.516,PARMAK
2026-09-25 15:49:38,Atıcı 1,1. Sabit Mesafe Poligonu,0,241.24,48.112,PARMAK
2026-09-25 15:49:48,Atıcı 1,1. Sabit Mesafe Poligonu,25,41.59,58.278,PARMAK
2026-09-25 15:50:03,Atıcı 1,1. Sabit Mesafe Poligonu,0,97.99,15.235,PARMAK
2026-09-25 15:50:05,Atıcı 1,1. Sabit Mesafe Poligonu,0,214.67,17.27,PARMAK
2026-09-25 15:50:06,Atıcı 1,1. Sabit Mesafe Poligonu,0,91.02,17.809,PARMAK
2026-09-25 15:50:08,Atıcı 1,1. Sabit Mesafe Poligonu,0,85.45,20.583,PARMAK
2026-09-25 15:50:11,Atıcı 1,1. Sabit Mesafe Poligonu,0,77.41,23.276,PARMAK
2026-09-25 15:50:15,Atıcı 1,1. Sabit Mesafe Poligonu,0,74.4,27.13,PARMAK
2026-09-25 15:50:15,Atıcı 1,1. Sabit Mesafe Poligonu,0,75.8,27.653,PARMAK
2026-09-25 15:50:18,Atıcı 1,1. Sabit Mesafe Poligonu,0,216.63,30.12,PARMAK
2026-09-25 15:50:21,Atıcı 1,1. Sabit Mesafe Poligonu,0,229.53,33.58,PARMAK
2026-09-25 15:50:29,Atıcı 1,1. Sabit Mesafe Poligonu,0,185.56,41.177,PARMAK
2026-09-25 15:50:30,Atıcı 1,1. Sabit Mesafe Poligonu,0,192.6,41.745,PARMAK
2026-09-25 15:50:32,Atıcı 1,1. Sabit Mesafe Poligonu,0,236.07,44.273,PARMAK
2026-09-25 15:50:33,Atıcı 1,1. Sabit Mesafe Poligonu,25,40.8,45.603,PARMAK
2026-09-25 15:50:55,Atıcı 1,1. Sabit Mesafe Poligonu,0,257.98,21.791,PARMAK
2026-09-25 15:50:57,Atıcı 1,1. Sabit Mesafe Poligonu,0,253.55,23.451,PARMAK
2026-09-25 15:50:57,Atıcı 1,1. Sabit Mesafe Poligonu,0,256.82,23.672,PARMAK
2026-09-25 15:50:58,Atıcı 1,1. Sabit Mesafe Poligonu,0,244.18,24.632,PARMAK
2026-09-25 15:50:58,Atıcı 1,1. Sabit Mesafe Poligonu,0,239.05,25.092,PARMAK
2026-09-25 15:51:00,Atıcı 1,1. Sabit Mesafe Poligonu,0,248.7,27.027,PARMAK
2026-09-25 15:51:01,Atıcı 1,1. Sabit Mesafe Poligonu,0,120.65,27.362,PARMAK
2026-09-25 15:51:21,Atıcı 1,1. Sabit Mesafe Poligonu,0,157.69,47.246,PARMAK
2026-09-25 15:51:21,Atıcı 1,1. Sabit Mesafe Poligonu,0,143.01,47.592,PARMAK
2026-09-25 15:51:21,Atıcı 1,1. Sabit Mesafe Poligonu,0,141.21,47.825,PARMAK
2026-09-25 15:51:22,Atıcı 1,1. Sabit Mesafe Poligonu,0,156.06,48.329,PARMAK
2026-09-25 15:51:22,Atıcı 1,1. Sabit Mesafe Poligonu,0,170.31,48.981,PARMAK
2026-09-25 15:51:23,Atıcı 1,1. Sabit Mesafe Poligonu,0,207.12,49.395,PARMAK
2026-09-25 15:51:28,Atıcı 1,1. Sabit Mesafe Poligonu,0,312.13,54.216,PARMAK
2026-09-25 15:51:28,Atıcı 1,1. Sabit Mesafe Poligonu,0,193.94,54.428,PARMAK
2026-09-25 15:51:28,Atıcı 1,1. Sabit Mesafe Poligonu,0,96.61,55.034,PARMAK
2026-09-25 15:51:30,Atıcı 1,1. Sabit Mesafe Poligonu,0,183.17,56.682,PARMAK
2026-09-25 15:51:30,Atıcı 1,1. Sabit Mesafe Poligonu,0,216.46,56.862,PARMAK
2026-09-25 15:51:35,Atıcı 1,1. Sabit Mesafe Poligonu,0,223.83,61.73,PARMAK
2026-09-25 15:51:36,Atıcı 1,1. Sabit Mesafe Poligonu,0,200.3,62.3,PARMAK
2026-09-25 15:51:36,Atıcı 1,1. Sabit Mesafe Poligonu,0,210.75,62.533,PARMAK
2026-09-25 15:51:50,Atıcı 1,1. Sabit Mesafe Poligonu,0,187.3,77.031,PARMAK
2026-09-25 15:51:51,Atıcı 1,1. Sabit Mesafe Poligonu,0,194.88,77.621,PARMAK
2026-09-25 15:51:52,Atıcı 1,1. Sabit Mesafe Poligonu,0,278.37,78.194,PARMAK
2026-09-25 15:51:52,Atıcı 1,1. Sabit Mesafe Poligonu,0,275.83,78.65,PARMAK
2026-09-25 15:51:54,Atıcı 1,1. Sabit Mesafe Poligonu,0,149.27,80.702,PARMAK
2026-09-25 15:51:56,Atıcı 1,1. Sabit Mesafe Poligonu,0,47.68,82.671,PARMAK
2026-09-25 15:51:57,Atıcı 1,1. Sabit Mesafe Poligonu,50,36.01,83.312,PARMAK
2026-09-25 15:51:58,Atıcı 1,1. Sabit Mesafe Poligonu,0,56.29,1.316,PARMAK
2026-09-25 15:51:58,Atıcı 1,1. Sabit Mesafe Poligonu,0,56.32,1.503,PARMAK
2026-09-25 15:51:58,Atıcı 1,1. Sabit Mesafe Poligonu,0,56.61,1.691,PARMAK
2026-09-25 15:52:08,Atıcı 1,1. Sabit Mesafe Poligonu,0,118.42,11.378,PARMAK
2026-09-25 15:52:08,Atıcı 1,1. Sabit Mesafe Poligonu,0,173.77,11.7,PARMAK
2026-09-25 15:52:11,Atıcı 1,1. Sabit Mesafe Poligonu,0,107.65,14.363,PARMAK
2026-09-25 15:52:17,Atıcı 1,1. Sabit Mesafe Poligonu,0,127.44,19.907,PARMAK
2026-09-25 15:52:17,Atıcı 1,1. Sabit Mesafe Poligonu,0,127.47,20.694,PARMAK
2026-09-25 15:52:24,Atıcı 1,1. Sabit Mesafe Poligonu,0,113.51,27.407,PARMAK
2026-09-25 15:52:48,Atıcı 1,1. Sabit Mesafe Poligonu,0,181.62,51.266,PARMAK
2026-09-25 15:52:48,Atıcı 1,1. Sabit Mesafe Poligonu,0,110.79,51.652,PARMAK
2026-09-25 15:52:49,Atıcı 1,1. Sabit Mesafe Poligonu,0,154.02,51.865,PARMAK
2026-09-25 15:52:49,Atıcı 1,1. Sabit Mesafe Poligonu,0,99.69,52.133,PARMAK
2026-09-25 15:52:50,Atıcı 1,1. Sabit Mesafe Poligonu,0,196.81,53.173,PARMAK
2026-09-25 15:52:50,Atıcı 1,1. Sabit Mesafe Poligonu,0,200.66,53.355,PARMAK
2026-09-25 15:52:50,Atıcı 1,1. Sabit Mesafe Poligonu,0,177.26,53.59,PARMAK
2026-09-25 15:52:51,Atıcı 1,1. Sabit Mesafe Poligonu,0,155.9,53.924,PARMAK
2026-09-25 15:52:51,Atıcı 1,1. Sabit Mesafe Poligonu,0,170.85,54.165,PARMAK
2026-09-25 15:52:51,Atıcı 1,1. Sabit Mesafe Poligonu,0,171.01,54.577,PARMAK
2026-09-25 15:52:54,Atıcı 1,1. Sabit Mesafe Poligonu,0,241.17,57.013,PARMAK
2026-09-25 15:52:56,Atıcı 1,1. Sabit Mesafe Poligonu,0,226.98,59.145,PARMAK
2026-09-25 15:52:56,Atıcı 1,1. Sabit Mesafe Poligonu,0,228.4,59.337,PARMAK
2026-09-25 15:52:56,Atıcı 1,1. Sabit Mesafe Poligonu,0,229.11,59.553,PARMAK
2026-09-25 15:53:45,Atıcı 1,1. Sabit Mesafe Poligonu,0,187.28,108.721,PARMAK
2026-09-25 15:53:46,Atıcı 1,1. Sabit Mesafe Poligonu,0,58.26,108.924,PARMAK
2026-09-25 15:53:54,Atıcı 1,1. Sabit Mesafe Poligonu,0,270.3,117.331,PARMAK
2026-09-25 15:53:54,Atıcı 1,1. Sabit Mesafe Poligonu,0,184.89,117.679,PARMAK
2026-09-25 15:53:55,Atıcı 1,1. Sabit Mesafe Poligonu,0,164.81,117.875,PARMAK
2026-09-25 15:54:12,Atıcı 1,1. Sabit Mesafe Poligonu,0,103.35,135.64,PARMAK
2026-09-25 15:54:24,Atıcı 1,1. Sabit Mesafe Poligonu,0,136.08,147.422,PARMAK
2026-09-25 15:54:24,Atıcı 1,1. Sabit Mesafe Poligonu,0,204.66,147.724,PARMAK
2026-09-25 15:54:42,Atıcı 1,1. Sabit Mesafe Poligonu,0,240.63,165.444,PARMAK
2026-09-25 15:54:58,Atıcı 1,1. Sabit Mesafe Poligonu,0,227.77,181.361,PARMAK
2026-09-25 15:54:58,Atıcı 1,1. Sabit Mesafe Poligonu,0,111.31,181.551,PARMAK
2026-09-25 15:54:59,Atıcı 1,1. Sabit Mesafe Poligonu,0,120.15,182.034,PARMAK
2026-09-25 15:54:59,Atıcı 1,1. Sabit Mesafe Poligonu,0,129.03,182.442,PARMAK
2026-09-25 15:54:59,Atıcı 1,1. Sabit Mesafe Poligonu,0,124.49,182.721,PARMAK
2026-09-25 15:55:03,Atıcı 1,1. Sabit Mesafe Poligonu,0,117.83,186.511,PARMAK
2026-09-25 15:55:04,Atıcı 1,1. Sabit Mesafe Poligonu,0,123.18,187.647,PARMAK
2026-09-25 15:55:06,Atıcı 1,1. Sabit Mesafe Poligonu,0,121.2,189.023,PARMAK
2026-09-25 15:55:07,Atıcı 1,1. Sabit Mesafe Poligonu,0,211.82,190.052,PARMAK
2026-09-25 15:55:08,Atıcı 1,1. Sabit Mesafe Poligonu,0,203.32,190.863,PARMAK
2026-09-25 15:55:09,Atıcı 1,1. Sabit Mesafe Poligonu,0,237.07,192.048,PARMAK
2026-09-25 15:55:09,Atıcı 1,1. Sabit Mesafe Poligonu,0,237.31,192.238,PARMAK
2026-09-25 15:55:09,Atıcı 1,1. Sabit Mesafe Poligonu,0,238.3,192.823,PARMAK
2026-09-25 15:55:10,Atıcı 1,1. Sabit Mesafe Poligonu,0,223.89,193.087,PARMAK
2026-09-25 15:55:10,Atıcı 1,1. Sabit Mesafe Poligonu,0,191.42,193.7,PARMAK
2026-09-25 15:55:11,Atıcı 1,1. Sabit Mesafe Poligonu,0,176.38,194.494,PARMAK
2026-09-25 15:55:13,Atıcı 1,1. Sabit Mesafe Poligonu,0,236.66,195.877,PARMAK
2026-09-25 15:55:13,Atıcı 1,1. Sabit Mesafe Poligonu,0,241.13,196.314,PARMAK
2026-09-25 15:55:13,Atıcı 1,1. Sabit Mesafe Poligonu,0,218.32,196.705,PARMAK
2026-09-25 15:55:14,Atıcı 1,1. Sabit Mesafe Poligonu,0,202.02,196.907,PARMAK
2026-09-25 15:55:15,Atıcı 1,1. Sabit Mesafe Poligonu,0,207.42,198.593,PARMAK
2026-09-25 15:55:16,Atıcı 1,1. Sabit Mesafe Poligonu,0,205.08,198.888,PARMAK
2026-09-25 15:55:16,Atıcı 1,1. Sabit Mesafe Poligonu,0,188.86,199.137,PARMAK
2026-09-25 15:55:17,Atıcı 1,1. Sabit Mesafe Poligonu,0,168.47,200.172,PARMAK
2026-09-25 15:55:21,Atıcı 1,1. Sabit Mesafe Poligonu,0,167.36,204.537,PARMAK
2026-09-25 15:55:22,Atıcı 1,1. Sabit Mesafe Poligonu,0,156.19,205.296,PARMAK
2026-09-25 15:55:22,Atıcı 1,1. Sabit Mesafe Poligonu,0,146.29,205.816,PARMAK
2026-09-25 15:55:24,Atıcı 1,1. Sabit Mesafe Poligonu,0,174.26,207.64,PARMAK
2026-09-25 15:55:25,Atıcı 1,1. Sabit Mesafe Poligonu,0,178.09,208.438,PARMAK
2026-09-25 15:55:26,Atıcı 1,1. Sabit Mesafe Poligonu,0,161.45,208.995,PARMAK
2026-09-25 15:55:26,Atıcı 1,1. Sabit Mesafe Poligonu,0,168.66,209.183,PARMAK
2026-09-25 15:55:36,Atıcı 1,1. Sabit Mesafe Poligonu,0,192.77,219.247,PARMAK
2026-09-25 15:55:44,Atıcı 1,1. Sabit Mesafe Poligonu,0,144.53,227.082,PARMAK
2026-09-25 15:55:47,Atıcı 1,1. Sabit Mesafe Poligonu,0,193.42,230.509,PARMAK
2026-09-25 15:55:48,Atıcı 1,1. Sabit Mesafe Poligonu,25,37.16,231.593,PARMAK
2026-09-25 15:55:48,Atıcı 1,1. Sabit Mesafe Poligonu,0,54.08,0.198,PARMAK
2026-09-25 15:55:49,Atıcı 1,1. Sabit Mesafe Poligonu,0,75.18,0.921,PARMAK
2026-09-25 15:55:49,Atıcı 1,1. Sabit Mesafe Poligonu,0,82.76,1.124,PARMAK
2026-09-25 15:55:50,Atıcı 1,1. Sabit Mesafe Poligonu,0,112.87,1.307,PARMAK
2026-09-25 15:55:50,Atıcı 1,1. Sabit Mesafe Poligonu,0,118.53,2.056,PARMAK
2026-09-25 15:55:51,Atıcı 1,1. Sabit Mesafe Poligonu,0,109.18,2.62,PARMAK
2026-09-25 15:55:51,Atıcı 1,1. Sabit Mesafe Poligonu,0,99.13,2.804,PARMAK
2026-09-25 15:55:51,Atıcı 1,1. Sabit Mesafe Poligonu,0,98.74,3.08,PARMAK
2026-09-25 15:55:53,Atıcı 1,1. Sabit Mesafe Poligonu,0,118.7,4.265,PARMAK
2026-09-25 15:55:53,Atıcı 1,1. Sabit Mesafe Poligonu,0,126.78,4.493,PARMAK
2026-09-25 15:55:53,Atıcı 1,1. Sabit Mesafe Poligonu,0,120.0,4.948,PARMAK
2026-09-25 15:55:54,Atıcı 1,1. Sabit Mesafe Poligonu,50,32.98,5.446,PARMAK
2026-09-25 15:55:54,Atıcı 1,1. Sabit Mesafe Poligonu,50,29.27,0.303,PARMAK
2026-09-25 15:55:55,Atıcı 1,1. Sabit Mesafe Poligonu,0,226.86,1.066,PARMAK
2026-09-25 15:55:55,Atıcı 1,1. Sabit Mesafe Poligonu,0,233.57,1.397,PARMAK
2026-09-25 15:55:56,Atıcı 1,1. Sabit Mesafe Poligonu,0,223.65,1.619,PARMAK
2026-09-25 15:56:18,Atıcı 1,1. Sabit Mesafe Poligonu,0,149.28,24.081,PARMAK
2026-09-25 15:56:23,Atıcı 1,1. Sabit Mesafe Poligonu,0,65.46,28.553,PARMAK
2026-09-25 15:56:32,Atıcı 1,1. Sabit Mesafe Poligonu,0,65.19,38.342,PARMAK
2026-09-25 15:56:35,Atıcı 1,1. Sabit Mesafe Poligonu,0,98.13,41.222,PARMAK
2026-09-25 15:56:36,Atıcı 1,1. Sabit Mesafe Poligonu,0,97.01,41.967,PARMAK
2026-09-25 15:56:37,Atıcı 1,1. Sabit Mesafe Poligonu,0,89.36,43.339,PARMAK
2026-09-25 15:56:38,Atıcı 1,1. Sabit Mesafe Poligonu,0,170.29,43.939,PARMAK
2026-09-25 15:56:48,Atıcı 1,1. Sabit Mesafe Poligonu,0,109.42,54.019,PARMAK
2026-09-25 15:56:49,Atıcı 1,1. Sabit Mesafe Poligonu,0,87.69,54.5,PARMAK
2026-09-25 15:56:51,Atıcı 1,1. Sabit Mesafe Poligonu,0,94.63,57.044,PARMAK
2026-09-25 15:56:54,Atıcı 1,1. Sabit Mesafe Poligonu,0,101.83,60.249,PARMAK
2026-09-25 15:56:56,Atıcı 1,1. Sabit Mesafe Poligonu,0,107.17,61.722,PARMAK
2026-09-25 15:56:59,Atıcı 1,1. Sabit Mesafe Poligonu,0,109.71,64.492,PARMAK
2026-09-25 15:56:59,Atıcı 1,1. Sabit Mesafe Poligonu,0,94.87,65.088,PARMAK
2026-09-25 15:57:01,Atıcı 1,1. Sabit Mesafe Poligonu,0,88.75,66.894,PARMAK
2026-09-25 15:57:01,Atıcı 1,1. Sabit Mesafe Poligonu,0,94.92,67.09,PARMAK
2026-09-25 15:57:05,Atıcı 1,1. Sabit Mesafe Poligonu,0,99.72,71.117,PARMAK
2026-09-25 15:57:13,Atıcı 1,1. Sabit Mesafe Poligonu,0,132.88,78.641,PARMAK
2026-09-25 15:57:13,Atıcı 1,1. Sabit Mesafe Poligonu,0,152.59,79.176,PARMAK
2026-09-25 15:57:14,Atıcı 1,1. Sabit Mesafe Poligonu,0,170.85,79.519,PARMAK
2026-09-25 15:57:18,Atıcı 1,1. Sabit Mesafe Poligonu,0,114.28,84.374,PARMAK
2026-09-25 15:57:27,Atıcı 1,1. Sabit Mesafe Poligonu,0,77.67,93.165,PARMAK
2026-09-25 15:57:33,Atıcı 1,1. Sabit Mesafe Poligonu,0,84.91,98.741,PARMAK
2026-09-25 15:57:33,Atıcı 1,1. Sabit Mesafe Poligonu,0,341.76,99.114,PARMAK
2026-09-25 15:57:34,Atıcı 1,1. Sabit Mesafe Poligonu,0,365.69,100.166,PARMAK
2026-09-25 15:57:38,Atıcı 1,1. Sabit Mesafe Poligonu,0,65.37,103.778,PARMAK
2026-09-25 15:57:40,Atıcı 1,1. Sabit Mesafe Poligonu,0,125.92,106.377,PARMAK
2026-09-25 15:57:41,Atıcı 1,1. Sabit Mesafe Poligonu,0,118.93,106.594,PARMAK
2026-09-25 15:57:43,Atıcı 1,1. Sabit Mesafe Poligonu,0,103.48,108.689,PARMAK
2026-09-25 15:57:44,Atıcı 1,1. Sabit Mesafe Poligonu,0,105.76,110.238,PARMAK
2026-09-25 15:57:45,Atıcı 1,1. Sabit Mesafe Poligonu,0,105.12,110.719,PARMAK
2026-09-25 15:57:46,Atıcı 1,1. Sabit Mesafe Poligonu,0,114.69,112.249,PARMAK
2026-09-25 15:57:47,Atıcı 1,1. Sabit Mesafe Poligonu,0,108.21,112.58,PARMAK
2026-09-25 15:57:47,Atıcı 1,1. Sabit Mesafe Poligonu,0,114.61,113.161,PARMAK
2026-09-25 15:57:48,Atıcı 1,1. Sabit Mesafe Poligonu,0,120.24,114.287,PARMAK
2026-09-25 15:57:49,Atıcı 1,1. Sabit Mesafe Poligonu,0,124.2,114.621,PARMAK
2026-09-25 15:57:52,Atıcı 1,1. Sabit Mesafe Poligonu,0,93.3,118.088,PARMAK
2026-09-25 15:58:06,Atıcı 1,1. Sabit Mesafe Poligonu,0,118.07,131.845,PARMAK
2026-09-25 15:58:06,Atıcı 1,1. Sabit Mesafe Poligonu,0,133.76,132.264,PARMAK
2026-09-25 15:58:07,Atıcı 1,1. Sabit Mesafe Poligonu,0,113.23,133.228,PARMAK
2026-09-25 15:58:08,Atıcı 1,1. Sabit Mesafe Poligonu,0,121.79,133.98,PARMAK
2026-09-25 15:58:12,Atıcı 1,1. Sabit Mesafe Poligonu,0,105.22,138.449,PARMAK
2026-09-25 15:58:14,Atıcı 1,1. Sabit Mesafe Poligonu,0,217.66,139.755,PARMAK
2026-09-25 15:58:19,Atıcı 1,1. Sabit Mesafe Poligonu,0,124.15,145.042,PARMAK
2026-09-25 15:58:19,Atıcı 1,1. Sabit Mesafe Poligonu,0,90.09,145.232,PARMAK
2026-09-25 15:58:29,Atıcı 1,1. Sabit Mesafe Poligonu,0,166.64,155.013,PARMAK
2026-09-25 15:59:59,Atıcı 1,1. Sabit Mesafe Poligonu,0,110.42,244.89,PARMAK
2026-09-25 16:00:15,Atıcı 1,1. Sabit Mesafe Poligonu,0,142.43,260.934,PARMAK
2026-09-25 16:00:17,Atıcı 1,1. Sabit Mesafe Poligonu,0,172.17,262.754,PARMAK
2026-09-25 16:00:18,Atıcı 1,1. Sabit Mesafe Poligonu,0,58.24,264.232,PARMAK
2026-09-25 16:00:22,Atıcı 1,1. Sabit Mesafe Poligonu,0,208.83,267.857,PARMAK
2026-09-25 16:00:22,Atıcı 1,1. Sabit Mesafe Poligonu,0,109.02,268.044,PARMAK
2026-09-25 16:00:23,Atıcı 1,1. Sabit Mesafe Poligonu,0,69.26,268.596,PARMAK
2026-09-25 16:00:24,Atıcı 1,1. Sabit Mesafe Poligonu,0,76.06,270.06,PARMAK
2026-09-25 16:00:24,Atıcı 1,1. Sabit Mesafe Poligonu,0,67.6,270.247,PARMAK
2026-09-25 16:00:30,Atıcı 1,1. Sabit Mesafe Poligonu,0,117.05,276.254,PARMAK
2026-09-25 16:00:31,Atıcı 1,1. Sabit Mesafe Poligonu,0,61.1,277.167,PARMAK
2026-09-25 16:00:35,Atıcı 1,1. Sabit Mesafe Poligonu,0,192.35,280.688,PARMAK
2026-09-25 16:00:35,Atıcı 1,1. Sabit Mesafe Poligonu,0,171.14,280.896,PARMAK
2026-09-25 16:00:40,Atıcı 1,1. Sabit Mesafe Poligonu,0,160.56,286.181,PARMAK
2026-09-25 16:00:41,Atıcı 1,1. Sabit Mesafe Poligonu,0,157.43,287.304,PARMAK
2026-09-25 16:00:42,Atıcı 1,1. Sabit Mesafe Poligonu,0,155.77,288.006,PARMAK
2026-09-25 16:00:45,Atıcı 1,1. Sabit Mesafe Poligonu,0,163.48,290.628,PARMAK
2026-09-25 16:00:46,Atıcı 1,1. Sabit Mesafe Poligonu,0,155.98,291.737,PARMAK
2026-09-25 16:01:09,Atıcı 1,1. Sabit Mesafe Poligonu,0,138.62,315.077,PARMAK
2026-09-25 16:01:09,Atıcı 1,1. Sabit Mesafe Poligonu,0,61.85,315.305,PARMAK
2026-09-25 16:01:13,Atıcı 1,1. Sabit Mesafe Poligonu,0,103.86,319.412,PARMAK
2026-09-25 16:01:16,Atıcı 1,1. Sabit Mesafe Poligonu,0,59.91,322.399,PARMAK
2026-09-25 16:01:18,Atıcı 1,1. Sabit Mesafe Poligonu,0,62.01,323.517,PARMAK
2026-09-25 16:01:18,Atıcı 1,1. Sabit Mesafe Poligonu,0,68.01,323.752,PARMAK
2026-09-25 16:01:18,Atıcı 1,1. Sabit Mesafe Poligonu,0,71.25,323.944,PARMAK
2026-09-25 16:01:24,Atıcı 1,1. Sabit Mesafe Poligonu,0,121.7,329.891,PARMAK
2026-09-25 16:01:24,Atıcı 1,1. Sabit Mesafe Poligonu,0,116.52,330.075,PARMAK
2026-09-25 16:01:24,Atıcı 1,1. Sabit Mesafe Poligonu,0,114.35,330.333,PARMAK
2026-09-25 16:01:25,Atıcı 1,1. Sabit Mesafe Poligonu,0,100.44,330.542,PARMAK
2026-09-25 16:01:49,Atıcı 1,1. Sabit Mesafe Poligonu,0,129.87,354.662,PARMAK
2026-09-25 16:01:52,Atıcı 1,1. Sabit Mesafe Poligonu,0,164.79,358.283,PARMAK
2026-09-25 16:01:53,Atıcı 1,1. Sabit Mesafe Poligonu,0,241.13,358.9,PARMAK
2026-09-25 16:02:04,Atıcı 1,1. Sabit Mesafe Poligonu,0,66.07,370.314,PARMAK
2026-09-25 16:02:06,Atıcı 1,1. Sabit Mesafe Poligonu,0,199.62,372.184,PARMAK
2026-09-25 16:02:10,Atıcı 1,1. Sabit Mesafe Poligonu,0,200.9,375.537,PARMAK
2026-09-25 16:02:34,Atıcı 1,1. Sabit Mesafe Poligonu,0,122.38,399.598,PARMAK
2026-09-25 16:02:34,Atıcı 1,1. Sabit Mesafe Poligonu,0,160.38,399.891,PARMAK
2026-09-25 16:02:34,Atıcı 1,1. Sabit Mesafe Poligonu,0,124.87,400.317,PARMAK
2026-09-25 16:02:37,Atıcı 1,1. Sabit Mesafe Poligonu,0,102.39,402.788,PARMAK
2026-09-25 16:02:43,Atıcı 1,1. Sabit Mesafe Poligonu,0,61.39,408.848,PARMAK
2026-09-25 16:02:47,Atıcı 1,1. Sabit Mesafe Poligonu,0,52.61,413.02,PARMAK
2026-09-25 16:02:49,Atıcı 1,1. Sabit Mesafe Poligonu,0,53.34,414.623,PARMAK
2026-09-25 16:02:51,Atıcı 1,1. Sabit Mesafe Poligonu,0,58.52,417.438,PARMAK
2026-09-25 16:03:30,Atıcı 1,1. Sabit Mesafe Poligonu,0,156.0,456.357,PARMAK
2026-09-25 16:03:31,Atıcı 1,1. Sabit Mesafe Poligonu,0,227.27,457.212,PARMAK
2026-09-25 16:03:32,Atıcı 1,1. Sabit Mesafe Poligonu,0,244.73,457.741,PARMAK
2026-09-25 16:03:34,Atıcı 1,1. Sabit Mesafe Poligonu,0,100.45,459.9,PARMAK
2026-09-25 16:03:34,Atıcı 1,1. Sabit Mesafe Poligonu,0,85.07,460.377,PARMAK
2026-09-25 16:05:17,Atıcı 1,1. Sabit Mesafe Poligonu,0,62.43,563.274,PARMAK
2026-09-25 16:05:17,Atıcı 1,1. Sabit Mesafe Poligonu,25,41.23,563.454,PARMAK
2026-09-25 16:05:19,Atıcı 1,1. Sabit Mesafe Poligonu,0,82.66,1.524,PARMAK
2026-09-25 16:05:19,Atıcı 1,1. Sabit Mesafe Poligonu,0,66.48,1.752,PARMAK
2026-09-25 16:05:20,Atıcı 1,1. Sabit Mesafe Poligonu,0,229.17,2.806,PARMAK
2026-09-25 16:05:21,Atıcı 1,1. Sabit Mesafe Poligonu,0,236.71,3.077,PARMAK
2026-09-25 16:05:21,Atıcı 1,1. Sabit Mesafe Poligonu,0,80.16,3.457,PARMAK
2026-09-25 16:05:22,Atıcı 1,1. Sabit Mesafe Poligonu,0,207.88,4.26,PARMAK
2026-09-25 16:05:22,Atıcı 1,1. Sabit Mesafe Poligonu,100,6.32,4.503,PARMAK
2026-09-25 16:05:23,Atıcı 1,1. Sabit Mesafe Poligonu,0,109.48,1.308,PARMAK
2026-09-25 16:05:27,Atıcı 1,1. Sabit Mesafe Poligonu,50,35.9,5.103,PARMAK
2026-09-25 16:05:31,Atıcı 1,1. Sabit Mesafe Poligonu,0,173.36,3.759,PARMAK
2026-09-25 16:05:38,Atıcı 1,1. Sabit Mesafe Poligonu,0,192.75,10.804,PARMAK
2026-09-25 16:05:41,Atıcı 1,1. Sabit Mesafe Poligonu,0,233.53,14.271,PARMAK
2026-09-25 16:05:45,Atıcı 1,1. Sabit Mesafe Poligonu,0,256.75,18.37,PARMAK
2026-09-25 16:05:48,Atıcı 1,1. Sabit Mesafe Poligonu,0,90.24,20.767,PARMAK
2026-09-25 16:06:29,Atıcı 1,1. Sabit Mesafe Poligonu,0,211.18,61.833,PARMAK
2026-09-25 16:06:29,Atıcı 1,1. Sabit Mesafe Poligonu,0,74.73,62.057,PARMAK
2026-09-25 16:06:30,Atıcı 1,1. Sabit Mesafe Poligonu,0,97.02,62.863,PARMAK
2026-09-25 16:06:31,Atıcı 1,1. Sabit Mesafe Poligonu,0,115.74,63.457,PARMAK
2026-09-25 16:06:31,Atıcı 1,1. Sabit Mesafe Poligonu,0,85.0,63.716,PARMAK
2026-09-25 16:06:39,Atıcı 1,1. Sabit Mesafe Poligonu,0,136.5,71.735,PARMAK
2026-09-25 16:07:03,Atıcı 1,1. Sabit Mesafe Poligonu,0,68.68,96.174,PARMAK
2026-09-25 16:07:24,Atıcı 1,1. Sabit Mesafe Poligonu,0,175.57,117.205,PARMAK
2026-09-25 16:07:26,Atıcı 1,1. Sabit Mesafe Poligonu,0,157.18,118.632,PARMAK
2026-09-25 16:07:31,Atıcı 1,1. Sabit Mesafe Poligonu,0,100.24,123.79,PARMAK
2026-09-25 16:07:46,Atıcı 1,1. Sabit Mesafe Poligonu,0,116.39,139.28,PARMAK
2026-09-25 16:07:47,Atıcı 1,1. Sabit Mesafe Poligonu,0,75.17,139.698,PARMAK
2026-09-25 16:07:47,Atıcı 1,1. Sabit Mesafe Poligonu,0,273.54,139.892,PARMAK
2026-09-25 16:07:48,Atıcı 1,1. Sabit Mesafe Poligonu,25,41.77,140.76,PARMAK
2026-09-25 16:07:48,Atıcı 1,1. Sabit Mesafe Poligonu,0,145.06,0.21,PARMAK
2026-09-25 16:07:48,Atıcı 1,1. Sabit Mesafe Poligonu,0,162.27,0.45,PARMAK
2026-09-25 16:07:49,Atıcı 1,1. Sabit Mesafe Poligonu,0,140.07,0.792,PARMAK
2026-09-25 16:07:50,Atıcı 1,1. Sabit Mesafe Poligonu,0,144.25,1.858,PARMAK
2026-09-25 16:07:53,Atıcı 1,1. Sabit Mesafe Poligonu,0,158.11,4.747,PARMAK
2026-09-25 16:07:54,Atıcı 1,1. Sabit Mesafe Poligonu,0,234.18,6.163,PARMAK
2026-09-26 00:52:39,Atıcı 1,1. Sabit Mesafe Poligonu,0,283.07,1.417,LAZER
2026-09-26 00:53:03,Atıcı 1,TAKTIK_SIPER,0,15,36.35,HAND
2026-09-26 01:02:57,Atıcı 1,1. Sabit Mesafe Poligonu,0,160.13,2.687,PARMAK
2026-09-26 01:02:58,Atıcı 1,1. Sabit Mesafe Poligonu,25,43.17,3.445,PARMAK
2026-09-26 01:02:59,Atıcı 1,1. Sabit Mesafe Poligonu,75,15.13,0.752,PARMAK
2026-09-26 01:02:59,Atıcı 1,1. Sabit Mesafe Poligonu,50,24.76,0.467,PARMAK
2026-09-26 01:03:00,Atıcı 1,1. Sabit Mesafe Poligonu,75,17.12,0.513,PARMAK
2026-09-26 01:03:00,Atıcı 1,1. Sabit Mesafe Poligonu,75,13.34,0.475,PARMAK
2026-09-26 01:03:00,Atıcı 1,1. Sabit Mesafe Poligonu,75,17.09,0.43,PARMAK
2026-09-26 01:03:01,Atıcı 1,1. Sabit Mesafe Poligonu,75,14.32,0.262,PARMAK
2026-09-26 01:03:01,Atıcı 1,1. Sabit Mesafe Poligonu,0,76.69,0.382,PARMAK
2026-09-26 01:03:02,Atıcı 1,1. Sabit Mesafe Poligonu,50,30.36,1.216,PARMAK
2026-09-26 01:03:08,Atıcı 1,1. Sabit Mesafe Poligonu,0,126.75,6.335,PARMAK
2026-09-26 01:03:09,Atıcı 1,1. Sabit Mesafe Poligonu,75,16.03,7.118,PARMAK
2026-09-26 01:03:10,Atıcı 1,1. Sabit Mesafe Poligonu,75,14.0,0.75,PARMAK
2026-09-26 01:03:16,Atıcı 1,1. Sabit Mesafe Poligonu,0,70.34,5.971,LAZER
2026-09-26 01:03:16,Atıcı 1,1. Sabit Mesafe Poligonu,25,45.71,6.274,LAZER
2026-09-26 01:03:17,Atıcı 1,1. Sabit Mesafe Poligonu,75,16.03,1.119,LAZER
2026-09-26 01:03:17,Atıcı 1,1. Sabit Mesafe Poligonu,75,20.88,0.273,LAZER
2026-09-26 01:03:18,Atıcı 1,1. Sabit Mesafe Poligonu,75,11.18,0.529,LAZER
2026-09-26 01:03:19,Atıcı 1,1. Sabit Mesafe Poligonu,75,21.93,0.735,LAZER
2026-09-26 01:03:19,Atıcı 1,1. Sabit Mesafe Poligonu,75,15.81,0.527,LAZER
2026-09-26 01:03:20,Atıcı 1,1. Sabit Mesafe Poligonu,100,7.07,0.336,LAZER
2026-09-26 01:03:20,Atıcı 1,1. Sabit Mesafe Poligonu,75,15.0,0.304,LAZER
2026-09-26 01:03:21,Atıcı 1,1. Sabit Mesafe Poligonu,0,116.73,1.521,LAZER
2026-09-26 01:03:24,Atıcı 1,2. Sağa-Sola Hareket Eden Hedef,0,163.51,1.127,LAZER
2026-09-26 01:03:25,Atıcı 1,2. Sağa-Sola Hareket Eden Hedef,93,12.78,1.991,LAZER
2026-09-26 01:03:27,Atıcı 1,2. Sağa-Sola Hareket Eden Hedef,31,38.12,2.161,LAZER
2026-09-26 01:03:28,Atıcı 1,2. Sağa-Sola Hareket Eden Hedef,0,56.09,0.8,LAZER
2026-09-26 01:04:29,Atıcı 1,7. Gece Görüş & Taktik Fener,150,10.2,3.352,LAZER
2026-09-26 01:04:30,Atıcı 1,7. Gece Görüş & Taktik Fener,0,179.57,0.835,LAZER
2026-09-26 01:04:31,Atıcı 1,7. Gece Görüş & Taktik Fener,150,4.92,1.999,LAZER
2026-09-26 01:04:32,Atıcı 1,7. Gece Görüş & Taktik Fener,0,123.36,0.274,LAZER
2026-09-26 01:04:32,Atıcı 1,7. Gece Görüş & Taktik Fener,0,117.62,0.88,LAZER
2026-09-26 01:04:32,Atıcı 1,7. Gece Görüş & Taktik Fener,0,124.47,1.136,LAZER
2026-09-26 01:04:33,Atıcı 1,7. Gece Görüş & Taktik Fener,150,31.02,2.112,LAZER
2026-09-26 01:12:13,Atıcı 1,1. Sabit Mesafe Poligonu,0,213.6,9.173,MOUSE/TIK
2026-09-26 01:12:21,Atıcı 1,1. Sabit Mesafe Poligonu,0,56.09,2.996,PARMAK
2026-09-26 01:12:22,Atıcı 1,1. Sabit Mesafe Poligonu,75,14.32,4.133,PARMAK
2026-09-26 01:12:22,Atıcı 1,1. Sabit Mesafe Poligonu,75,17.49,0.325,PARMAK
2026-09-26 01:12:22,Atıcı 1,1. Sabit Mesafe Poligonu,75,14.76,0.229,PARMAK
2026-09-26 01:12:23,Atıcı 1,1. Sabit Mesafe Poligonu,75,12.65,0.281,PARMAK
2026-09-26 01:12:23,Atıcı 1,1. Sabit Mesafe Poligonu,100,7.62,0.272,PARMAK
2026-09-26 01:12:23,Atıcı 1,1. Sabit Mesafe Poligonu,75,13.34,0.228,PARMAK
2026-09-26 01:12:23,Atıcı 1,1. Sabit Mesafe Poligonu,100,8.06,0.228,PARMAK
2026-09-26 01:12:24,Atıcı 1,1. Sabit Mesafe Poligonu,100,3.16,0.275,PARMAK
2026-09-26 01:12:24,Atıcı 1,1. Sabit Mesafe Poligonu,50,23.35,0.275,PARMAK
2026-09-26 01:12:32,Atıcı 1,1. Sabit Mesafe Poligonu,0,185.01,7.777,PARMAK
2026-09-26 01:12:32,Atıcı 1,1. Sabit Mesafe Poligonu,0,140.73,8.0,PARMAK
2026-09-26 01:12:34,Atıcı 1,1. Sabit Mesafe Poligonu,0,142.84,10.115,PARMAK
2026-09-26 01:12:34,Atıcı 1,1. Sabit Mesafe Poligonu,0,159.55,10.342,PARMAK
2026-09-26 01:12:43,Atıcı 1,1. Sabit Mesafe Poligonu,0,271.59,18.831,PARMAK
2026-09-26 01:13:15,Atıcı 1,1. Sabit Mesafe Poligonu,0,128.41,51.195,PARMAK
2026-09-26 01:13:56,Atıcı 1,1. Sabit Mesafe Poligonu,0,143.56,91.97,PARMAK
2026-09-26 01:14:06,Atıcı 1,1. Sabit Mesafe Poligonu,0,109.6,101.598,PARMAK
2026-09-26 01:14:39,Atıcı 1,1. Sabit Mesafe Poligonu,0,145.13,135.47,PARMAK
2026-09-26 01:14:40,Atıcı 1,1. Sabit Mesafe Poligonu,0,132.82,135.711,PARMAK
2026-09-26 01:14:50,Atıcı 1,1. Sabit Mesafe Poligonu,0,89.2,146.157,PARMAK
2026-09-26 01:14:50,Atıcı 1,1. Sabit Mesafe Poligonu,0,112.43,146.352,PARMAK
2026-09-26 01:14:52,Atıcı 1,1. Sabit Mesafe Poligonu,0,109.02,147.659,PARMAK
2026-09-26 01:15:37,Atıcı 1,1. Sabit Mesafe Poligonu,0,131.75,193.014,PARMAK
2026-09-26 01:15:49,Atıcı 1,1. Sabit Mesafe Poligonu,0,67.47,205.179,PARMAK
2026-09-26 01:15:50,Atıcı 1,1. Sabit Mesafe Poligonu,0,69.89,205.994,PARMAK
2026-09-26 01:16:00,Atıcı 1,1. Sabit Mesafe Poligonu,0,145.67,216.063,PARMAK
2026-09-26 01:16:04,Atıcı 1,1. Sabit Mesafe Poligonu,0,173.93,220.144,PARMAK
2026-09-26 01:47:17,Atıcı 1,KAGIT_4. Rehine ,9,10,0.49,MOUSE
2026-09-26 01:47:17,Atıcı 1,KAGIT_4. Rehine ,9,10,0.7,MOUSE
2026-09-26 01:47:18,Atıcı 1,KAGIT_4. Rehine ,9,10,1.52,MOUSE
2026-09-26 01:47:18,Atıcı 1,KAGIT_4. Rehine ,9,10,1.75,MOUSE
2026-09-26 01:47:20,Atıcı 1,KAGIT_4. Rehine ,10,10,3.2,MOUSE
2026-09-26 01:47:20,Atıcı 1,KAGIT_4. Rehine ,10,10,3.42,MOUSE
2026-09-26 01:47:24,Atıcı 1,KAGIT_4. Rehine ,8,10,7.02,MOUSE
2026-09-26 01:47:24,Atıcı 1,KAGIT_4. Rehine ,8,10,7.25,MOUSE
2026-09-26 01:47:28,Atıcı 1,KAGIT_4. Rehine ,10,10,11.66,FPS_ZOOM
2026-09-26 01:47:31,Atıcı 1,KAGIT_1. Taktik ,9,10,1.3,FPS_ZOOM
2026-09-26 01:47:34,Atıcı 1,KAGIT_1. Taktik ,10,10,4.24,MOUSE
2026-09-26 01:47:34,Atıcı 1,KAGIT_1. Taktik ,10,10,4.46,MOUSE
2026-09-26 01:47:35,Atıcı 1,KAGIT_1. Taktik ,10,10,5.33,MOUSE
2026-09-26 01:47:35,Atıcı 1,KAGIT_1. Taktik ,10,10,5.56,MOUSE
2026-09-26 01:47:36,Atıcı 1,KAGIT_1. Taktik ,10,10,6.6,MOUSE
2026-09-26 01:47:36,Atıcı 1,KAGIT_1. Taktik ,10,10,6.82,MOUSE
2026-09-26 01:47:41,Atıcı 1,KAGIT_1. Taktik ,6,10,10.94,MOUSE
2026-09-26 01:47:41,Atıcı 1,KAGIT_1. Taktik ,6,10,11.17,MOUSE
2026-09-26 01:47:48,Atıcı 1,KAGIT_1. Taktik ,8,10,17.97,MOUSE
2026-09-26 01:47:49,Atıcı 1,KAGIT_1. Taktik ,0,10,19.11,MOUSE
2026-09-26 01:47:49,Atıcı 1,KAGIT_1. Taktik ,0,10,19.33,MOUSE
2026-09-26 01:47:52,Atıcı 1,KAGIT_1. Taktik ,0,10,22.08,MOUSE
2026-09-26 01:47:52,Atıcı 1,KAGIT_1. Taktik ,0,10,22.3,MOUSE
2026-09-26 01:47:53,Atıcı 1,KAGIT_1. Taktik ,3,10,23.06,MOUSE
2026-09-26 01:47:53,Atıcı 1,KAGIT_1. Taktik ,5,10,23.29,MOUSE
2026-09-26 01:47:54,Atıcı 1,KAGIT_1. Taktik ,0,10,23.97,MOUSE
2026-09-26 01:47:54,Atıcı 1,KAGIT_1. Taktik ,0,10,24.19,MOUSE
2026-09-26 01:47:56,Atıcı 1,KAGIT_1. Taktik ,1,10,25.93,MOUSE
2026-09-26 01:47:56,Atıcı 1,KAGIT_1. Taktik ,2,10,26.14,MOUSE
2026-09-26 01:47:57,Atıcı 1,KAGIT_1. Taktik ,6,10,27.33,MOUSE
2026-09-26 01:47:57,Atıcı 1,KAGIT_1. Taktik ,1,10,27.53,MOUSE
2026-09-26 01:54:29,Atıcı 1,KAGIT_1. Taktik ,9,10,35.35,MOUSE
2026-09-26 01:54:29,Atıcı 1,KAGIT_1. Taktik ,9,10,35.58,MOUSE
2026-09-26 01:54:40,Atıcı 1,KAGIT_1. Taktik ,5,10,46.18,PARMAK
2026-09-26 01:54:40,Atıcı 1,KAGIT_1. Taktik ,8,10,46.46,PARMAK
2026-09-26 01:54:41,Atıcı 1,KAGIT_1. Taktik ,10,10,46.89,PARMAK
2026-09-26 01:54:41,Atıcı 1,KAGIT_1. Taktik ,10,10,47.08,PARMAK
2026-09-26 01:54:41,Atıcı 1,KAGIT_1. Taktik ,10,10,47.3,PARMAK
2026-09-26 01:54:41,Atıcı 1,KAGIT_1. Taktik ,9,10,47.53,PARMAK
2026-09-26 01:54:43,Atıcı 1,KAGIT_1. Taktik ,10,10,48.97,PARMAK
2026-09-26 01:54:44,Atıcı 1,KAGIT_1. Taktik ,10,10,49.66,PARMAK
2026-09-26 01:54:45,Atıcı 1,KAGIT_1. Taktik ,0,10,50.98,PARMAK
2026-09-26 01:54:49,Atıcı 1,KAGIT_1. Taktik ,9,10,54.68,LAZER
2026-09-26 01:54:49,Atıcı 1,KAGIT_1. Taktik ,10,10,54.96,LAZER
2026-09-26 01:54:50,Atıcı 1,KAGIT_1. Taktik ,10,10,55.85,LAZER
2026-09-26 01:54:50,Atıcı 1,KAGIT_1. Taktik ,10,10,56.39,LAZER
2026-09-26 01:54:51,Atıcı 1,KAGIT_1. Taktik ,10,10,57.0,LAZER
2026-09-26 01:54:52,Atıcı 1,KAGIT_1. Taktik ,9,10,57.7,LAZER
2026-09-26 01:54:52,Atıcı 1,KAGIT_1. Taktik ,10,10,58.2,LAZER
2026-09-26 01:54:53,Atıcı 1,KAGIT_1. Taktik ,10,10,58.91,LAZER
2026-09-26 01:55:08,Atıcı 1,KAGIT_4. Rehine ,9,10,0.99,MOUSE
2026-09-26 01:55:08,Atıcı 1,KAGIT_4. Rehine ,9,10,1.22,MOUSE
2026-09-26 01:55:09,Atıcı 1,KAGIT_4. Rehine ,10,10,1.73,MOUSE
2026-09-26 01:55:09,Atıcı 1,KAGIT_4. Rehine ,10,10,1.95,MOUSE
2026-09-26 01:55:11,Atıcı 1,KAGIT_4. Rehine ,7,10,4.0,LAZER
2026-09-26 01:55:12,Atıcı 1,KAGIT_4. Rehine ,9,10,5.08,LAZER
2026-09-26 01:55:13,Atıcı 1,KAGIT_4. Rehine ,10,10,5.78,LAZER
2026-09-26 01:55:13,Atıcı 1,KAGIT_4. Rehine ,10,10,6.55,LAZER
2026-09-26 01:55:15,Atıcı 1,KAGIT_4. Rehine ,7,10,7.78,LAZER
2026-09-26 01:58:25,Atıcı 1,1. Sabit Mesafe Poligonu,0,299.11,2.392,PARMAK
2026-09-26 01:58:32,Atıcı 1,KAGIT_1. Taktik ,5,10,37.94,PARMAK
2026-09-26 01:58:33,Atıcı 1,KAGIT_1. Taktik ,9,10,38.13,PARMAK
2026-09-26 01:58:34,Atıcı 1,KAGIT_1. Taktik ,7,10,39.15,PARMAK
2026-09-26 01:58:34,Atıcı 1,KAGIT_1. Taktik ,6,10,39.41,PARMAK
2026-09-26 01:58:34,Atıcı 1,KAGIT_1. Taktik ,6,10,39.59,PARMAK
2026-09-26 01:58:34,Atıcı 1,KAGIT_1. Taktik ,7,10,39.9,PARMAK
2026-09-26 01:58:35,Atıcı 1,KAGIT_1. Taktik ,9,10,40.34,PARMAK
2026-09-26 01:58:35,Atıcı 1,KAGIT_1. Taktik ,10,10,40.61,PARMAK
2026-09-26 01:58:35,Atıcı 1,KAGIT_1. Taktik ,10,10,40.8,PARMAK
2026-09-26 01:58:36,Atıcı 1,KAGIT_1. Taktik ,10,10,41.1,PARMAK
2026-09-26 01:58:36,Atıcı 1,KAGIT_1. Taktik ,10,10,41.28,PARMAK
2026-09-26 01:58:36,Atıcı 1,KAGIT_1. Taktik ,10,10,41.6,PARMAK
2026-09-26 01:58:36,Atıcı 1,KAGIT_1. Taktik ,9,10,41.82,PARMAK
2026-09-26 01:58:40,Atıcı 1,KAGIT_1. Taktik ,7,10,45.15,PARMAK
2026-09-26 01:58:45,Atıcı 1,KAGIT_1. Taktik ,6,10,50.17,PARMAK
2026-09-26 01:58:46,Atıcı 1,KAGIT_1. Taktik ,5,10,51.92,PARMAK
2026-09-26 01:58:47,Atıcı 1,KAGIT_1. Taktik ,8,10,52.53,PARMAK
2026-09-26 01:58:47,Atıcı 1,KAGIT_1. Taktik ,0,10,52.93,PARMAK
2026-09-26 01:58:52,Atıcı 1,KAGIT_1. Taktik ,8,10,57.93,LAZER
2026-09-26 01:58:53,Atıcı 1,KAGIT_1. Taktik ,9,10,58.94,LAZER
2026-09-26 01:58:54,Atıcı 1,KAGIT_1. Taktik ,9,10,59.56,LAZER
2026-09-26 01:58:55,Atıcı 1,KAGIT_1. Taktik ,9,10,60.26,LAZER
2026-09-26 01:58:55,Atıcı 1,KAGIT_1. Taktik ,9,10,61.03,LAZER
2026-09-26 01:58:56,Atıcı 1,KAGIT_1. Taktik ,9,10,61.31,LAZER
2026-09-26 01:58:56,Atıcı 1,KAGIT_1. Taktik ,9,10,61.56,LAZER
2026-09-26 01:58:56,Atıcı 1,KAGIT_1. Taktik ,9,10,61.96,LAZER
2026-09-26 01:58:57,Atıcı 1,KAGIT_1. Taktik ,9,10,62.23,LAZER
2026-09-26 01:58:57,Atıcı 1,KAGIT_1. Taktik ,9,10,62.87,LAZER
2026-09-26 01:58:58,Atıcı 1,KAGIT_1. Taktik ,9,10,63.67,LAZER
2026-09-26 01:58:59,Atıcı 1,KAGIT_1. Taktik ,9,10,64.36,LAZER
2026-09-26 01:58:59,Atıcı 1,KAGIT_1. Taktik ,2,10,64.94,LAZER
2026-09-26 01:59:00,Atıcı 1,KAGIT_1. Taktik ,3,10,65.5,LAZER
2026-09-26 01:59:16,Atıcı 1,KAGIT_1. Taktik ,7,10,81.27,LAZER
2026-09-26 01:59:51,Atıcı 1,KAGIT_1. Taktik ,9,10,116.92,LAZER
2026-09-26 02:00:39,Atıcı 1,KAGIT_1. Taktik ,5,10,164.22,LAZER
2026-09-26 02:02:10,Atıcı 1,KAGIT_1. Taktik ,8,10,255.58,LAZER
2026-09-26 02:02:20,Atıcı 1,KAGIT_1. Taktik ,5,10,265.59,LAZER
2026-09-26 02:02:23,Atıcı 1,KAGIT_1. Taktik ,6,10,268.5,LAZER
2026-09-26 02:02:30,Atıcı 1,KAGIT_1. Taktik ,0,10,275.58,LAZER
2026-09-26 02:03:00,Atıcı 1,KAGIT_1. Taktik ,0,10,305.61,LAZER
2026-09-26 02:03:22,Atıcı 1,KAGIT_1. Taktik ,8,10,327.37,LAZER
2026-09-26 02:03:38,Atıcı 1,KAGIT_1. Taktik ,7,10,343.34,LAZER
2026-09-26 02:03:44,Atıcı 1,KAGIT_1. Taktik ,0,10,349.21,LAZER
2026-09-26 02:03:44,Atıcı 1,KAGIT_1. Taktik ,0,10,349.53,LAZER
2026-09-26 02:04:07,Atıcı 1,KAGIT_1. Taktik ,0,10,372.23,LAZER
2026-09-26 02:10:40,Atıcı 1,KAGIT_1. Taktik ,0,10,765.9,LAZER
2026-09-26 02:11:16,Atıcı 1,KAGIT_1. Taktik ,7,10,801.18,LAZER
2026-09-26 02:11:29,Atıcı 1,KAGIT_1. Taktik ,0,10,814.44,LAZER
2026-09-26 02:11:33,Atıcı 1,KAGIT_1. Taktik ,4,10,818.79,LAZER
2026-09-26 02:11:34,Atıcı 1,KAGIT_1. Taktik ,0,10,819.39,LAZER
2026-09-26 02:11:34,Atıcı 1,KAGIT_1. Taktik ,0,10,819.64,LAZER
2026-09-26 02:11:34,Atıcı 1,KAGIT_1. Taktik ,7,10,819.99,LAZER
2026-09-26 02:11:35,Atıcı 1,KAGIT_1. Taktik ,0,10,820.25,LAZER
2026-09-26 02:11:35,Atıcı 1,KAGIT_1. Taktik ,0,10,820.54,LAZER
2026-09-26 02:11:36,Atıcı 1,KAGIT_1. Taktik ,0,10,821.45,LAZER
2026-09-26 02:11:36,Atıcı 1,KAGIT_1. Taktik ,0,10,821.8,LAZER
2026-09-26 02:11:37,Atıcı 1,KAGIT_1. Taktik ,0,10,822.25,LAZER
2026-09-26 02:11:37,Atıcı 1,KAGIT_1. Taktik ,0,10,822.55,LAZER
2026-09-26 02:12:14,Atıcı 1,KAGIT_1. Taktik ,9,10,860.03,LAZER
2026-09-26 02:12:16,Atıcı 1,KAGIT_1. Taktik ,2,10,861.72,LAZER
2026-09-26 02:12:17,Atıcı 1,KAGIT_1. Taktik ,1,10,862.09,LAZER
2026-09-26 02:12:36,Atıcı 1,KAGIT_1. Taktik ,7,10,881.53,LAZER
2026-09-26 02:15:18,Atıcı 1,KAGIT_1. Taktik ,4,10,1043.55,LAZER
2026-09-26 02:15:39,Atıcı 1,KAGIT_1. Taktik ,0,10,1065.02,LAZER
2026-09-26 02:16:29,Atıcı 1,KAGIT_1. Taktik ,0,10,1115.03,LAZER
2026-09-26 02:16:30,Atıcı 1,KAGIT_1. Taktik ,0,10,1115.58,LAZER
2026-09-26 02:17:36,Atıcı 1,KAGIT_1. Taktik ,2,10,1181.98,LAZER
2026-09-26 02:17:42,Atıcı 1,KAGIT_1. Taktik ,0,10,1188.01,LAZER
2026-09-26 02:17:43,Atıcı 1,KAGIT_1. Taktik ,0,10,1188.52,LAZER
2026-09-26 02:17:43,Atıcı 1,KAGIT_1. Taktik ,0,10,1188.92,LAZER
2026-09-26 02:17:44,Atıcı 1,KAGIT_1. Taktik ,0,10,1189.28,LAZER
2026-09-26 02:17:48,Atıcı 1,KAGIT_1. Taktik ,0,10,1193.24,LAZER
2026-09-26 02:17:57,Atıcı 1,KAGIT_1. Taktik ,0,10,1202.12,LAZER
2026-09-26 02:18:02,Atıcı 1,KAGIT_1. Taktik ,0,10,1207.36,LAZER
2026-09-26 02:18:02,Atıcı 1,KAGIT_1. Taktik ,0,10,1207.71,LAZER
2026-09-26 02:18:02,Atıcı 1,KAGIT_1. Taktik ,0,10,1207.99,LAZER
2026-09-26 02:18:03,Atıcı 1,KAGIT_1. Taktik ,0,10,1208.34,LAZER
2026-09-26 02:18:04,Atıcı 1,KAGIT_1. Taktik ,0,10,1209.45,LAZER
2026-09-26 02:18:18,Atıcı 1,KAGIT_1. Taktik ,0,10,1224.0,LAZER
2026-09-26 02:18:19,Atıcı 1,KAGIT_1. Taktik ,0,10,1224.3,LAZER
2026-09-26 02:18:19,Atıcı 1,KAGIT_1. Taktik ,0,10,1224.56,LAZER
2026-09-26 02:18:19,Atıcı 1,KAGIT_1. Taktik ,0,10,1224.86,LAZER
2026-09-26 02:18:20,Atıcı 1,KAGIT_1. Taktik ,0,10,1225.21,LAZER
2026-09-26 02:18:20,Atıcı 1,KAGIT_1. Taktik ,0,10,1225.5,LAZER
2026-09-26 02:18:20,Atıcı 1,KAGIT_1. Taktik ,0,10,1225.75,LAZER
2026-09-26 02:18:20,Atıcı 1,KAGIT_1. Taktik ,0,10,1226.01,LAZER
2026-09-26 02:18:21,Atıcı 1,KAGIT_1. Taktik ,0,10,1226.41,LAZER
2026-09-26 02:19:26,Atıcı 1,KAGIT_1. Taktik ,2,10,1291.98,LAZER
2026-09-26 02:20:37,Atıcı 1,1. Sabit Mesafe Poligonu,0,266.99,21.969,PARMAK
2026-09-26 02:20:37,Atıcı 1,1. Sabit Mesafe Poligonu,0,259.85,22.476,PARMAK
2026-09-26 02:20:43,Atıcı 1,1. Sabit Mesafe Poligonu,0,259.86,28.068,PARMAK
2026-09-26 02:20:53,Atıcı 1,KAGIT_1. Taktik ,10,10,49.46,PARMAK
2026-09-26 02:20:54,Atıcı 1,KAGIT_1. Taktik ,8,10,50.87,PARMAK
2026-09-26 02:20:56,Atıcı 1,KAGIT_1. Taktik ,3,10,52.92,PARMAK
2026-09-26 02:20:57,Atıcı 1,KAGIT_1. Taktik ,5,10,53.94,PARMAK
2026-09-26 02:20:59,Atıcı 1,KAGIT_1. Taktik ,4,10,55.08,PARMAK
2026-09-26 02:21:08,Atıcı 1,KAGIT_1. Taktik ,10,10,64.91,LAZER
2026-09-26 02:21:10,Atıcı 1,KAGIT_1. Taktik ,10,10,66.07,LAZER
2026-09-26 02:21:11,Atıcı 1,KAGIT_1. Taktik ,6,10,67.51,LAZER
2026-09-26 02:21:12,Atıcı 1,KAGIT_1. Taktik ,6,10,68.36,LAZER
2026-09-26 02:21:12,Atıcı 1,KAGIT_1. Taktik ,6,10,68.87,LAZER
2026-09-26 02:21:13,Atıcı 1,KAGIT_1. Taktik ,6,10,69.49,LAZER
2026-09-26 02:21:14,Atıcı 1,KAGIT_1. Taktik ,6,10,70.12,LAZER
2026-09-26 02:21:15,Atıcı 1,KAGIT_1. Taktik ,6,10,71.02,LAZER
2026-09-26 02:21:16,Atıcı 1,KAGIT_1. Taktik ,10,10,72.18,LAZER
2026-09-26 02:21:16,Atıcı 1,KAGIT_1. Taktik ,7,10,72.97,LAZER
2026-09-26 02:21:17,Atıcı 1,KAGIT_1. Taktik ,6,10,73.97,LAZER
2026-09-26 02:21:18,Atıcı 1,KAGIT_1. Taktik ,7,10,74.97,LAZER
2026-09-26 02:21:20,Atıcı 1,KAGIT_1. Taktik ,6,10,76.49,LAZER
2026-09-26 02:21:21,Atıcı 1,KAGIT_1. Taktik ,8,10,77.26,LAZER
2026-09-26 02:21:21,Atıcı 1,KAGIT_1. Taktik ,7,10,78.01,LAZER
2026-09-26 02:21:22,Atıcı 1,KAGIT_1. Taktik ,8,10,78.76,LAZER
2026-09-26 02:21:23,Atıcı 1,KAGIT_1. Taktik ,8,10,79.15,LAZER
2026-09-26 02:21:23,Atıcı 1,KAGIT_1. Taktik ,8,10,79.9,LAZER
2026-09-26 02:21:24,Atıcı 1,KAGIT_1. Taktik ,7,10,80.27,LAZER
2026-09-26 02:21:24,Atıcı 1,KAGIT_1. Taktik ,9,10,80.65,LAZER
2026-09-26 02:21:25,Atıcı 1,KAGIT_1. Taktik ,8,10,81.15,LAZER
2026-09-26 02:21:25,Atıcı 1,KAGIT_1. Taktik ,9,10,81.68,LAZER
2026-09-26 02:21:26,Atıcı 1,KAGIT_1. Taktik ,10,10,82.19,LAZER
2026-09-26 02:21:27,Atıcı 1,KAGIT_1. Taktik ,10,10,83.08,LAZER
2026-09-26 02:21:32,Atıcı 1,KAGIT_1. Taktik ,8,10,88.51,MOUSE
2026-09-26 02:21:32,Atıcı 1,KAGIT_1. Taktik ,8,10,88.72,MOUSE
2026-09-26 02:21:33,Atıcı 1,KAGIT_1. Taktik ,10,10,89.32,MOUSE
2026-09-26 02:21:33,Atıcı 1,KAGIT_1. Taktik ,10,10,89.53,MOUSE
2026-09-26 02:21:34,Atıcı 1,KAGIT_1. Taktik ,10,10,90.2,MOUSE
2026-09-26 02:21:34,Atıcı 1,KAGIT_1. Taktik ,10,10,90.42,MOUSE
2026-09-26 02:31:21,Atıcı 1,KAGIT_1. Taktik ,10,10,41.02,MOUSE
2026-09-26 02:31:21,Atıcı 1,KAGIT_1. Taktik ,10,10,41.24,MOUSE
2026-09-26 02:31:22,Atıcı 1,KAGIT_1. Taktik ,10,10,42.26,MOUSE
2026-09-26 02:31:22,Atıcı 1,KAGIT_1. Taktik ,10,10,42.48,MOUSE
2026-09-26 02:31:25,Atıcı 1,KAGIT_1. Taktik ,10,10,44.98,FPS_SERBEST
2026-09-26 02:31:26,Atıcı 1,KAGIT_1. Taktik ,10,10,45.61,FPS_SERBEST
2026-09-26 02:31:26,Atıcı 1,KAGIT_1. Taktik ,10,10,45.99,FPS_SERBEST
2026-09-26 02:31:41,Atıcı 1,KAGIT_1. Taktik ,10,10,61.26,LAZER
2026-09-26 02:31:42,Atıcı 1,KAGIT_1. Taktik ,10,10,62.17,LAZER
2026-09-26 02:31:45,Atıcı 1,KAGIT_1. Taktik ,3,10,64.94,LAZER
2026-09-26 02:31:51,Atıcı 1,KAGIT_1. Taktik ,10,10,71.16,LAZER
2026-09-26 02:31:53,Atıcı 1,KAGIT_1. Taktik ,9,10,72.96,LAZER
2026-09-26 02:31:54,Atıcı 1,KAGIT_1. Taktik ,8,10,73.6,LAZER
2026-09-26 02:31:54,Atıcı 1,KAGIT_1. Taktik ,9,10,74.35,LAZER
2026-09-26 02:31:56,Atıcı 1,KAGIT_1. Taktik ,6,10,75.76,LAZER
2026-09-26 02:32:00,Atıcı 1,KAGIT_1. Taktik ,8,10,79.69,LAZER
2026-09-26 02:32:01,Atıcı 1,KAGIT_1. Taktik ,4,10,80.95,LAZER
2026-09-26 02:32:02,Atıcı 1,KAGIT_1. Taktik ,4,10,81.58,LAZER
2026-09-26 02:32:03,Atıcı 1,KAGIT_1. Taktik ,4,10,83.26,LAZER
2026-09-26 02:32:07,Atıcı 1,KAGIT_1. Taktik ,5,10,87.24,PARMAK
2026-09-26 02:32:08,Atıcı 1,KAGIT_1. Taktik ,9,10,88.12,PARMAK
2026-09-26 02:32:11,Atıcı 1,KAGIT_1. Taktik ,10,10,90.89,PARMAK
2026-09-26 02:32:12,Atıcı 1,KAGIT_1. Taktik ,2,10,92.29,PARMAK
2026-09-26 02:32:15,Atıcı 1,KAGIT_1. Taktik ,5,10,94.56,PARMAK
2026-09-26 02:32:15,Atıcı 1,KAGIT_1. Taktik ,5,10,94.96,PARMAK
2026-09-26 02:32:16,Atıcı 1,KAGIT_1. Taktik ,3,10,95.59,PARMAK
2026-09-26 02:32:16,Atıcı 1,KAGIT_1. Taktik ,4,10,95.97,PARMAK
2026-09-26 02:32:16,Atıcı 1,KAGIT_1. Taktik ,6,10,96.34,PARMAK
2026-09-26 02:32:17,Atıcı 1,KAGIT_1. Taktik ,7,10,96.98,PARMAK
2026-09-26 02:32:18,Atıcı 1,KAGIT_1. Taktik ,8,10,98.11,PARMAK
2026-09-26 02:32:21,Atıcı 1,KAGIT_1. Taktik ,10,10,100.8,PARMAK
2026-09-26 02:32:21,Atıcı 1,KAGIT_1. Taktik ,10,10,101.18,PARMAK
2026-09-26 02:32:23,Atıcı 1,KAGIT_1. Taktik ,10,10,102.81,PARMAK
2026-09-26 02:32:23,Atıcı 1,KAGIT_1. Taktik ,10,10,103.2,PARMAK
2026-09-26 02:32:27,Atıcı 1,1. Sabit Mesafe Poligonu,0,144.03,97.687,PARMAK
2026-09-26 02:32:27,Atıcı 1,1. Sabit Mesafe Poligonu,0,150.05,98.51,PARMAK
2026-09-26 02:32:28,Atıcı 1,1. Sabit Mesafe Poligonu,0,190.26,99.409,PARMAK
2026-09-26 02:32:29,Atıcı 1,1. Sabit Mesafe Poligonu,0,179.55,100.292,PARMAK
2026-09-26 02:32:30,Atıcı 1,1. Sabit Mesafe Poligonu,0,186.04,101.054,PARMAK
2026-09-26 02:32:31,Atıcı 1,1. Sabit Mesafe Poligonu,0,181.33,101.846,PARMAK
2026-09-26 02:32:31,Atıcı 1,1. Sabit Mesafe Poligonu,0,164.48,102.411,PARMAK
2026-09-26 02:32:32,Atıcı 1,1. Sabit Mesafe Poligonu,0,178.68,102.933,PARMAK
2026-09-26 02:32:32,Atıcı 1,1. Sabit Mesafe Poligonu,0,202.71,103.458,PARMAK
2026-09-26 02:32:35,Atıcı 1,1. Sabit Mesafe Poligonu,0,112.29,106.346,PARMAK
2026-09-26 02:32:40,Atıcı 1,1. Sabit Mesafe Poligonu,0,115.43,110.985,PARMAK
2026-09-26 02:33:07,Atıcı 1,1. Sabit Mesafe Poligonu,0,185.17,138.436,PARMAK
2026-09-26 02:33:08,Atıcı 1,1. Sabit Mesafe Poligonu,0,201.12,138.815,PARMAK
2026-09-26 02:33:10,Atıcı 1,1. Sabit Mesafe Poligonu,0,221.44,141.108,PARMAK
2026-09-26 02:33:10,Atıcı 1,1. Sabit Mesafe Poligonu,0,175.0,141.485,PARMAK
2026-09-26 02:33:11,Atıcı 1,1. Sabit Mesafe Poligonu,0,190.28,141.858,PARMAK
2026-09-26 02:33:11,Atıcı 1,1. Sabit Mesafe Poligonu,0,185.33,142.23,PARMAK
2026-09-26 02:33:13,Atıcı 1,1. Sabit Mesafe Poligonu,0,224.27,143.751,PARMAK
2026-09-26 02:33:13,Atıcı 1,1. Sabit Mesafe Poligonu,0,214.39,144.125,PARMAK
2026-09-26 02:33:13,Atıcı 1,1. Sabit Mesafe Poligonu,0,234.01,144.533,PARMAK
2026-09-26 02:33:14,Atıcı 1,1. Sabit Mesafe Poligonu,0,219.18,144.905,PARMAK
2026-09-26 02:33:14,Atıcı 1,1. Sabit Mesafe Poligonu,0,237.05,145.277,PARMAK
2026-09-26 02:33:15,Atıcı 1,1. Sabit Mesafe Poligonu,0,279.03,145.792,PARMAK
2026-09-26 02:33:15,Atıcı 1,1. Sabit Mesafe Poligonu,0,260.05,146.196,PARMAK
2026-09-26 02:33:15,Atıcı 1,1. Sabit Mesafe Poligonu,0,251.05,146.573,PARMAK
2026-09-26 02:33:16,Atıcı 1,1. Sabit Mesafe Poligonu,0,282.64,146.937,PARMAK
2026-09-26 02:33:17,Atıcı 1,1. Sabit Mesafe Poligonu,0,231.62,148.237,PARMAK
2026-09-26 02:33:23,Atıcı 1,1. Sabit Mesafe Poligonu,0,239.03,154.421,PARMAK
2026-09-26 02:33:24,Atıcı 1,1. Sabit Mesafe Poligonu,0,239.0,155.236,PARMAK
2026-09-26 02:34:47,Atıcı 1,1. Sabit Mesafe Poligonu,0,222.31,238.03,PARMAK
2026-09-26 02:35:39,Atıcı 1,1. Sabit Mesafe Poligonu,0,223.3,290.111,PARMAK
2026-09-26 02:36:37,Atıcı 1,1. Sabit Mesafe Poligonu,0,241.55,347.866,PARMAK
2026-09-26 02:36:41,Atıcı 1,1. Sabit Mesafe Poligonu,0,239.03,352.021,PARMAK
2026-09-26 02:36:58,Atıcı 1,1. Sabit Mesafe Poligonu,0,82.3,368.725,PARMAK
2026-09-26 03:15:56,Atıcı 1,KAGIT_1. Taktik ,0,10,1161.14,PARMAK
2026-09-26 03:15:57,Atıcı 1,KAGIT_1. Taktik ,0,10,1162.29,PARMAK
2026-09-26 03:22:29,Atıcı 1,KAGIT_4. Rehine ,10,10,3.8,PARMAK
2026-09-26 03:22:31,Atıcı 1,KAGIT_4. Rehine ,8,10,6.47,PARMAK
2026-09-26 03:22:33,Atıcı 1,KAGIT_4. Rehine ,8,10,8.12,PARMAK
2026-09-26 03:22:34,Atıcı 1,KAGIT_4. Rehine ,8,10,9.25,PARMAK
2026-09-26 03:22:35,Atıcı 1,KAGIT_4. Rehine ,0,10,9.75,PARMAK
2026-09-26 03:22:36,Atıcı 1,KAGIT_4. Rehine ,9,10,11.28,PARMAK
2026-09-26 03:22:37,Atıcı 1,KAGIT_4. Rehine ,8,10,12.4,PARMAK
2026-09-26 03:22:38,Atıcı 1,KAGIT_4. Rehine ,10,10,13.15,PARMAK
2026-09-26 03:22:46,Atıcı 1,KAGIT_4. Rehine ,8,10,20.66,PARMAK
2026-09-26 03:22:46,Atıcı 1,KAGIT_4. Rehine ,0,10,21.05,PARMAK
2026-09-26 03:22:47,Atıcı 1,KAGIT_4. Rehine ,9,10,21.56,PARMAK
2026-09-26 03:22:47,Atıcı 1,KAGIT_4. Rehine ,10,10,21.94,PARMAK
2026-09-26 03:22:59,Atıcı 1,1. Sabit Mesafe Poligonu,0,191.4,43.262,PARMAK
2026-09-26 03:23:00,Atıcı 1,1. Sabit Mesafe Poligonu,0,90.35,44.571,PARMAK
2026-09-26 03:23:01,Atıcı 1,1. Sabit Mesafe Poligonu,0,135.06,45.049,PARMAK
2026-09-26 03:23:01,Atıcı 1,1. Sabit Mesafe Poligonu,0,58.69,45.582,PARMAK
2026-09-26 03:23:02,Atıcı 1,1. Sabit Mesafe Poligonu,0,172.39,45.959,PARMAK
2026-09-26 03:23:07,Atıcı 1,1. Sabit Mesafe Poligonu,0,182.66,51.514,PARMAK
2026-09-26 03:23:10,Atıcı 1,1. Sabit Mesafe Poligonu,0,275.48,54.237,PARMAK
2026-09-26 03:23:12,Atıcı 1,1. Sabit Mesafe Poligonu,0,212.7,56.003,PARMAK
2026-09-26 03:23:13,Atıcı 1,1. Sabit Mesafe Poligonu,0,92.14,57.588,PARMAK
2026-09-26 03:23:14,Atıcı 1,1. Sabit Mesafe Poligonu,0,217.57,58.806,PARMAK
2026-09-26 03:23:25,Atıcı 1,1. Sabit Mesafe Poligonu,0,172.05,69.206,PARMAK
2026-09-26 03:23:26,Atıcı 1,1. Sabit Mesafe Poligonu,0,140.36,70.307,PARMAK
2026-09-26 03:23:27,Atıcı 1,1. Sabit Mesafe Poligonu,0,184.13,71.344,PARMAK
2026-09-26 03:23:28,Atıcı 1,1. Sabit Mesafe Poligonu,0,169.24,72.305,PARMAK
2026-09-26 03:23:40,Atıcı 1,1. Sabit Mesafe Poligonu,0,96.02,84.793,PARMAK
2026-09-26 03:23:44,Atıcı 1,1. Sabit Mesafe Poligonu,0,162.73,88.143,PARMAK
2026-09-26 03:23:48,Atıcı 1,1. Sabit Mesafe Poligonu,0,108.0,92.743,PARMAK
2026-09-26 03:23:49,Atıcı 1,1. Sabit Mesafe Poligonu,0,167.43,93.938,PARMAK
2026-09-26 03:23:50,Atıcı 1,1. Sabit Mesafe Poligonu,0,253.51,94.664,PARMAK
2026-09-26 03:23:51,Atıcı 1,1. Sabit Mesafe Poligonu,0,284.32,95.16,PARMAK
2026-09-26 03:23:54,Atıcı 1,1. Sabit Mesafe Poligonu,0,102.4,98.376,PARMAK
2026-09-26 03:23:55,Atıcı 1,1. Sabit Mesafe Poligonu,0,161.41,98.968,PARMAK
2026-09-26 03:23:55,Atıcı 1,1. Sabit Mesafe Poligonu,0,165.87,99.492,PARMAK
2026-09-26 03:23:57,Atıcı 1,1. Sabit Mesafe Poligonu,0,192.04,100.981,PARMAK
2026-09-26 03:24:01,Atıcı 1,1. Sabit Mesafe Poligonu,0,173.57,105.263,PARMAK
2026-09-26 03:24:01,Atıcı 1,1. Sabit Mesafe Poligonu,0,169.58,105.669,PARMAK
2026-09-26 03:24:02,Atıcı 1,1. Sabit Mesafe Poligonu,0,162.25,106.04,PARMAK
2026-09-26 03:24:02,Atıcı 1,1. Sabit Mesafe Poligonu,0,154.47,106.414,PARMAK
2026-09-26 03:24:03,Atıcı 1,1. Sabit Mesafe Poligonu,0,270.18,106.972,PARMAK
2026-09-26 03:24:03,Atıcı 1,1. Sabit Mesafe Poligonu,0,264.37,107.413,PARMAK
2026-09-26 03:24:12,Atıcı 1,1. Sabit Mesafe Poligonu,0,120.92,116.106,PARMAK
2026-09-26 03:24:13,Atıcı 1,1. Sabit Mesafe Poligonu,0,149.0,117.107,PARMAK
2026-09-26 03:24:13,Atıcı 1,1. Sabit Mesafe Poligonu,0,143.09,117.48,PARMAK
2026-09-26 03:24:13,Atıcı 1,1. Sabit Mesafe Poligonu,0,143.17,117.888,PARMAK
2026-09-26 03:24:14,Atıcı 1,1. Sabit Mesafe Poligonu,0,137.06,118.298,PARMAK
2026-09-26 03:24:14,Atıcı 1,1. Sabit Mesafe Poligonu,0,138.18,118.709,PARMAK
2026-09-26 03:24:15,Atıcı 1,1. Sabit Mesafe Poligonu,0,149.0,119.085,PARMAK
2026-09-26 03:24:15,Atıcı 1,1. Sabit Mesafe Poligonu,0,165.25,119.46,PARMAK
2026-09-26 03:24:17,Atıcı 1,1. Sabit Mesafe Poligonu,0,165.68,121.474,PARMAK
2026-09-26 03:24:18,Atıcı 1,1. Sabit Mesafe Poligonu,0,148.6,122.382,PARMAK
2026-09-26 03:24:18,Atıcı 1,1. Sabit Mesafe Poligonu,0,266.99,122.794,PARMAK
2026-09-26 03:24:28,Atıcı 1,1. Sabit Mesafe Poligonu,0,174.23,132.119,PARMAK
2026-09-26 03:24:28,Atıcı 1,1. Sabit Mesafe Poligonu,0,146.03,132.522,PARMAK
2026-09-26 03:24:29,Atıcı 1,1. Sabit Mesafe Poligonu,0,123.07,133.036,PARMAK
2026-09-26 03:24:29,Atıcı 1,1. Sabit Mesafe Poligonu,0,144.28,133.552,PARMAK
2026-09-26 03:24:30,Atıcı 1,1. Sabit Mesafe Poligonu,0,155.82,133.962,PARMAK
2026-09-26 03:24:30,Atıcı 1,1. Sabit Mesafe Poligonu,0,156.92,134.33,PARMAK
2026-09-26 03:24:30,Atıcı 1,1. Sabit Mesafe Poligonu,0,52.17,134.807,PARMAK
2026-09-26 03:24:31,Atıcı 1,1. Sabit Mesafe Poligonu,0,262.27,135.167,PARMAK
2026-09-26 03:24:48,Atıcı 1,1. Sabit Mesafe Poligonu,0,214.04,152.128,PARMAK
2026-09-26 03:24:48,Atıcı 1,1. Sabit Mesafe Poligonu,0,161.11,152.502,PARMAK
2026-09-26 03:24:49,Atıcı 1,1. Sabit Mesafe Poligonu,0,143.03,153.161,PARMAK
2026-09-26 03:24:49,Atıcı 1,1. Sabit Mesafe Poligonu,0,165.0,153.721,PARMAK
2026-09-26 03:24:50,Atıcı 1,1. Sabit Mesafe Poligonu,0,168.87,154.212,PARMAK
2026-09-26 03:24:52,Atıcı 1,1. Sabit Mesafe Poligonu,0,158.84,156.698,PARMAK
2026-09-26 03:25:45,Atıcı 1,1. Sabit Mesafe Poligonu,0,199.06,209.275,PARMAK
2026-09-26 03:25:45,Atıcı 1,1. Sabit Mesafe Poligonu,0,198.59,209.665,PARMAK
2026-09-26 03:25:47,Atıcı 1,1. Sabit Mesafe Poligonu,0,82.3,211.54,PARMAK
2026-09-26 03:32:31,Atıcı 1,1. Sabit Mesafe Poligonu,0,151.95,24.363,PARMAK
2026-09-26 03:32:32,Atıcı 1,1. Sabit Mesafe Poligonu,0,153.39,25.388,PARMAK
2026-09-26 03:32:33,Atıcı 1,1. Sabit Mesafe Poligonu,0,105.3,26.376,PARMAK
2026-09-26 03:32:33,Atıcı 1,1. Sabit Mesafe Poligonu,0,126.48,26.941,PARMAK
2026-09-26 03:32:34,Atıcı 1,1. Sabit Mesafe Poligonu,0,138.03,27.316,PARMAK
2026-09-26 03:32:34,Atıcı 1,1. Sabit Mesafe Poligonu,0,137.18,27.7,PARMAK
2026-09-26 03:32:35,Atıcı 1,1. Sabit Mesafe Poligonu,0,168.15,28.088,PARMAK
2026-09-26 03:32:35,Atıcı 1,1. Sabit Mesafe Poligonu,0,193.75,28.54,PARMAK
2026-09-26 03:32:36,Atıcı 1,1. Sabit Mesafe Poligonu,0,131.04,29.026,PARMAK
2026-09-26 03:32:45,Atıcı 1,1. Sabit Mesafe Poligonu,0,155.26,38.617,PARMAK
2026-09-26 03:32:46,Atıcı 1,1. Sabit Mesafe Poligonu,0,148.22,39.428,PARMAK
2026-09-26 03:32:46,Atıcı 1,1. Sabit Mesafe Poligonu,0,157.62,39.953,PARMAK
2026-09-26 03:32:47,Atıcı 1,1. Sabit Mesafe Poligonu,0,160.31,40.445,PARMAK
2026-09-26 03:32:47,Atıcı 1,1. Sabit Mesafe Poligonu,0,167.43,40.927,PARMAK
2026-09-26 03:32:48,Atıcı 1,1. Sabit Mesafe Poligonu,0,172.57,41.682,PARMAK
2026-09-26 03:32:49,Atıcı 1,1. Sabit Mesafe Poligonu,0,186.9,42.466,PARMAK
2026-09-26 03:32:49,Atıcı 1,1. Sabit Mesafe Poligonu,0,193.22,42.843,PARMAK
2026-09-26 03:32:50,Atıcı 1,1. Sabit Mesafe Poligonu,0,191.38,43.211,PARMAK
2026-09-26 03:32:50,Atıcı 1,1. Sabit Mesafe Poligonu,0,137.01,43.58,PARMAK
2026-09-26 03:32:50,Atıcı 1,1. Sabit Mesafe Poligonu,0,153.94,43.952,PARMAK
2026-09-26 03:32:52,Atıcı 1,1. Sabit Mesafe Poligonu,0,163.6,45.663,PARMAK
2026-09-26 03:33:02,Atıcı 1,1. Sabit Mesafe Poligonu,0,190.91,55.588,PARMAK
2026-09-26 03:33:04,Atıcı 1,1. Sabit Mesafe Poligonu,0,202.71,57.099,PARMAK
2026-09-26 03:33:04,Atıcı 1,1. Sabit Mesafe Poligonu,0,244.07,57.803,PARMAK
2026-09-26 03:33:16,Atıcı 1,1. Sabit Mesafe Poligonu,0,108.67,68.998,PARMAK
2026-09-26 03:33:16,Atıcı 1,1. Sabit Mesafe Poligonu,0,107.04,69.349,PARMAK
2026-09-26 03:33:16,Atıcı 1,1. Sabit Mesafe Poligonu,0,105.17,69.724,PARMAK
2026-09-26 03:33:18,Atıcı 1,1. Sabit Mesafe Poligonu,0,46.27,71.28,PARMAK
2026-09-26 03:33:19,Atıcı 1,1. Sabit Mesafe Poligonu,0,100.0,72.751,PARMAK
2026-09-26 03:33:27,Atıcı 1,1. Sabit Mesafe Poligonu,0,151.56,80.861,PARMAK
2026-09-26 03:33:28,Atıcı 1,1. Sabit Mesafe Poligonu,0,216.06,81.72,PARMAK
2026-09-26 03:33:31,Atıcı 1,1. Sabit Mesafe Poligonu,0,166.43,84.416,PARMAK
2026-09-26 03:33:31,Atıcı 1,1. Sabit Mesafe Poligonu,0,133.06,84.964,PARMAK
2026-09-26 03:33:32,Atıcı 1,1. Sabit Mesafe Poligonu,0,135.09,85.338,PARMAK
2026-09-26 03:33:32,Atıcı 1,1. Sabit Mesafe Poligonu,0,142.28,85.713,PARMAK
2026-09-26 03:33:34,Atıcı 1,1. Sabit Mesafe Poligonu,0,149.48,87.079,PARMAK
2026-09-26 03:33:34,Atıcı 1,1. Sabit Mesafe Poligonu,0,156.05,87.459,PARMAK
2026-09-26 03:33:34,Atıcı 1,1. Sabit Mesafe Poligonu,0,151.16,87.942,PARMAK
2026-09-26 03:33:51,Atıcı 1,1. Sabit Mesafe Poligonu,100,8.25,104.915,PARMAK
2026-09-26 03:33:52,Atıcı 1,1. Sabit Mesafe Poligonu,75,22.09,1.05,PARMAK
2026-09-26 03:33:53,Atıcı 1,1. Sabit Mesafe Poligonu,50,23.09,0.361,PARMAK
2026-09-26 03:33:54,Atıcı 1,1. Sabit Mesafe Poligonu,0,144.37,0.926,PARMAK
2026-09-26 03:33:59,Atıcı 1,1. Sabit Mesafe Poligonu,75,9.22,6.414,LAZER
2026-09-26 03:34:00,Atıcı 1,1. Sabit Mesafe Poligonu,75,11.05,0.626,LAZER
2026-09-26 03:34:01,Atıcı 1,1. Sabit Mesafe Poligonu,50,28.07,1.479,LAZER
2026-09-26 03:34:02,Atıcı 1,1. Sabit Mesafe Poligonu,75,17.46,0.696,LAZER
2026-09-26 03:34:14,Atıcı 1,7. Gece Görüş & Taktik Fener,150,8.32,3.128,LAZER
2026-09-26 03:34:17,Atıcı 1,6. Düşen Çelik Plakalar (Plate Rack),100,9.9,1.924,LAZER
2026-09-26 03:34:18,Atıcı 1,6. Düşen Çelik Plakalar (Plate Rack),100,10.05,3.422,LAZER
2026-09-26 03:34:22,Atıcı 1,6. Düşen Çelik Plakalar (Plate Rack),100,10.2,6.758,LAZER
2026-09-26 03:34:23,Atıcı 1,6. Düşen Çelik Plakalar (Plate Rack),100,5.83,7.743,LAZER
2026-09-26 03:34:24,Atıcı 1,6. Düşen Çelik Plakalar (Plate Rack),100,22.8,8.714,LAZER
2026-09-26 03:34:26,Atıcı 1,6. Düşen Çelik Plakalar (Plate Rack),0,26.63,10.913,LAZER
2026-09-26 03:34:27,Atıcı 1,6. Düşen Çelik Plakalar (Plate Rack),0,43.05,11.984,LAZER
2026-09-26 03:34:27,Atıcı 1,6. Düşen Çelik Plakalar (Plate Rack),0,27.73,12.454,LAZER
2026-09-26 03:34:28,Atıcı 1,6. Düşen Çelik Plakalar (Plate Rack),100,3.61,12.891,LAZER
2026-09-26 03:34:32,Atıcı 1,5. Çoklu Hedef (Seri Atış),75,15.3,1.974,LAZER
2026-09-26 03:34:33,Atıcı 1,5. Çoklu Hedef (Seri Atış),75,18.25,2.648,LAZER
2026-09-26 03:34:35,Atıcı 1,5. Çoklu Hedef (Seri Atış),0,356.89,4.358,LAZER
2026-09-26 03:34:35,Atıcı 1,5. Çoklu Hedef (Seri Atış),0,73.6,4.869,LAZER
2026-09-26 03:34:36,Atıcı 1,5. Çoklu Hedef (Seri Atış),75,34.54,5.43,LAZER
2026-09-26 03:34:52,Atıcı 1,3. Pop-Up Hızlı Reaksiyon,0,181.25,1.199,LAZER
2026-09-26 03:34:57,Atıcı 1,3. Pop-Up Hızlı Reaksiyon,0,173.54,0.877,MOUSE/TIK
2026-09-26 03:34:59,Atıcı 1,3. Pop-Up Hızlı Reaksiyon,0,317.2,2.666,LAZER
2026-09-26 03:35:02,Atıcı 1,3. Pop-Up Hızlı Reaksiyon,0,211.38,0.443,MOUSE/TIK
2026-09-26 03:35:02,Atıcı 1,3. Pop-Up Hızlı Reaksiyon,0,211.38,0.701,MOUSE/TIK
2026-09-26 03:35:02,Atıcı 1,3. Pop-Up Hızlı Reaksiyon,0,211.38,0.874,MOUSE/TIK
2026-09-26 03:35:03,Atıcı 1,3. Pop-Up Hızlı Reaksiyon,0,211.38,1.107,MOUSE/TIK
2026-09-26 03:35:03,Atıcı 1,3. Pop-Up Hızlı Reaksiyon,0,211.38,1.266,MOUSE/TIK
2026-09-26 03:35:03,Atıcı 1,3. Pop-Up Hızlı Reaksiyon,0,211.38,1.446,MOUSE/TIK
2026-09-26 03:35:03,Atıcı 1,3. Pop-Up Hızlı Reaksiyon,0,211.38,1.67,MOUSE/TIK
2026-09-26 03:35:03,Atıcı 1,3. Pop-Up Hızlı Reaksiyon,0,211.38,1.824,MOUSE/TIK
2026-09-26 03:35:04,Atıcı 1,3. Pop-Up Hızlı Reaksiyon,0,211.38,1.965,MOUSE/TIK
2026-09-26 03:35:04,Atıcı 1,3. Pop-Up Hızlı Reaksiyon,0,211.38,2.122,MOUSE/TIK
2026-09-26 03:35:04,Atıcı 1,3. Pop-Up Hızlı Reaksiyon,0,211.38,2.277,MOUSE/TIK
2026-09-26 03:35:35,Atıcı 1,5. Çoklu Hedef (Seri Atış),0,253.67,7.744,LAZER
2026-09-26 03:35:50,Atıcı 1,4. Trap / Havada Kırılan Plak,0,108.33,0.494,LAZER
2026-09-26 03:35:59,Atıcı 1,4. Trap / Havada Kırılan Plak,0,464.34,0.32,LAZER
2026-09-26 03:46:44,Atıcı 1,1. Sabit Mesafe Poligonu,0,186.42,89.829,PARMAK
2026-09-26 03:46:46,Atıcı 1,1. Sabit Mesafe Poligonu,0,251.08,92.525,PARMAK
2026-09-26 03:46:47,Atıcı 1,1. Sabit Mesafe Poligonu,0,59.08,93.12,PARMAK
2026-09-26 03:46:48,Atıcı 1,1. Sabit Mesafe Poligonu,0,106.1,94.399,PARMAK
2026-09-26 03:46:49,Atıcı 1,1. Sabit Mesafe Poligonu,0,83.01,94.852,PARMAK
2026-09-26 03:46:49,Atıcı 1,1. Sabit Mesafe Poligonu,0,106.73,95.203,PARMAK
2026-09-26 03:46:50,Atıcı 1,1. Sabit Mesafe Poligonu,0,128.75,95.573,PARMAK
2026-09-26 03:46:50,Atıcı 1,1. Sabit Mesafe Poligonu,0,128.51,96.065,PARMAK
2026-09-26 03:47:12,Atıcı 1,1. Sabit Mesafe Poligonu,0,171.47,117.771,PARMAK
2026-09-26 03:47:13,Atıcı 1,1. Sabit Mesafe Poligonu,0,208.69,119.089,PARMAK
2026-09-26 03:47:19,Atıcı 1,1. Sabit Mesafe Poligonu,0,157.16,125.117,PARMAK
2026-09-26 03:47:20,Atıcı 1,1. Sabit Mesafe Poligonu,0,153.03,125.599,PARMAK
2026-09-26 03:47:21,Atıcı 1,1. Sabit Mesafe Poligonu,0,152.59,127.288,PARMAK
2026-09-26 03:47:22,Atıcı 1,1. Sabit Mesafe Poligonu,0,154.94,127.898,PARMAK
2026-09-26 03:47:22,Atıcı 1,1. Sabit Mesafe Poligonu,0,159.14,128.476,PARMAK
2026-09-26 03:47:23,Atıcı 1,1. Sabit Mesafe Poligonu,0,185.07,129.382,PARMAK
2026-09-26 03:47:24,Atıcı 1,1. Sabit Mesafe Poligonu,0,161.9,130.087,PARMAK
2026-09-26 03:53:32,Atıcı 1,1. Sabit Mesafe Poligonu,0,169.31,497.852,PARMAK
2026-09-26 03:53:35,Atıcı 1,1. Sabit Mesafe Poligonu,0,161.53,501.066,PARMAK
2026-09-26 03:53:36,Atıcı 1,1. Sabit Mesafe Poligonu,0,169.25,501.915,PARMAK
2026-09-26 03:53:46,Atıcı 1,1. Sabit Mesafe Poligonu,0,107.71,511.794,PARMAK
2026-09-26 03:54:08,Atıcı 1,1. Sabit Mesafe Poligonu,0,139.62,533.86,PARMAK
2026-09-26 03:54:08,Atıcı 1,1. Sabit Mesafe Poligonu,0,137.44,534.251,PARMAK
2026-09-26 03:55:55,Atıcı 1,1. Sabit Mesafe Poligonu,0,159.05,640.972,PARMAK
2026-09-26 03:57:14,Atıcı 1,1. Sabit Mesafe Poligonu,0,162.69,720.413,PARMAK
2026-09-26 04:00:37,Atıcı 1,1. Sabit Mesafe Poligonu,0,147.87,922.721,PARMAK
2026-09-26 04:00:42,Atıcı 1,1. Sabit Mesafe Poligonu,0,177.61,928.253,PARMAK
2026-09-26 04:00:45,Atıcı 1,1. Sabit Mesafe Poligonu,0,118.12,930.908,PARMAK
2026-09-26 04:00:47,Atıcı 1,1. Sabit Mesafe Poligonu,0,162.61,933.524,PARMAK
2026-09-26 04:01:01,Atıcı 1,1. Sabit Mesafe Poligonu,0,141.65,946.895,PARMAK
2026-09-26 04:02:07,Atıcı 1,1. Sabit Mesafe Poligonu,0,102.4,1013.319,PARMAK
2026-09-26 04:02:09,Atıcı 1,1. Sabit Mesafe Poligonu,0,123.18,1015.182,PARMAK
2026-09-26 04:02:10,Atıcı 1,1. Sabit Mesafe Poligonu,0,144.68,1016.331,PARMAK
2026-09-26 04:02:12,Atıcı 1,1. Sabit Mesafe Poligonu,0,103.81,1018.292,PARMAK
2026-09-26 04:02:26,Atıcı 1,1. Sabit Mesafe Poligonu,0,193.22,1032.471,PARMAK
2026-09-26 04:03:46,Atıcı 1,1. Sabit Mesafe Poligonu,0,104.29,1111.855,PARMAK
2026-09-26 04:03:50,Atıcı 1,1. Sabit Mesafe Poligonu,0,202.37,1116.161,PARMAK
2026-09-26 16:18:51,Atıcı 1,1. Sabit Mesafe Poligonu,100,4.12,45216.6,LAZER
2026-09-26 16:18:57,Atıcı 1,KAGIT_1. Taktik ,10,10,45232.35,LAZER
2026-09-26 16:21:33,Atıcı 1,1. Sabit Mesafe Poligonu,100,4.12,162.012,LAZER
2026-09-26 16:21:45,Atıcı 1,KAGIT_1. Taktik ,10,10,45400.71,LAZER
2026-09-26 16:21:49,Atıcı 1,KAGIT_1. Taktik ,10,10,45403.9,LAZER
2026-09-26 16:25:01,Atıcı 1,KAGIT_1. Taktik ,2,10,45596.54,MOUSE
2026-09-26 16:25:01,Atıcı 1,KAGIT_1. Taktik ,2,10,45596.77,MOUSE
2026-09-26 16:25:02,Atıcı 1,KAGIT_1. Taktik ,2,10,45597.35,MOUSE
2026-09-26 16:25:02,Atıcı 1,KAGIT_1. Taktik ,2,10,45597.56,MOUSE
2026-09-26 16:28:37,Atıcı 1,1. Sabit Mesafe Poligonu,0,226.05,22.94,PARMAK
2026-09-26 16:28:41,Atıcı 1,1. Sabit Mesafe Poligonu,0,59.06,26.762,PARMAK
2026-09-26 16:28:41,Atıcı 1,1. Sabit Mesafe Poligonu,0,78.43,27.316,PARMAK
2026-09-26 16:28:42,Atıcı 1,1. Sabit Mesafe Poligonu,0,81.02,27.782,PARMAK
2026-09-26 16:28:42,Atıcı 1,1. Sabit Mesafe Poligonu,0,60.17,28.141,PARMAK
2026-09-26 16:28:45,Atıcı 1,1. Sabit Mesafe Poligonu,25,39.12,31.217,PARMAK
2026-09-26 16:28:57,Atıcı 1,1. Sabit Mesafe Poligonu,0,238.53,12.045,PARMAK
2026-09-26 16:28:58,Atıcı 1,1. Sabit Mesafe Poligonu,0,272.81,12.794,PARMAK
2026-09-26 16:28:59,Atıcı 1,1. Sabit Mesafe Poligonu,0,231.92,13.56,PARMAK
2026-09-26 16:29:05,Atıcı 1,1. Sabit Mesafe Poligonu,0,169.1,19.434,PARMAK
2026-09-26 16:29:13,Atıcı 1,1. Sabit Mesafe Poligonu,0,227.01,27.922,PARMAK
2026-09-26 16:29:23,Atıcı 1,1. Sabit Mesafe Poligonu,0,193.87,37.329,PARMAK
2026-09-26 16:29:23,Atıcı 1,1. Sabit Mesafe Poligonu,0,194.18,37.81,PARMAK
2026-09-26 16:29:24,Atıcı 1,1. Sabit Mesafe Poligonu,0,171.86,38.602,PARMAK
2026-09-26 16:29:45,Atıcı 1,1. Sabit Mesafe Poligonu,0,129.62,59.65,PARMAK
2026-09-26 16:30:02,Atıcı 1,1. Sabit Mesafe Poligonu,0,298.52,77.184,PARMAK
2026-09-26 16:30:03,Atıcı 1,1. Sabit Mesafe Poligonu,0,300.59,77.679,PARMAK
2026-09-26 16:30:05,Atıcı 1,1. Sabit Mesafe Poligonu,0,283.62,79.898,PARMAK
2026-09-26 16:30:06,Atıcı 1,1. Sabit Mesafe Poligonu,0,276.22,80.329,PARMAK
2026-09-26 16:30:07,Atıcı 1,1. Sabit Mesafe Poligonu,0,280.27,81.241,PARMAK
2026-09-26 16:30:08,Atıcı 1,1. Sabit Mesafe Poligonu,0,287.99,83.066,PARMAK
2026-09-26 16:30:10,Atıcı 1,1. Sabit Mesafe Poligonu,0,264.37,84.377,PARMAK
2026-09-26 16:30:10,Atıcı 1,1. Sabit Mesafe Poligonu,0,271.83,84.875,PARMAK
2026-09-26 16:30:11,Atıcı 1,1. Sabit Mesafe Poligonu,0,233.32,85.972,PARMAK
2026-09-26 16:30:15,Atıcı 1,1. Sabit Mesafe Poligonu,0,314.01,89.767,PARMAK
2026-09-26 16:30:22,Atıcı 1,1. Sabit Mesafe Poligonu,0,149.72,96.592,PARMAK
2026-09-26 16:32:40,Atıcı 1,1. Sabit Mesafe Poligonu,0,169.16,4.841,PARMAK
2026-09-26 16:33:20,Atıcı 1,1. Sabit Mesafe Poligonu,0,233.5,45.051,PARMAK
2026-09-26 16:33:21,Atıcı 1,1. Sabit Mesafe Poligonu,0,233.0,45.803,PARMAK
2026-09-26 16:33:30,Atıcı 1,1. Sabit Mesafe Poligonu,0,292.39,54.639,PARMAK
2026-09-26 16:33:41,Atıcı 1,1. Sabit Mesafe Poligonu,0,304.07,65.689,PARMAK
2026-09-26 16:33:45,Atıcı 1,1. Sabit Mesafe Poligonu,0,118.81,70.584,PARMAK
2026-09-26 16:33:46,Atıcı 1,1. Sabit Mesafe Poligonu,0,125.9,71.205,PARMAK
2026-09-26 16:34:53,Atıcı 1,1. Sabit Mesafe Poligonu,0,104.06,138.339,PARMAK
2026-09-26 16:34:55,Atıcı 1,1. Sabit Mesafe Poligonu,0,90.47,139.879,PARMAK
2026-09-26 16:34:56,Atıcı 1,1. Sabit Mesafe Poligonu,0,51.48,140.68,PARMAK
2026-09-26 16:34:56,Atıcı 1,1. Sabit Mesafe Poligonu,100,8.54,141.062,PARMAK
2026-09-26 16:34:56,Atıcı 1,1. Sabit Mesafe Poligonu,25,42.76,0.496,PARMAK
2026-09-26 16:34:57,Atıcı 1,1. Sabit Mesafe Poligonu,100,8.06,0.64,PARMAK
2026-09-26 16:34:58,Atıcı 1,1. Sabit Mesafe Poligonu,75,18.38,0.75,PARMAK
2026-09-26 16:34:58,Atıcı 1,1. Sabit Mesafe Poligonu,0,111.65,0.552,PARMAK
2026-09-26 16:34:59,Atıcı 1,1. Sabit Mesafe Poligonu,0,151.61,0.947,PARMAK
2026-09-26 16:35:04,Atıcı 1,1. Sabit Mesafe Poligonu,100,8.25,6.407,LAZER
2026-09-26 16:35:05,Atıcı 1,1. Sabit Mesafe Poligonu,100,5.1,0.368,LAZER
2026-09-26 16:35:05,Atıcı 1,1. Sabit Mesafe Poligonu,75,11.31,0.382,LAZER
2026-09-26 16:35:05,Atıcı 1,1. Sabit Mesafe Poligonu,75,10.63,0.305,LAZER
2026-09-26 16:35:06,Atıcı 1,1. Sabit Mesafe Poligonu,75,10.63,0.26,LAZER
2026-09-26 16:35:06,Atıcı 1,1. Sabit Mesafe Poligonu,100,2.24,0.314,LAZER
2026-09-26 16:35:11,Atıcı 1,KAGIT_1. Taktik ,7,10,176.31,MOUSE
2026-09-26 16:35:11,Atıcı 1,KAGIT_1. Taktik ,7,10,176.52,MOUSE
2026-09-26 16:35:15,Atıcı 1,KAGIT_1. Taktik ,10,10,181.09,LAZER
2026-09-26 16:35:16,Atıcı 1,KAGIT_1. Taktik ,10,10,182.14,LAZER
2026-09-26 16:35:17,Atıcı 1,KAGIT_1. Taktik ,10,10,182.88,LAZER
2026-09-26 16:35:18,Atıcı 1,KAGIT_1. Taktik ,10,10,183.53,LAZER
2026-09-26 16:35:21,Atıcı 1,KAGIT_1. Taktik ,4,10,187.04,PARMAK
2026-09-26 16:35:26,Atıcı 1,KAGIT_1. Taktik ,6,10,191.43,PARMAK
2026-09-26 16:35:31,Atıcı 1,KAGIT_1. Taktik ,9,10,196.29,PARMAK
2026-09-26 16:35:31,Atıcı 1,KAGIT_1. Taktik ,10,10,197.04,PARMAK
2026-09-26 16:35:33,Atıcı 1,KAGIT_1. Taktik ,10,10,198.37,PARMAK
2026-09-26 16:35:41,Atıcı 1,KAGIT_1. Taktik ,7,10,206.33,PARMAK
2026-09-26 16:35:41,Atıcı 1,KAGIT_1. Taktik ,6,10,206.71,PARMAK
2026-09-26 16:35:43,Atıcı 1,KAGIT_1. Taktik ,7,10,208.25,PARMAK
2026-09-26 16:35:43,Atıcı 1,KAGIT_1. Taktik ,3,10,208.89,PARMAK
2026-09-26 16:35:47,Atıcı 1,KAGIT_2. B27 Tak,5,10,1.49,PARMAK
2026-09-26 16:35:48,Atıcı 1,KAGIT_2. B27 Tak,5,10,1.86,PARMAK
2026-09-26 16:35:50,Atıcı 1,KAGIT_2. B27 Tak,8,10,3.64,PARMAK
2026-09-26 16:35:51,Atıcı 1,KAGIT_2. B27 Tak,9,10,4.88,PARMAK
2026-09-26 16:35:51,Atıcı 1,KAGIT_2. B27 Tak,9,10,5.26,PARMAK
2026-09-26 16:35:52,Atıcı 1,KAGIT_2. B27 Tak,9,10,5.64,PARMAK
2026-09-26 16:35:52,Atıcı 1,KAGIT_2. B27 Tak,9,10,6.03,PARMAK
2026-09-26 16:35:52,Atıcı 1,KAGIT_2. B27 Tak,8,10,6.42,PARMAK
2026-09-26 16:35:53,Atıcı 1,KAGIT_2. B27 Tak,8,10,6.81,PARMAK
2026-09-26 16:35:59,Atıcı 1,KAGIT_2. B27 Tak,10,10,12.91,LAZER
2026-09-26 16:35:59,Atıcı 1,KAGIT_2. B27 Tak,10,10,13.44,LAZER
2026-09-26 16:36:00,Atıcı 1,KAGIT_2. B27 Tak,10,10,13.95,LAZER
2026-09-26 16:36:00,Atıcı 1,KAGIT_2. B27 Tak,10,10,14.45,LAZER
2026-09-26 16:36:01,Atıcı 1,KAGIT_2. B27 Tak,10,10,14.83,LAZER
2026-09-26 16:36:01,Atıcı 1,KAGIT_2. B27 Tak,10,10,15.36,LAZER
2026-09-26 16:36:02,Atıcı 1,KAGIT_2. B27 Tak,9,10,15.88,LAZER
2026-09-26 16:36:02,Atıcı 1,KAGIT_2. B27 Tak,8,10,16.5,LAZER
2026-09-26 16:36:03,Atıcı 1,KAGIT_2. B27 Tak,8,10,17.39,LAZER
2026-09-26 16:36:05,Atıcı 1,KAGIT_2. B27 Tak,8,10,19.07,LAZER
2026-09-26 16:36:06,Atıcı 1,KAGIT_2. B27 Tak,8,10,19.57,LAZER
2026-09-26 16:36:06,Atıcı 1,KAGIT_2. B27 Tak,8,10,19.97,LAZER
2026-09-26 16:36:06,Atıcı 1,KAGIT_2. B27 Tak,8,10,20.35,LAZER
2026-09-26 16:36:07,Atıcı 1,KAGIT_2. B27 Tak,8,10,20.98,LAZER
2026-09-26 16:36:07,Atıcı 1,KAGIT_2. B27 Tak,8,10,21.36,LAZER
2026-09-26 16:36:13,Atıcı 1,KAGIT_4. Rehine ,-10,10,2.29,LAZER
2026-09-26 16:36:14,Atıcı 1,KAGIT_4. Rehine ,-10,10,3.19,LAZER
2026-09-26 16:36:15,Atıcı 1,KAGIT_4. Rehine ,9,10,3.85,LAZER
2026-09-26 16:36:15,Atıcı 1,KAGIT_4. Rehine ,9,10,4.24,LAZER
2026-09-26 16:36:15,Atıcı 1,KAGIT_4. Rehine ,8,10,4.64,LAZER
2026-09-26 16:36:16,Atıcı 1,KAGIT_4. Rehine ,8,10,5.0,LAZER
2026-09-26 16:36:16,Atıcı 1,KAGIT_4. Rehine ,8,10,5.75,LAZER
2026-09-26 16:36:17,Atıcı 1,KAGIT_4. Rehine ,0,10,6.16,LAZER
2026-09-26 16:36:18,Atıcı 1,KAGIT_4. Rehine ,0,10,6.9,LAZER
2026-09-26 16:36:18,Atıcı 1,KAGIT_4. Rehine ,0,10,7.28,LAZER
2026-09-26 16:36:19,Atıcı 1,KAGIT_4. Rehine ,0,10,7.91,LAZER
2026-09-26 16:36:23,Atıcı 1,KAGIT_4. Rehine ,0,10,12.76,PARMAK
2026-09-26 16:36:24,Atıcı 1,KAGIT_4. Rehine ,-10,10,13.15,PARMAK
2026-09-26 16:36:25,Atıcı 1,KAGIT_4. Rehine ,8,10,14.28,PARMAK
2026-09-26 16:36:26,Atıcı 1,KAGIT_4. Rehine ,7,10,15.81,PARMAK
2026-09-26 16:36:30,Atıcı 1,KAGIT_4. Rehine ,0,10,19.51,MOUSE
2026-09-26 16:36:32,Atıcı 1,KAGIT_4. Rehine ,9,10,21.13,PARMAK
2026-09-26 16:36:32,Atıcı 1,KAGIT_4. Rehine ,9,10,21.51,PARMAK
2026-09-26 16:36:33,Atıcı 1,KAGIT_4. Rehine ,9,10,21.91,PARMAK
2026-09-26 16:36:33,Atıcı 1,KAGIT_4. Rehine ,9,10,22.3,PARMAK
2026-09-26 16:36:33,Atıcı 1,KAGIT_4. Rehine ,10,10,22.68,PARMAK
2026-09-26 16:36:34,Atıcı 1,KAGIT_4. Rehine ,9,10,23.07,PARMAK
2026-09-26 16:36:34,Atıcı 1,KAGIT_4. Rehine ,9,10,23.45,PARMAK
2026-09-26 16:36:35,Atıcı 1,KAGIT_4. Rehine ,9,10,23.83,PARMAK
2026-09-26 16:36:35,Atıcı 1,KAGIT_4. Rehine ,10,10,24.22,PARMAK
2026-09-26 16:36:36,Atıcı 1,KAGIT_4. Rehine ,9,10,24.83,PARMAK
2026-09-26 16:36:46,Atıcı 1,1. Sabit Mesafe Poligonu,0,88.32,100.549,PARMAK
2026-09-26 16:37:01,Atıcı 1,1. Sabit Mesafe Poligonu,0,106.23,115.548,LAZER
2026-09-26 16:37:03,Atıcı 1,1. Sabit Mesafe Poligonu,0,50.04,117.617,LAZER
2026-09-26 16:37:04,Atıcı 1,1. Sabit Mesafe Poligonu,0,50.01,118.366,LAZER
2026-09-26 16:37:06,Atıcı 1,1. Sabit Mesafe Poligonu,0,156.2,120.062,LAZER
2026-09-26 16:37:09,Atıcı 1,1. Sabit Mesafe Poligonu,0,148.03,123.527,LAZER
2026-09-26 16:37:10,Atıcı 1,1. Sabit Mesafe Poligonu,0,143.06,123.886,LAZER
2026-09-26 16:37:11,Atıcı 1,1. Sabit Mesafe Poligonu,0,204.12,125.525,LAZER
2026-09-26 16:37:15,Atıcı 1,1. Sabit Mesafe Poligonu,0,285.25,128.977,LAZER
2026-09-26 16:37:15,Atıcı 1,1. Sabit Mesafe Poligonu,0,272.36,129.231,LAZER
2026-09-26 16:37:15,Atıcı 1,1. Sabit Mesafe Poligonu,0,259.62,129.598,LAZER
2026-09-26 16:37:27,Atıcı 1,1. Sabit Mesafe Poligonu,0,73.82,141.324,LAZER
2026-09-26 16:37:34,Atıcı 1,1. Sabit Mesafe Poligonu,0,148.57,148.058,PARMAK
2026-09-26 16:37:54,Atıcı 1,1. Sabit Mesafe Poligonu,0,140.0,168.233,PARMAK
2026-09-26 16:38:01,Ahmet Yılmaz,1. Sabit Mesafe Poligonu,0,136.49,175.586,PARMAK
2026-09-26 16:39:24,Ahmet Yılmaz,1. Sabit Mesafe Poligonu,0,72.62,258.627,PARMAK
2026-09-26 16:39:49,Ahmet Yılmaz,1. Sabit Mesafe Poligonu,0,113.85,282.796,PARMAK
2026-09-26 16:40:10,Ahmet Yılmaz,1. Sabit Mesafe Poligonu,0,127.24,304.001,PARMAK
2026-09-26 16:40:15,Ahmet Yılmaz,1. Sabit Mesafe Poligonu,0,122.2,309.395,PARMAK
2026-09-26 16:44:28,Ahmet Yılmaz,1. Sabit Mesafe Poligonu,50,36.12,562.311,PARMAK
2026-09-26 16:44:57,Ahmet Yılmaz,1. Sabit Mesafe Poligonu,0,210.72,29.13,PARMAK
2026-09-26 16:45:58,Ahmet Yılmaz,1. Sabit Mesafe Poligonu,0,185.6,89.479,PARMAK
2026-09-26 16:46:10,Ahmet Yılmaz,1. Sabit Mesafe Poligonu,0,254.08,101.72,PARMAK
2026-09-26 16:46:12,Ahmet Yılmaz,1. Sabit Mesafe Poligonu,0,47.76,103.52,PARMAK
2026-09-26 16:46:13,Ahmet Yılmaz,1. Sabit Mesafe Poligonu,0,54.41,105.157,PARMAK
2026-09-26 16:46:17,Ahmet Yılmaz,1. Sabit Mesafe Poligonu,0,120.42,108.556,PARMAK
2026-09-26 16:46:18,Ahmet Yılmaz,1. Sabit Mesafe Poligonu,0,278.44,110.179,PARMAK
2026-09-26 16:46:19,Ahmet Yılmaz,1. Sabit Mesafe Poligonu,0,298.6,111.132,PARMAK
2026-09-26 16:46:20,Ahmet Yılmaz,1. Sabit Mesafe Poligonu,0,348.77,111.566,PARMAK
2026-09-26 16:46:30,Ahmet Yılmaz,1. Sabit Mesafe Poligonu,0,133.12,121.54,PARMAK
2026-09-26 16:46:30,Ahmet Yılmaz,1. Sabit Mesafe Poligonu,0,206.17,122.213,PARMAK
2026-09-26 16:46:53,Ahmet Yılmaz,1. Sabit Mesafe Poligonu,0,234.3,145.122,PARMAK
2026-09-26 16:47:04,Ahmet Yılmaz,1. Sabit Mesafe Poligonu,0,211.25,155.848,PARMAK
2026-09-26 16:47:06,Ahmet Yılmaz,1. Sabit Mesafe Poligonu,0,162.0,157.855,PARMAK
2026-09-26 16:47:28,Ahmet Yılmaz,1. Sabit Mesafe Poligonu,0,167.73,180.145,PARMAK
2026-09-26 16:47:29,Ahmet Yılmaz,1. Sabit Mesafe Poligonu,0,122.15,180.567,PARMAK
2026-09-26 16:47:31,Ahmet Yılmaz,1. Sabit Mesafe Poligonu,0,102.08,183.148,PARMAK
2026-09-26 16:47:32,Ahmet Yılmaz,1. Sabit Mesafe Poligonu,0,123.17,184.153,PARMAK
2026-09-26 16:47:33,Ahmet Yılmaz,1. Sabit Mesafe Poligonu,0,129.63,184.642,PARMAK
2026-09-26 16:48:18,Ahmet Yılmaz,1. Sabit Mesafe Poligonu,0,180.38,229.813,PARMAK
2026-09-26 16:48:19,Ahmet Yılmaz,1. Sabit Mesafe Poligonu,0,136.34,230.371,PARMAK
2026-09-26 16:48:19,Ahmet Yılmaz,1. Sabit Mesafe Poligonu,0,146.24,230.954,PARMAK
2026-09-26 16:48:23,Ahmet Yılmaz,1. Sabit Mesafe Poligonu,0,166.11,234.388,PARMAK
2026-09-26 19:23:09,Atıcı 1,1. Sabit Mesafe Poligonu,0,208.49,38.962,PARMAK
2026-09-26 19:23:11,Atıcı 1,1. Sabit Mesafe Poligonu,0,240.26,41.092,PARMAK
2026-09-26 19:28:03,Atıcı 1,KAGIT_1. Taktik ,0,10,335.13,PARMAK
2026-09-26 19:44:34,Atıcı 1,TAKTIK_SIPER,0,15,46.94,MOUSE
2026-09-26 19:44:35,Atıcı 1,TAKTIK_SIPER,150,15,48.7,MOUSE
2026-09-26 21:17:06,Atıcı 1,1. Sabit Mesafe Poligonu,75,18.38,160.927,PARMAK
2026-09-26 21:17:12,Atıcı 1,1. Sabit Mesafe Poligonu,100,2.83,6.374,PARMAK
2026-09-26 21:17:12,Atıcı 1,1. Sabit Mesafe Poligonu,50,24.7,0.424,PARMAK
2026-09-26 21:17:15,Atıcı 1,1. Sabit Mesafe Poligonu,50,32.8,2.326,PARMAK
2026-09-26 21:17:15,Atıcı 1,1. Sabit Mesafe Poligonu,75,13.0,0.38,PARMAK
2026-10-01 01:26:25,Atıcı 1,1. Sabit Mesafe Poligonu,50,27.66,15.675,PARMAK
2026-10-01 01:26:25,Atıcı 1,1. Sabit Mesafe Poligonu,100,5.83,0.413,PARMAK
2026-10-01 01:26:26,Atıcı 1,1. Sabit Mesafe Poligonu,75,19.42,0.876,PARMAK
2026-10-01 01:26:27,Atıcı 1,1. Sabit Mesafe Poligonu,75,15.13,0.439,PARMAK
2026-10-01 01:26:28,Atıcı 1,1. Sabit Mesafe Poligonu,100,4.24,1.065,PARMAK
2026-10-01 01:26:28,Atıcı 1,1. Sabit Mesafe Poligonu,100,8.54,0.431,PARMAK
2026-10-01 01:26:29,Atıcı 1,1. Sabit Mesafe Poligonu,100,1.41,0.387,PARMAK
2026-10-01 01:26:29,Atıcı 1,1. Sabit Mesafe Poligonu,100,6.08,0.432,PARMAK
2026-10-01 01:26:30,Atıcı 1,1. Sabit Mesafe Poligonu,75,17.8,0.447,PARMAK
2026-10-01 01:26:30,Atıcı 1,1. Sabit Mesafe Poligonu,75,16.4,0.367,PARMAK
2026-10-01 01:26:31,Atıcı 1,1. Sabit Mesafe Poligonu,75,14.76,1.376,PARMAK
2026-10-01 01:26:32,Atıcı 1,1. Sabit Mesafe Poligonu,75,13.45,0.386,PARMAK
2026-10-01 01:26:32,Atıcı 1,1. Sabit Mesafe Poligonu,75,9.22,0.366,PARMAK
2026-10-01 01:26:32,Atıcı 1,1. Sabit Mesafe Poligonu,50,25.02,0.389,PARMAK
2026-10-01 01:26:33,Atıcı 1,1. Sabit Mesafe Poligonu,50,32.31,0.557,PARMAK
2026-10-01 01:26:34,Atıcı 1,1. Sabit Mesafe Poligonu,75,22.36,1.007,PARMAK
2026-10-01 01:26:35,Atıcı 1,1. Sabit Mesafe Poligonu,0,85.63,0.817,PARMAK
2026-10-01 01:26:35,Atıcı 1,1. Sabit Mesafe Poligonu,0,56.6,1.188,PARMAK
2026-10-01 01:26:39,Atıcı 1,2. Sağa-Sola Hareket Eden Hedef,0,77.08,1.377,PARMAK
2026-10-01 01:26:40,Atıcı 1,2. Sağa-Sola Hareket Eden Hedef,62,21.22,2.082,PARMAK
2026-10-01 01:26:41,Atıcı 1,2. Sağa-Sola Hareket Eden Hedef,0,78.37,1.055,PARMAK
2026-10-01 01:26:42,Atıcı 1,2. Sağa-Sola Hareket Eden Hedef,93,17.2,2.137,PARMAK
2026-10-01 01:26:44,Atıcı 1,2. Sağa-Sola Hareket Eden Hedef,93,14.08,2.305,PARMAK
2026-10-01 01:26:45,Atıcı 1,2. Sağa-Sola Hareket Eden Hedef,0,134.63,0.379,PARMAK
2026-10-01 01:26:45,Atıcı 1,2. Sağa-Sola Hareket Eden Hedef,93,19.53,1.198,PARMAK
2026-10-01 01:26:46,Atıcı 1,2. Sağa-Sola Hareket Eden Hedef,0,183.1,0.749,PARMAK
2026-10-01 01:26:48,Atıcı 1,2. Sağa-Sola Hareket Eden Hedef,31,32.24,2.058,PARMAK
2026-10-01 01:26:51,Atıcı 1,2. Sağa-Sola Hareket Eden Hedef,93,8.06,3.156,PARMAK
2026-10-01 01:26:53,Atıcı 1,2. Sağa-Sola Hareket Eden Hedef,0,200.82,2.377,PARMAK
2026-10-01 01:26:53,Atıcı 1,2. Sağa-Sola Hareket Eden Hedef,0,199.42,2.745,PARMAK
2026-10-01 01:26:55,Atıcı 1,2. Sağa-Sola Hareket Eden Hedef,93,9.01,4.317,PARMAK
2026-10-01 01:26:56,Atıcı 1,2. Sağa-Sola Hareket Eden Hedef,0,137.54,0.638,PARMAK
2026-10-01 01:26:57,Atıcı 1,2. Sağa-Sola Hareket Eden Hedef,125,7.07,2.019,PARMAK
2026-10-01 01:27:00,Atıcı 1,2. Sağa-Sola Hareket Eden Hedef,62,26.18,2.819,PARMAK
2026-10-01 01:27:00,Atıcı 1,2. Sağa-Sola Hareket Eden Hedef,0,458.72,0.443,PARMAK
2026-10-01 01:27:01,Atıcı 1,2. Sağa-Sola Hareket Eden Hedef,0,310.49,0.81,PARMAK
2026-10-01 01:27:05,Atıcı 1,6. Düşen Çelik Plakalar (Plate Rack),0,43.66,1.401,PARMAK
2026-10-01 01:27:07,Atıcı 1,6. Düşen Çelik Plakalar (Plate Rack),25,22.56,2.733,PARMAK
2026-10-01 01:27:11,Atıcı 1,6. Düşen Çelik Plakalar (Plate Rack),0,26.87,6.682,PARMAK
2026-10-01 01:27:12,Atıcı 1,6. Düşen Çelik Plakalar (Plate Rack),50,17.69,7.673,PARMAK
2026-10-01 01:27:17,Atıcı 1,6. Düşen Çelik Plakalar (Plate Rack),25,25.5,12.697,PARMAK
2026-10-01 01:27:19,Atıcı 1,6. Düşen Çelik Plakalar (Plate Rack),0,161.64,14.89,PARMAK
2026-10-01 01:27:19,Atıcı 1,6. Düşen Çelik Plakalar (Plate Rack),0,121.17,15.271,PARMAK
2026-10-01 01:27:21,Atıcı 1,6. Düşen Çelik Plakalar (Plate Rack),25,23.02,17.095,PARMAK
2026-10-01 01:27:22,Atıcı 1,6. Düşen Çelik Plakalar (Plate Rack),0,91.2,17.593,PARMAK
2026-10-01 01:27:22,Atıcı 1,6. Düşen Çelik Plakalar (Plate Rack),0,50.33,18.345,PARMAK
2026-10-01 01:27:25,Atıcı 1,6. Düşen Çelik Plakalar (Plate Rack),0,30.02,21.097,PARMAK
2026-10-01 01:27:25,Atıcı 1,6. Düşen Çelik Plakalar (Plate Rack),25,23.02,21.479,PARMAK
2026-10-01 01:27:26,Atıcı 1,6. Düşen Çelik Plakalar (Plate Rack),0,391.57,22.045,PARMAK
2026-10-01 01:27:30,Atıcı 1,7. Gece Görüş & Taktik Fener,37,28.16,2.552,PARMAK
2026-10-01 01:27:31,Atıcı 1,7. Gece Görüş & Taktik Fener,37,27.51,1.033,PARMAK
2026-10-01 01:27:38,Atıcı 1,7. Gece Görüş & Taktik Fener,150,5.66,6.357,PARMAK
2026-10-01 01:27:39,Atıcı 1,7. Gece Görüş & Taktik Fener,37,30.23,0.949,PARMAK
2026-10-01 01:27:52,Atıcı 1,KAGIT_1. Taktik ,7,10,104.23,FPS_SERBEST
2026-10-01 01:27:53,Atıcı 1,KAGIT_1. Taktik ,9,10,105.62,FPS_ZOOM
2026-10-01 01:28:02,Atıcı 1,KAGIT_1. Taktik ,10,10,114.09,PARMAK
2026-10-01 01:28:02,Atıcı 1,KAGIT_1. Taktik ,10,10,114.49,PARMAK
2026-10-01 01:28:03,Atıcı 1,KAGIT_1. Taktik ,10,10,115.36,PARMAK
2026-10-01 01:28:05,Atıcı 1,KAGIT_1. Taktik ,10,10,117.87,PARMAK
2026-10-01 01:28:08,Atıcı 1,KAGIT_1. Taktik ,10,10,119.89,PARMAK
2026-10-01 01:28:12,Atıcı 1,KAGIT_1. Taktik ,9,10,124.47,PARMAK
2026-10-01 01:28:16,Atıcı 1,KAGIT_1. Taktik ,9,10,128.29,PARMAK
2026-10-01 01:28:18,Atıcı 1,KAGIT_1. Taktik ,9,10,130.5,PARMAK
2026-10-01 01:28:20,Atıcı 1,KAGIT_1. Taktik ,8,10,132.55,PARMAK
2026-10-01 01:28:23,Atıcı 1,KAGIT_1. Taktik ,4,10,134.98,PARMAK
